listing_id,model,year,price,transmission,mileage,fuelType,tax,mpg,engineSize,color,doors,car_age,price_per_mile,is_luxury_model,mileage_per_year
BMW100000,4 Series,2006,7114.12,Automatic,213994.0,Diesel,145.0,37.7,2.5,Red,4,18,0.033244483490191316,False,11888.555555555555
BMW100001,3 Series,2018,31369.52,Manual,64151.0,Hybrid,205.0,31.0,2.5,Green,4,6,0.4889950273573288,False,10691.833333333334
BMW100002,M2,2015,41810.79,Manual,112178.0,Diesel,30.0,41.8,2.0,Black,4,9,0.37271826917934,True,12464.222222222223
BMW100003,3 Series,2018,28074.49,Manual,68162.0,Diesel,30.0,52.2,1.5,Silver,3,6,0.41187890613538336,False,11360.333333333334
BMW100004,3 Series,2007,13480.2,Automatic,206550.0,Diesel,30.0,28.3,3.5,Red,3,17,0.0652636165577342,False,12150.0
BMW100005,Z4,2007,11146.87,Manual,205930.0,Petrol,145.0,37.6,1.5,Silver,5,17,0.0541294129072986,False,12113.529411764706
BMW100006,2 Series,2009,16440.63,Automatic,181476.0,DIESEL,125.0,47.6,2.0,Grey,5,15,0.09059396283806123,False,12098.4
BMW100007,X2,2011,14698.83,Manual,158298.0,Petrol,20.0,35.0,1.5,White,2,13,0.09285543721335708,False,12176.76923076923
BMW100008, 2 Series ,2006,9412.83,Automatic,218864.0,Diesel,145.0,63.4,,Grey,5,18,0.04300766686161269,False,12159.111111111111
BMW100009,X1,2021,48130.0,Automatic,40894.0,Electric,145.0,48.3,1.6,Grey,5,3,1.1769452731452046,False,13631.333333333334
BMW100010,4 Series,2019,34103.04,Semi-Auto,58935.0,DIESEL,145.0,44.7,2.5,,5,5,0.578655128531433,False,11787.0
BMW100011,2 Series,2007,18982.57,Manual,182022.0,Diesel,125.0,41.7,,Blue,4,17,0.10428722901627276,False,10707.176470588236
BMW100012,i3,2020,36306.19,Automatic,44444.0,Hybrid,30.0,38.1,2.0,Red,4,4,0.8168974439744398,False,11111.0
BMW100013,M4,2023,65033.91,Manual,15053.0,Diesel,0.0,,2.0,White,4,1,4.320328838105361,True,15053.0
BMW100014,6 Series,2014,29277.56,Automatic,114078.0,Petrol,,,3.0,Red,5,10,0.25664510247374606,False,11407.8
BMW100015,X4,2006,11389.1,manual,219278.0,Diesel,30.0,38.7,3.0,White,5,18,0.05193909101688268,False,12182.111111111111
BMW100016,X5,2007,17961.0,Semi-Auto,212079.0,Diesel,150.0,,1.6,Blue,4,17,0.08469013905195705,True,12475.235294117647
BMW100017,5 Series,2016,25560.99,Manual,96803.0,Diesel,0.0,39.4,2.0,Grey,5,8,0.2640516306312821,False,12100.375
BMW100018,X5,2021,60605.18,Automatic,28040.0,Petrol,145.0,40.4,2.0,Grey,5,3,2.16138302425107,True,9346.666666666666
BMW100019,M5,2013,38111.67,Semi-Auto,136476.0,Petrol,30.0,28.0,2.0,Black,4,11,0.27925547348984436,True,12406.90909090909
BMW100020,1 Series,2008,13378.98,Semi-Auto,176224.0,Diesel,125.0,40.4,1.5,Silver,4,16,0.07592030597421463,False,11014.0
BMW100021,1 Series,2017,36042.51,Automatic,82855.0,Diesel,125.0,24.9,4.4,White,4,7,0.43500706052742744,False,11836.42857142857
BMW100022,5 Series,2014,22109.31,Manual,114653.0,Diesel,145.0,44.2,1.6,Grey,3,10,0.19283673344788188,False,11465.3
BMW100023,3 Series,2009,9435.17,Semi-Auto,180581.0,Diesel,125.0,42.1,1.5,White,4,15,0.0522489630692044,False,12038.733333333334
BMW100024,X1,2022,43752.67,Manual,28228.0,Diesel,0.0,31.9,3.0,Green,4,2,1.5499741391526143,False,14114.0
BMW100025,3 Series,2011,18524.23,Manual,159367.0,Diesel,145.0,50.4,1.6,Red,5,13,0.11623629735139646,False,12259.0
BMW100026,2 Series,2023,45998.06,Automatic,15652.0,Petrol,145.0,31.3,3.0,Silver,5,1,2.938797597751086,False,15652.0
BMW100027,4 Series,2015,20181.78,Automatic,107945.0,Petrol,30.0,43.1,1.5,Red,3,9,0.1869635462504053,False,11993.888888888889
BMW100028,5 Series,2018,35977.47,Automatic,58953.0,Diesel,145.0,0.0,2.5,Grey,3,6,0.6102737774159076,False,9825.5
BMW100029,1 Series,2020,32326.58,Manual,,Diesel,125.0,38.5,2.0,Blue,5,4,,False,
BMW100030,3 Series,2010,15456.02,Automatic,167266.0,Hybrid,20.0,23.8,1.5,,5,14,0.09240383580644004,False,11947.57142857143
BMW100031,5 Series,2007,9542.34,Automatic,202409.0,Diesel,150.0,33.8,2.0,Grey,2,17,0.04714385229905785,False,11906.411764705883
BMW100032,3 Series,2012,24147.81,Semi-Auto,142021.0,Petrol,150.0,36.0,3.0,Black,5,12,0.170029854739792,False,11835.083333333334
BMW100033,X1,2009,16419.98,Semi-Auto,184351.0,Diesel,150.0,31.0,3.5,Black,4,15,0.08906911272518185,False,12290.066666666668
BMW100034,X3,2008,16692.14,Manual,195118.0,Diesel,30.0,17.8,3.0,Black,2,16,0.08554894986623479,False,12194.875
BMW100035,X1,2019,34020.69,Manual,64452.0,Petrol,,29.2,2.5,Blue,4,5,0.5278453733010613,False,12890.4
BMW100036,X1,2015,23815.24,Automatic,123763.0,Petrol,125.0,31.2,2.5,Black,4,9,0.19242616937210638,False,13751.444444444445
BMW100037,1 Series,2013,28033.66,Automatic,141270.0,Hybrid,125.0,17.7,4.4,White,4,11,0.19844029164012175,False,12842.727272727272
BMW100038,1 Series,2011,17398.61,MANUAL,145022.0,Petrol,30.0,39.6,2.0,,5,13,0.11997221111279668,False,11155.538461538461
BMW100039,X1,2017,28956.91,Semi-Auto,93819.0,Petrol,205.0,46.0,1.5,Grey,4,7,0.30864654281115766,False,13402.714285714286
BMW100040,7 Series,2014,41744.1,Manual,113107.0,Diesel,125.0,41.4,2.5,Green,4,10,0.369067343312085,True,11310.7
BMW100041,3 Series,2011,20460.64,Semi-Auto,152388.0,Petrol,125.0,46.6,3.0,Grey,4,13,0.13426674016326745,False,11722.153846153846
BMW100042,2 Series,2022,37052.56,Semi-Auto,48815.0,Petrol,,42.9,2.0,Blue,5,2,0.7590404588753457,False,24407.5
BMW100043,7 Series,2008,27237.61,Semi-Auto,209537.0,Diesel,125.0,15.7,3.0,Green,2,16,0.1299895006609811,True,13096.0625
BMW100044,5 Series,2007,12093.08,Automatic,214465.0,Petrol,125.0,27.8,3.5,White,4,17,0.05638719604597487,False,12615.588235294117
BMW100045,3 Series,2017,27584.47,Semi-Auto,82089.0,Diesel,125.0,41.4,2.0,White,3,7,0.33603125875574075,False,11727.0
BMW100046,X5,2016,40241.24,Manual,103360.0,Petrol,30.0,41.7,2.0,Red,2,8,0.38933088235294117,True,12920.0
BMW100047,3 Series,2022,36759.79,Manual,33019.0,Diesel,150.0,37.1,1.5,Red,4,2,1.1132920439746812,False,16509.5
BMW100048,5 Series,2018,44570.24,Automatic,70148.0,Electric,0.0,50.6,2.0,Black,4,6,0.6353743513713862,False,11691.333333333334
BMW100049,X3,2014,28355.47,Automatic,105366.0,Petrol,30.0,21.6,2.5,Green,4,10,0.26911404058235106,False,10536.6
BMW100050,2 Series,2014,25044.6,Automatic,124152.0,Petrol,125.0,54.7,1.5,Silver,3,10,0.2017253044654939,False,12415.2
BMW100051,Z4,2016,26075.17,Semi-Auto,97686.0,petrol,150.0,15.0,2.0,Black,3,8,0.2669284237249964,False,12210.75
BMW100052,5 Series,2012,18442.61,Automatic,123102.0,Hybrid,150.0,32.9,2.0,Grey,4,12,0.1498156813049341,False,10258.5
BMW100053,5 Series,2008,6223.48,Semi-Auto,200456.0,Diesel,145.0,40.9,2.5,Blue,4,16,0.031046613720716765,False,12528.5
BMW100054,X3,2008,13777.24,Manual,202795.0,  Diesel  ,145.0,0.0,3.0,,4,16,0.06793678345126852,False,12674.6875
BMW100055,5 Series,2020,40454.17,Automatic,64206.0,Diesel,205.0,36.7,3.5,White,3,4,0.6300683736722424,False,16051.5
BMW100056,1 Series,2009,,Semi-Auto,175871.0,Petrol,205.0,40.7,2.0,Grey,4,15,,False,11724.733333333334
BMW100057,6 Series,2012,21333.97,Manual,147586.0,Petrol,235.0,39.5,2.0,Grey,4,12,0.14455280311140623,False,12298.833333333334
BMW100058,7 Series,2008,,Automatic,201319.0,Petrol,150.0,37.3,1.5,Green,4,16,,True,12582.4375
BMW100059,Z4,2006,4897.41,Semi-Auto,214047.0,Petrol,125.0,29.7,1.5,Black,5,18,0.02288006839619336,False,11891.5
BMW100060,X1,2019,28708.48,Automatic,83969.0,Petrol,125.0,41.9,2.0,,4,5,0.34189379413831295,False,16793.8
BMW100061,3 Series,2016,27268.18,Automatic,92865.0,Petrol,30.0,30.8,2.0,Blue,4,8,0.2936324772519248,False,11608.125
BMW100062,3 Series,2013,25762.49,Automatic,142428.0,Diesel,205.0,20.4,3.5,Grey,4,11,0.1808807959109164,False,12948.0
BMW100063,X3,2005,2011.66,Automatic,226079.0,Diesel,0.0,53.2,1.5,Grey,4,19,0.008898040065640772,False,11898.894736842105
BMW100064,6 Series,2005,4758.61,  Semi-Auto  ,228391.0,Petrol,150.0,32.2,2.0,Grey,5,19,0.020835365666773208,False,12020.578947368422
BMW100065,3 Series,2011,21619.52,Automatic,169105.0,Diesel,205.0,29.3,3.0,Blue,4,13,0.12784672245054848,False,13008.076923076924
BMW100066,1 Series,2013,23498.86,Automatic,124442.0,Petrol,125.0,29.3,2.0,Silver,4,11,0.18883383423602965,False,11312.90909090909
BMW100067,X3,2016,31923.98,Semi-Auto,88369.0,Petrol,20.0,37.6,2.5,Red,5,8,0.3612576808609354,False,11046.125
BMW100068,5 Series,2016,24792.94,Semi-Auto,106471.0,Diesel,235.0,37.7,1.5,Silver,3,8,0.23286096683603985,False,13308.875
BMW100069,3 Series,2018,28402.13,Semi-Auto,64248.0,Diesel,150.0,37.8,1.6,Green,2,6,0.442070258996389,False,10708.0
BMW100070,3 Series,2020,33204.58,Automatic,49206.0,Diesel,0.0,36.4,1.5,White,3,4,0.6748075437954721,False,12301.5
BMW100071,1 Series,2011,16002.38,Automatic,160903.0,Hybrid,125.0,45.1,2.0,Black,5,13,0.09945358383622431,False,12377.153846153846
BMW100072,X3,2005,7626.64,Automatic,224350.0,Hybrid,20.0,31.5,2.5,Blue,4,19,0.033994383775351016,False,11807.894736842105
BMW100073,3 Series,2018,33799.37,Automatic,69905.0,Diesel,150.0,24.2,3.0,White,4,6,0.4835043273013376,False,11650.833333333334
BMW100074,4 Series,2022,44005.53,automatic,24148.0,Diesel,125.0,46.2,2.0,Green,3,2,1.8223260725525923,False,12074.0
BMW100075,6 Series,2011,24604.47,Semi-Auto,161925.0,  Diesel  ,125.0,29.6,3.5,Black,2,13,0.15194979157017138,False,12455.76923076923
BMW100076,2 Series,2010,16405.59,Automatic,176730.0,Petrol,0.0,50.6,2.0,Green,2,14,0.09282855202851809,False,12623.57142857143
BMW100077,1 Series,2013,22815.29,Semi-Auto,121890.0,Petrol,30.0,33.3,2.5,Green,4,11,0.1871793420296989,False,11080.90909090909
BMW100078,X1,2014,20954.31,Manual,136165.0,Petrol,145.0,19.6,3.0,Grey,5,10,0.15388910512980575,False,13616.5
BMW100079,X1,2018,30216.95,Manual,76360.0,diesel,30.0,24.8,2.0,Black,4,6,0.3957169984284966,False,12726.666666666666
BMW100080,X5,2010,32660.34,Semi-Auto,174556.0,Petrol,20.0,34.4,2.5,Grey,4,14,0.1871052269758702,True,12468.285714285714
BMW100081,5 Series,2013,20553.12,Automatic,137690.0,Diesel,125.0,38.2,2.0,Grey,5,11,0.14927097102186068,False,12517.272727272728
BMW100082,X2,2014,19895.48,Semi-Auto,115989.0,Diesel,125.0,34.1,1.5,White,5,10,0.17152902430402883,False,11598.9
BMW100083,6 Series,2014,22232.56,Automatic,124638.0,Petrol,150.0,,2.0,Black,5,10,0.17837705996566056,False,12463.8
BMW100084,X1,2022,37716.05,Automatic,16312.0,Diesel,30.0,,1.5,Black,5,2,2.312165890142227,False,8156.0
BMW100085,1 Series,2021,38455.28,Manual,37671.0,Hybrid,205.0,39.9,3.0,Green,3,3,1.0208191977914045,False,12557.0
BMW100086,X5,2021,64734.93,Manual,31435.0,Petrol,125.0,30.3,3.0,Silver,2,3,2.059326546842691,True,10478.333333333334
BMW100087,5 Series,2010,14438.76,MANUAL,165615.0,Diesel,205.0,23.1,1.5,Red,4,14,0.08718268272801377,False,11829.642857142857
BMW100088,i3,2006,5262.77,Automatic,226970.0,Petrol,205.0,39.5,2.5,Blue,4,18,0.02318707318147773,False,12609.444444444445
BMW100089,X5,2012,28984.72,Manual,141301.0,Diesel,235.0,,1.5,Red,3,12,0.20512749378985287,True,11775.083333333334
BMW100090,2 Series,2007,9281.53,Semi-Auto,215574.0,Diesel,30.0,37.2,2.0,Black,5,17,0.0430549602456697,False,12680.823529411764
BMW100091,i3,2017,27785.25,Manual,75788.0,Petrol,125.0,26.8,2.0,Black,4,7,0.3666180661846203,False,10826.857142857143
BMW100092,X1,2011,17826.42,Semi-Auto,161488.0,Hybrid,0.0,35.0,2.0,Silver,5,13,0.11038851183988903,False,12422.153846153846
BMW100093,i3,2016,28297.08,Automatic,102035.0,Diesel,150.0,47.3,1.6,Grey,4,8,0.2773271916499241,False,12754.375
BMW100094,2 Series,2008,18065.86,Automatic,181257.0,Petrol,125.0,27.7,3.5,White,3,16,0.09966986102605693,False,11328.5625
BMW100095,5 Series,2005,8704.95,Automatic,235574.0,Petrol,145.0,26.0,3.5,Black,5,19,0.036952082997274746,False,12398.631578947368
BMW100096,3 Series,2019,33179.51,automatic,61293.0,Hybrid,125.0,33.3,2.0,Black,5,5,0.5413262525900184,False,12258.6
BMW100097,5 Series,2006,14572.22,automatic,207167.0,Petrol,125.0,25.9,4.4,Black,4,18,0.07034044997514083,False,11509.277777777777
BMW100098,X3,2007,14395.16,Manual,197732.0,Petrol,30.0,34.1,2.5,Red,4,17,0.07280136750753545,False,11631.29411764706
BMW100099,M5,2022,63299.72,Semi-Auto,46375.0,Diesel,150.0,41.9,2.0,White,5,2,1.3649535309973047,True,23187.5
BMW100100,5 Series,2006,7625.91,Manual,208708.0,Petrol,145.0,52.9,2.0,Black,5,18,0.036538656879467966,False,11594.888888888889
BMW100101,1 Series,2016,30955.78,MANUAL,116748.0,Diesel,150.0,37.0,2.5,Green,2,8,0.2651504094288553,False,14593.5
BMW100102,X5,2020,64329.11,semi-auto,59939.0,Petrol,145.0,29.0,3.5,Grey,4,4,1.0732429636797411,True,14984.75
BMW100103,3 Series,2012,18059.25,Semi-Auto,151815.0,Hybrid,150.0,46.9,2.0,Blue,4,12,0.11895563679478312,False,12651.25
BMW100104,8 Series,2006,15811.36,Automatic,210790.0,Petrol,30.0,58.6,2.0,Silver,5,18,0.07501000996252194,True,11710.555555555555
BMW100105,X5,2008,22571.97,Automatic,192911.0,Petrol,125.0,44.1,1.5,Silver,4,16,0.11700716910907102,True,12056.9375
BMW100106,M4,2007,15614.61,Manual,210017.0,Diesel,20.0,41.9,1.5,Black,2,17,0.0743492669641029,True,12353.941176470587
BMW100107,3 Series,2019,28487.28,Semi-Auto,61039.0,Diesel,20.0,41.2,1.5,Black,4,5,0.4667062042300824,False,12207.8
BMW100108, 3 Series ,2022,38635.28,Semi-Auto,35482.0,Diesel,20.0,,2.0,White,4,2,1.0888698495011555,False,17741.0
BMW100109,4 Series,2023,55087.61,Automatic,7057.0,Electric,145.0,27.1,2.5,Black,4,1,7.806094657786595,False,7057.0
BMW100110,1 Series,2017,28817.19,Semi-Auto,89805.0,Petrol,30.0,52.4,1.6,White,3,7,0.3208862535493569,False,12829.285714285714
BMW100111,4 Series,2005,6403.45,Automatic,225262.0,Petrol,0.0,40.7,2.0,Grey,4,19,0.028426676492262343,False,11855.894736842105
BMW100112,4 Series,2023,40488.83,Manual,11428.0,Diesel,150.0,,2.0,Grey,5,1,3.5429497724886247,False,11428.0
BMW100113,X1,2010,13598.09,Manual,165218.0,Petrol,125.0,35.7,,Black,5,14,0.08230392572237892,False,11801.285714285714
BMW100114,5 Series,2015,32156.07,  Semi-Auto  ,105857.0,Petrol,150.0,19.6,4.4,Red,5,9,0.3037689524547267,False,11761.888888888889
BMW100115,3 Series,2014,20062.08,Semi-Auto,114581.0,Diesel,125.0,50.1,1.6,Grey,4,10,0.17509080912193123,False,11458.1
BMW100116,1 Series,2018,44687.32,Manual,66290.0,Electric,150.0,37.9,2.0,Red,4,6,0.6741185699200483,False,11048.333333333334
BMW100117,3 Series,2007,8067.88,Automatic,200282.0,Petrol,150.0,45.6,1.5,,4,17,0.04028260153184011,False,11781.29411764706
BMW100118,2 Series,2015,22100.12,Automatic,108398.0,Petrol,150.0,38.7,1.5,Black,2,9,0.20387940736913965,False,12044.222222222223
BMW100119,1 Series,2015,26585.89,Automatic,117015.0,Diesel,145.0,31.1,2.0,Grey,4,9,0.2272007007648592,False,13001.666666666666
BMW100120,X2,2014,24259.63,automatic,127824.0,Diesel,150.0,46.1,3.0,Green,3,10,0.18978931968957316,False,12782.4
BMW100121,Z4,2009,18921.08,Automatic,182184.0,Diesel,150.0,15.0,3.0,Grey,5,15,0.10385697975672947,False,12145.6
BMW100122,3 Series,2017,29854.06,Manual,78818.0,  Diesel  ,0.0,31.5,2.0,Grey,4,7,0.3787721078941359,False,11259.714285714286
BMW100123,X3,2018,30452.22,Semi-Auto,73986.0,Diesel,0.0,24.5,3.5,Black,3,6,0.4115943556889141,False,12331.0
BMW100124,5 Series,2017,23527.91,Manual,95563.0,Diesel,145.0,48.1,1.6,Black,3,7,0.24620313301173047,False,13651.857142857143
BMW100125,7 Series,2012,37843.94,Manual,152631.0,Petrol,205.0,43.7,3.5,White,5,12,0.24794399564963868,True,12719.25
BMW100126,M5,2008,30193.97,Semi-Auto,183521.0,Diesel,30.0,15.8,3.5,Red,4,16,0.16452596705554134,True,11470.0625
BMW100127,X5,2005,10692.85,Automatic,221656.0,Petrol,145.0,41.8,1.5,Grey,5,19,0.04824074241166492,True,11666.105263157895
BMW100128,3 Series,2015,28804.56,Semi-Auto,96334.0,Petrol,205.0,41.1,3.5,Red,2,9,0.2990072041023938,False,10703.777777777777
BMW100129,3 Series,2005,6785.91,Automatic,225260.0,Diesel,20.0,28.1,2.5,Green,5,19,0.030124789132557932,False,11855.78947368421
BMW100130,X5,2021,61181.34,Semi-Auto,13326.0,Diesel,145.0,26.3,2.5,Blue,4,3,4.5911256190905,True,4442.0
BMW100131,4 Series,2010,14715.32,Manual,155175.0,Petrol,125.0,35.4,1.5,Black,2,14,0.09483048171419366,False,11083.92857142857
BMW100132,1 Series,2021,38089.12,Semi-Auto,26438.0,Diesel,145.0,35.6,2.5,Red,4,3,1.4406959679249567,False,8812.666666666666
BMW100133,1 Series,2019,30047.71,Semi-Auto,65659.0,Petrol,145.0,22.3,1.6,Black,5,5,0.45763276930809177,False,13131.8
BMW100134,4 Series,2008,17442.66,Automatic,190826.0,Diesel,,35.0,3.5,Grey,4,16,0.09140609770157107,False,11926.625
BMW100135,5 Series,2015,30529.21,Manual,94954.0,Diesel,125.0,43.2,2.5,Blue,4,9,0.3215157865914021,False,10550.444444444445
BMW100136,3 Series,2010,12254.71,Automatic,164802.0,Diesel,150.0,23.5,1.5,,5,14,0.07436020193929685,False,11771.57142857143
BMW100137,2 Series,2013,21759.35,Manual,130045.0,Petrol,125.0,50.5,1.6,Blue,4,11,0.16732169633588373,False,11822.272727272728
BMW100138,M3,2015,45386.19,Manual,115966.0,Petrol,150.0,26.5,2.5,Red,4,9,0.3913749719745443,True,12885.111111111111
BMW100139,5 Series,2017,,Manual,86711.0,Hybrid,145.0,19.5,2.0,Blue,4,7,,False,12387.285714285714
BMW100140,X3,2023,41671.81,Semi-Auto,4496.0,Diesel,,31.9,3.0,Grey,4,1,9.268641014234875,False,4496.0
BMW100141,X4,2010,14708.71,Semi-Auto,174773.0,Petrol,125.0,39.2,1.6,Grey,5,14,0.08415893759333536,False,12483.785714285714
BMW100142,X1,2021,39963.23,Automatic,,Diesel,125.0,35.2,,Red,5,3,,False,
BMW100143,1 Series,2020,36348.27,Automatic,44379.0,Hybrid,20.0,51.4,,Grey,4,4,0.8190421145136212,False,11094.75
BMW100144,X5,2011,29942.98,  Semi-Auto  ,147826.0,Diesel,150.0,48.9,1.6,Blue,4,13,0.20255557209151298,True,11371.23076923077
BMW100145,3 Series,2015,29945.18,Manual,99973.0,Petrol,150.0,37.3,2.5,Green,4,9,0.29953267382193194,False,11108.111111111111
BMW100146,X5,2019,59783.39,Automatic,58583.0,Petrol,125.0,32.2,3.0,Silver,2,5,1.0204904153081953,True,11716.6
BMW100147,2 Series,2009,13497.5,Manual,184951.0,Petrol,,40.7,3.0,Green,5,15,0.07297878897653973,False,12330.066666666668
BMW100148,6 Series,2017,33805.52,Semi-Auto,87952.0,Hybrid,145.0,38.3,3.0,Green,4,7,0.38436328906676365,False,12564.57142857143
BMW100149,X3,2009,17433.53,Semi-Auto,167868.0,Hybrid,20.0,,2.5,Green,5,15,0.1038526103843496,False,11191.2
BMW100150,7 Series,2022,69410.08,Automatic,21564.0,Diesel,145.0,51.7,3.0,Green,2,2,3.2187942867742536,True,10782.0
BMW100151,5 Series,2007,4646.93,Manual,219607.0,Petrol,125.0,39.4,2.0,Grey,3,17,0.021160208918659242,False,12918.058823529413
BMW100152,4 Series,2012,19230.4,Automatic,151346.0,Petrol,125.0,41.4,2.5,Red,4,12,0.12706249256670146,False,12612.166666666666
BMW100153,4 Series,2016,28705.91,Semi-Auto,110667.0,Petrol,145.0,23.0,3.5,Silver,5,8,0.25938997171695266,False,13833.375
BMW100154,6 Series,2006,6964.14,Semi-Auto,224125.0,Petrol,150.0,37.8,3.0,Red,5,18,0.031072571109871727,False,12451.388888888889
BMW100155,5 Series,2017,31901.04,Semi-Auto,89041.0,Petrol,125.0,34.5,2.0,Grey,3,7,0.35827360429465077,False,12720.142857142857
BMW100156,1 Series,2017,26671.3,Automatic,84868.0,Petrol,,31.7,,Silver,5,7,0.31426803977942214,False,12124.0
BMW100157,1 Series,2007,13225.97,Automatic,208354.0,Hybrid,125.0,25.3,3.5,Silver,4,17,0.06347835894679248,False,12256.117647058823
BMW100158,X3,2007,5960.63,  Manual  ,199526.0,Diesel,125.0,27.0,2.0,Blue,4,17,0.029873951264496858,False,11736.823529411764
BMW100159,Z4,2020,32393.85,Manual,56518.0,Petrol,20.0,40.8,1.6,White,3,4,0.57315987826887,False,14129.5
BMW100160,X5,2021,58226.18,Semi-Auto,24764.0,Hybrid,30.0,45.9,2.0,White,4,3,2.3512429332902602,True,8254.666666666666
BMW100161,M3,2009,25948.08,Semi-Auto,173302.0,Hybrid,30.0,,2.0,Red,5,15,0.14972752766846315,True,11553.466666666667
BMW100162,1 Series,2012,15791.32,Automatic,147536.0,Petrol,0.0,26.3,2.0,White,2,12,0.10703367313740375,False,12294.666666666666
BMW100163,6 Series,2014,29277.75,Automatic,125465.0,Diesel,150.0,28.4,3.5,White,5,10,0.23335392340493363,False,12546.5
BMW100164,7 Series,2019,49139.55,Automatic,52392.0,Diesel,145.0,42.7,1.6,White,3,5,0.9379208657810353,True,10478.4
BMW100165,3 Series,2017,26570.8,Automatic,84801.0,Petrol,20.0,27.5,2.5,White,2,7,0.31333121071685477,False,12114.42857142857
BMW100166,1 Series,2017,28742.74,Manual,77407.0,Diesel,145.0,19.3,2.0,Grey,2,7,0.37131964809384166,False,11058.142857142857
BMW100167,3 Series,2011,16233.34,Semi-Auto,147227.0,Petrol,125.0,28.2,,Silver,2,13,0.11026061795730403,False,11325.153846153846
BMW100168,X5,2019,54946.91,Semi-Auto,61088.0,Petrol,145.0,51.7,2.0,,4,5,0.899471418281823,True,12217.6
BMW100169,X3,2020,34097.66,Manual,47358.0,Petrol,150.0,17.7,2.0,White,4,4,0.7199978884243423,False,11839.5
BMW100170,Z4,2021,35558.91,Manual,25560.0,Diesel,20.0,30.8,1.5,Silver,4,3,1.391193661971831,False,8520.0
BMW100171,4 Series,2018,30126.65,Semi-Auto,61611.0,Petrol,30.0,48.1,,Silver,3,6,0.488981675350181,False,10268.5
BMW100172,8 Series,2013,46926.95,Semi-Auto,125994.0,Petrol,20.0,33.2,3.0,White,4,11,0.3724538470085877,True,11454.0
BMW100173,3 Series,2017,31116.57,Automatic,70033.0,Petrol,145.0,43.6,2.0,Grey,5,7,0.44431296674424914,False,10004.714285714286
BMW100174,M4,2009,28858.69,Manual,174154.0,Hybrid,125.0,28.4,2.5,Silver,4,15,0.16570787923332223,True,11610.266666666666
BMW100175,3 Series,2022,44649.91,Manual,22636.0,Petrol,150.0,35.3,3.5,Silver,4,2,1.9725176709666021,False,11318.0
BMW100176,i8,2011,30468.33,Manual,155143.0,Petrol,125.0,47.3,2.5,Silver,4,13,0.19638868656658698,False,11934.076923076924
BMW100177,X3,2019,29164.06,Automatic,61698.0,Petrol,0.0,40.4,2.0,Blue,3,5,0.47269052481441864,False,12339.6
BMW100178,3 Series,2027,33834.4,Automatic,84650.0,Petrol,145.0,45.4,2.5,Grey,4,-3,0.3996975782634377,False,
BMW100179,7 Series,2018,60156.82,Automatic,74944.0,Diesel,150.0,20.8,4.4,Red,5,6,0.8026902754056362,True,12490.666666666666
BMW100180,5 Series,2023,42383.85,Automatic,12443.0,Petrol,0.0,22.1,2.5,,4,1,3.4062404564815556,False,12443.0
BMW100181,X3,2015,34115.77,Automatic,111989.0,Hybrid,20.0,22.2,3.5,Silver,5,9,0.30463500879550665,False,12443.222222222223
BMW100182,X3,2013,18531.6,Automatic,136745.0,Diesel,,41.1,1.5,Grey,4,11,0.13551939741855276,False,12431.363636363636
BMW100183, 1 Series ,2006,2237.81,Manual,223565.0,Petrol,125.0,,2.0,White,4,18,0.010009661619663185,False,12420.277777777777
BMW100184,M3,2006,17607.21,Automatic,224819.0,petrol,145.0,21.2,1.6,White,4,18,0.07831726855826242,True,12489.944444444445
BMW100185,X7,2009,39494.14,Semi-Auto,183314.0,Diesel,205.0,37.0,4.4,White,5,15,0.2154453015045223,True,12220.933333333332
BMW100186,3 Series,2018,28450.43,Automatic,80729.0,Diesel,125.0,39.2,2.0,Green,2,6,0.35241895725204075,False,13454.833333333334
BMW100187,5 Series,2012,16073.11,Manual,132944.0,Diesel,30.0,42.3,1.5,Green,5,12,0.12090135696233001,False,11078.666666666666
BMW100188,3 Series,2015,25282.39,Automatic,98616.0,Petrol,235.0,33.0,2.0,White,5,9,0.256372089721749,False,10957.333333333334
BMW100189,i8,2023,59319.64,Manual,13133.0,Petrol,145.0,48.8,1.6,Black,4,1,4.516838498439046,False,13133.0
BMW100190,5 Series,2023,40370.82,Manual,25491.0,Petrol,0.0,35.6,1.6,White,4,1,1.5837283747204896,False,25491.0
BMW100191, 3 Series ,2022,38635.28,Semi-Auto,35482.0,Diesel,20.0,,2.0,White,4,2,1.0888698495011555,False,17741.0
BMW100192,5 Series,2023,350000.0,Semi-Auto,8516.0,Diesel,145.0,47.0,2.5,Green,4,1,41.099107562235794,False,8516.0
BMW100193,i3,2007,10042.46,Manual,216718.0,Diesel,145.0,35.4,1.6,Black,5,17,0.04633883664485645,False,12748.117647058823
BMW100194,X4,2013,24829.13,Automatic,141704.0,Diesel,235.0,20.5,3.5,Red,4,11,0.17521827189070174,False,12882.181818181818
BMW100195, 5 Series ,2022,38061.1,Semi-Auto,31474.0,Petrol,125.0,40.7,3.0,,5,2,1.2092870305649106,False,15737.0
BMW100196,X2,2019,35199.38,Automatic,53833.0,Diesel,150.0,33.8,3.0,Red,4,5,0.6538625006965987,False,10766.6
BMW100197, 4 Series ,2018,30811.65,Manual,74324.0,Diesel,145.0,29.2,2.0,White,4,6,0.4145585544373285,False,12387.333333333334
BMW100198, i3 ,2011,22957.37,Semi-Auto,159228.0,Petrol,125.0,35.5,3.5,Blue,5,13,0.1441792272715854,False,12248.307692307691
BMW100199, Z4 ,2007,11958.53,Automatic,206835.0,Electric,125.0,31.5,2.0,Black,3,17,0.05781676215340731,False,12166.764705882353
BMW100200,5 Series,2013,24499.36,Automatic,129368.0,Petrol,125.0,29.1,3.0,Silver,5,11,0.18937728031661616,False,11760.727272727272
BMW100201,X3,2023,46898.52,Automatic,6630.0,Petrol,145.0,35.9,3.5,Red,4,1,7.073683257918551,False,6630.0
BMW100202,1 Series,2014,24412.43,Automatic,116457.0,Petrol,125.0,41.9,2.5,Black,5,10,0.20962612809878325,False,11645.7
BMW100203,4 Series,2011,21592.94,Manual,152205.0,Diesel,30.0,34.9,3.0,Grey,5,13,0.14186748135737984,False,11708.076923076924
BMW100204,X1,2007,13334.69,Manual,204860.0,DIESEL,145.0,15.2,1.5,Blue,5,17,0.06509172117543689,False,12050.588235294117
BMW100205,4 Series,2019,45647.14,Manual,66767.0,Electric,,31.1,2.0,,5,5,0.6836781643626342,False,13353.4
BMW100206,X6,2008,23198.29,Manual,200391.0,Petrol,125.0,29.1,2.5,Silver,3,16,0.11576512917246783,True,12524.4375
BMW100207,1 Series,2008,11185.22,Manual,200080.0,Petrol,30.0,27.2,2.5,Green,4,16,0.055903738504598156,False,12505.0
BMW100208,X5,2022,67065.35,Automatic,42846.0,Petrol,205.0,36.2,3.0,Blue,5,2,1.5652651356019234,True,21423.0
BMW100209,X1,2006,7186.94,Manual,213319.0,Diesel,30.0,43.1,2.5,Red,5,18,0.033691044867077004,False,11851.055555555555
BMW100210,5 Series,2009,15439.54,Semi-Auto,171598.0,Diesel,150.0,38.4,2.5,Blue,4,15,0.0899750579843588,False,11439.866666666667
BMW100211,X5,2020,52557.0,Manual,45024.0,Diesel,125.0,50.8,2.0,Grey,4,4,1.1673107675906182,True,11256.0
BMW100212,3 Series,2014,26720.54,Manual,124986.0,Petrol,145.0,48.3,3.0,Red,5,10,0.2137882642856,False,12498.6
BMW100213,3 Series,2016,29630.32,Manual,109500.0,Diesel,125.0,33.1,2.5,White,4,8,0.2705965296803653,False,13687.5
BMW100214, X1 ,2013,26062.93,Automatic,136165.0,Petrol,235.0,21.0,3.0,White,2,11,0.1914069694855506,False,12378.636363636364
BMW100215,X1,2008,8036.14,Semi-Auto,172393.0,Hybrid,30.0,34.1,2.0,Grey,4,16,0.04661523379719595,False,10774.5625
BMW100216, X3 ,2013,25787.32,Automatic,134328.0,DIESEL,125.0,37.0,2.0,Black,2,11,0.19197278303853255,False,12211.636363636364
BMW100217,M3,2014,40579.15,Automatic,114896.0,Petrol,0.0,35.2,2.0,Blue,2,10,0.35318157290071023,True,11489.6
BMW100218,3 Series,2019,36388.59,Semi-Auto,60769.0,Hybrid,,45.4,2.0,Green,5,5,0.5988018562095805,False,12153.8
BMW100219,X1,2017,31122.58,Automatic,86739.0,Diesel,,26.3,2.0,Green,5,7,0.3588072262765308,False,12391.285714285714
BMW100220,1 Series,2009,8139.52,Automatic,184852.0,Diesel,145.0,40.9,2.5,Silver,3,15,0.0440326315106139,False,12323.466666666667
BMW100221,4 Series,2012,25765.6,Semi-Auto,136400.0,Petrol,20.0,42.2,2.5,Blue,4,12,0.1888973607038123,False,11366.666666666666
BMW100222,4 Series,2014,35843.91,Semi-Auto,112326.0,Electric,235.0,40.0,3.5,Red,3,10,0.3191060840767053,False,11232.6
BMW100223,3 Series,2008,16911.61,Automatic,182319.0,Petrol,125.0,34.3,2.0,Green,5,16,0.09275835211908798,False,11394.9375
BMW100224,X3,2022,44622.97,Manual,27446.0,Diesel,20.0,39.1,2.5,White,4,2,1.6258460249216644,False,13723.0
BMW100225,X1,2007,8988.29,Semi-Auto,198812.0,Diesel,20.0,40.4,2.0,Blue,4,17,0.04520999738446372,False,11694.823529411764
BMW100226,5 Series,2019,37192.58,Semi-Auto,59440.0,Petrol,145.0,39.6,3.0,Green,5,5,0.6257163526244953,False,11888.0
BMW100227,X1,2007,8568.05,Automatic,203364.0,Electric,235.0,33.2,1.5,Black,5,17,0.042131596546094684,False,11962.588235294117
BMW100228,i8,2015,60943.18,Automatic,121679.0,Electric,125.0,42.7,2.0,Green,4,9,0.5008520780085306,False,13519.888888888889
BMW100229,2 Series,2010,17481.26,manual,171333.0,Hybrid,145.0,38.1,3.5,White,4,14,0.1020308988927994,False,12238.07142857143
BMW100230,5 Series,2005,1500.0,Manual,235398.0,Petrol,125.0,28.5,1.5,Red,4,19,0.006372186679580965,False,12389.368421052632
BMW100231,X6,2012,36475.0,Automatic,141515.0,Hybrid,30.0,42.3,1.6,,4,12,0.2577465286365403,True,11792.916666666666
BMW100232,4 Series,2013,23419.22,Semi-Auto,134642.0,  Diesel  ,125.0,42.9,2.0,Red,4,11,0.17393695874987003,False,12240.181818181818
BMW100233,1 Series,2013,22832.01,Semi-Auto,134393.0,PETROL,150.0,39.0,2.5,Grey,5,11,0.16988987521671514,False,12217.545454545454
BMW100234,X2,2010,15102.19,Automatic,168096.0,Hybrid,145.0,40.2,2.0,Red,4,14,0.08984264943841615,False,12006.857142857143
BMW100235,i3,2010,15798.6,Semi-Auto,169735.0,Diesel,,37.1,2.5,Grey,5,14,0.0930780334050137,False,12123.92857142857
BMW100236,X3,2021,41425.88,Automatic,41205.0,Petrol,125.0,29.5,3.5,Red,4,3,1.0053605145006674,False,13735.0
BMW100237,2 Series,2009,7004.71,Manual,179230.0,Petrol,235.0,48.0,1.5,Green,4,15,0.039082240696312,False,11948.666666666666
BMW100238,1 Series,2013,21917.14,Manual,135214.0,Petrol,145.0,27.0,1.6,Grey,5,11,0.1620922389693375,False,12292.181818181818
BMW100239,1 Series,2005,1500.0,Automatic,222182.0,Diesel,205.0,43.4,2.0,Blue,4,19,0.006751221971176783,False,11693.78947368421
BMW100240,X5,2005,20003.54,Automatic,223686.0,Petrol,125.0,44.8,3.0,Green,4,19,0.08942687517323392,True,11772.947368421053
BMW100241,1 Series,2012,20935.06,Semi-Auto,153979.0,DIESEL,0.0,18.3,,Red,5,12,0.13596048811850966,False,12831.583333333334
BMW100242,4 Series,2006,13256.91,Manual,214186.0,Diesel,145.0,36.1,3.5,,5,18,0.06189438151886678,False,11899.222222222223
BMW100243,1 Series,2021,36505.13,Automatic,41087.0,Diesel,150.0,38.7,2.5,Silver,5,3,0.8884837053082483,False,13695.666666666666
BMW100244,3 Series,2009,11028.97,Automatic,190031.0,Diesel,145.0,33.8,2.5,Grey,4,15,0.058037741210644575,False,12668.733333333334
BMW100245,X4,2020,42586.56,Manual,51124.0,Diesel,150.0,37.3,3.0,Green,5,4,0.8330052421563258,False,12781.0
BMW100246,X2,2005,3019.32,Automatic,228563.0,Petrol,125.0,24.0,2.0,,4,19,0.013210012119196896,False,12029.631578947368
BMW100247,X2,2013,22002.45,Automatic,133015.0,petrol,235.0,46.6,3.0,Green,4,11,0.16541329925196407,False,12092.272727272728
BMW100248,3 Series,2019,32866.11,Semi-Auto,56384.0,Hybrid,,37.0,2.5,Red,4,5,0.5828978078887628,False,11276.8
BMW100249,X4,2015,27098.68,Manual,119905.0,Hybrid,125.0,43.4,2.0,Green,4,9,0.22600125099036739,False,13322.777777777777
BMW100250,X1,2020,39080.51,Automatic,47083.0,Diesel,150.0,,3.5,Silver,4,4,0.8300344073232377,False,11770.75
BMW100251,5 Series,2010,13547.74,Automatic,161720.0,  Petrol  ,145.0,47.6,2.0,White,3,14,0.0837728172149394,False,11551.42857142857
BMW100252,Z4,2017,32298.84,Manual,87992.0,PETROL,,46.3,3.5,White,4,7,0.367065642331121,False,12570.285714285714
BMW100253,3 Series,2022,61304.63,Semi-Auto,29978.0,Electric,125.0,30.7,4.4,Grey,4,2,2.0449873240376273,False,14989.0
BMW100254,X3,2013,19909.87,Manual,147561.0,petrol,205.0,52.1,2.0,Black,4,11,0.13492636943365793,False,13414.636363636364
BMW100255,3 Series,2019,37376.2,Automatic,60521.0,Petrol,145.0,40.1,2.0,Silver,4,5,0.6175740652005088,False,12104.2
BMW100256,6 Series,2013,21117.21,Manual,138661.0,Petrol,205.0,40.5,2.5,Silver,4,11,0.1522937956599188,False,12605.545454545454
BMW100257,X5,2008,28748.58,Automatic,188408.0,Petrol,150.0,39.7,3.5,Black,4,16,0.15258683283087768,True,11775.5
BMW100258,X2,2014,21496.35,Automatic,105522.0,Petrol,125.0,33.3,3.5,Green,3,10,0.20371439131176436,False,10552.2
BMW100259,X5,2014,35999.28,Automatic,126877.0,Diesel,20.0,43.2,1.5,Grey,5,10,0.28373369483830796,True,12687.7
BMW100260,M3,2005,12208.41,Automatic,236866.0,Petrol,0.0,31.7,2.0,Grey,4,19,0.051541420043400066,True,12466.631578947368
BMW100261,3 Series,2012,28418.09,Automatic,154863.0,Electric,150.0,,3.0,Blue,4,12,0.18350471061518892,False,12905.25
BMW100262, X3 ,2016,27396.19,Manual,,Petrol,150.0,24.4,3.5,Green,4,8,,False,
BMW100263,2 Series,2013,28431.54,Manual,129993.0,Petrol,145.0,25.7,3.5,Silver,4,11,0.21871593085781543,False,11817.545454545454
BMW100264,X3,2010,,Automatic,164518.0,Diesel,125.0,26.4,3.0,Black,4,14,,False,11751.285714285714
BMW100265,X3,2013,23224.28,Manual,148869.0,  Diesel  ,125.0,35.9,2.0,,4,11,0.1560048095977,False,13533.545454545454
BMW100266,i3,2011,17705.43,Manual,158672.0,Diesel,20.0,40.6,2.0,Green,5,13,0.11158509377836039,False,12205.538461538461
BMW100267,M3,2011,28078.44,Manual,156862.0,Diesel,30.0,34.0,1.6,Black,4,13,0.17900090525429996,True,12066.307692307691
BMW100268,7 Series,2019,54429.47,Semi-Auto,59708.0,Diesel,150.0,33.6,2.0,Black,4,5,0.9115942587257989,True,11941.6
BMW100269,X5,2018,48046.33,Manual,65011.0,Diesel,30.0,33.9,2.0,White,5,6,0.7390492378212918,True,10835.166666666666
BMW100270,i3,2009,16268.33,Semi-Auto,178272.0,  Diesel  ,125.0,28.7,3.0,Grey,5,15,0.09125566549991025,False,11884.8
BMW100271,1 Series,2015,28096.73,Manual,114975.0,Diesel,150.0,21.4,3.5,White,5,9,0.24437251576429658,False,12775.0
BMW100272,X2,2022,39394.97,Automatic,17581.0,Diesel,205.0,38.0,3.5,Blue,5,2,2.2407695807974517,False,8790.5
BMW100273,X5,2027,58313.64,Automatic,50460.0,Diesel,145.0,36.2,3.0,Blue,5,-3,1.155640903686088,True,
BMW100274,4 Series,2018,39605.04,Manual,76414.0,Petrol,20.0,37.8,4.4,Green,4,6,0.5182956002826707,False,12735.666666666666
BMW100275,5 Series,2020,37204.37,Semi-Auto,37612.0,Diesel,150.0,30.8,2.5,White,5,4,0.9891622354567692,False,9403.0
BMW100276,M3,2005,20802.85,Automatic,232249.0,Hybrid,20.0,47.9,3.5,Grey,4,19,0.08957132215854535,True,12223.631578947368
BMW100277,X6,2011,26570.07,Automatic,152940.0,Hybrid,0.0,60.0,2.0,Green,5,13,0.17372871714397803,True,11764.615384615385
BMW100278,5 Series,2008,10554.77,Manual,200144.0,Petrol,205.0,,2.0,Red,4,16,0.05273588016628028,False,12509.0
BMW100279,X3,2018,40471.67,Semi-Auto,69182.0,Hybrid,0.0,30.7,4.4,Blue,4,6,0.5850028909253852,False,11530.333333333334
BMW100280,3 Series,2012,16350.49,Manual,156234.0,Diesel,125.0,38.9,2.5,White,5,12,0.10465385255450158,False,13019.5
BMW100281,3 Series,2014,17649.97,Semi-Auto,125914.0,Petrol,235.0,40.2,1.5,Blue,5,10,0.14017480184888098,False,12591.4
BMW100282,4 Series,2021,45712.98,Semi-Auto,36188.0,Electric,145.0,32.8,1.5,Red,5,3,1.2632082458273461,False,12062.666666666666
BMW100283,X5,2019,67455.5,Manual,59519.0,Petrol,30.0,21.6,4.4,Green,2,5,1.1333439741931148,True,11903.8
BMW100284,2 Series,2012,31505.68,Manual,139583.0,Electric,20.0,39.3,3.0,White,5,12,0.22571287334417514,False,11631.916666666666
BMW100285,X1,2016,25224.85,Automatic,107415.0,Diesel,,33.9,2.0,Green,4,8,0.23483545128706418,False,13426.875
BMW100286,8 Series,2015,42624.71,Automatic,109017.0,Diesel,30.0,55.1,,Red,4,9,0.3909914050102278,True,12113.0
BMW100287,7 Series,2007,21655.08,Automatic,208445.0,Petrol,20.0,38.4,2.0,Red,5,17,0.10388869965698387,True,12261.470588235294
BMW100288,1 Series,2011,16581.9,  Semi-Auto  ,161251.0,Petrol,205.0,36.3,2.0,Red,4,13,0.10283285064898823,False,12403.923076923076
BMW100289,X5,2018,60003.9,Automatic,86024.0,Petrol,,34.5,3.5,Red,4,6,0.6975251092718311,True,14337.333333333334
BMW100290,2 Series,2021,34984.7,Automatic,23666.0,Diesel,145.0,35.8,2.5,Grey,4,3,1.4782684019268146,False,7888.666666666667
BMW100291,X2,2013,28304.43,Automatic,133669.0,Electric,125.0,38.9,1.5,Green,4,11,0.21175014401244865,False,12151.727272727272
BMW100292,i8,2010,38838.37,Semi-Auto,169070.0,Petrol,145.0,32.1,3.0,Red,3,14,0.22971769089726152,False,12076.42857142857
BMW100293,X1,2012,15915.03,Manual,132362.0,Petrol,145.0,,1.5,Blue,4,12,0.12023866366479806,False,11030.166666666666
BMW100294,2 Series,2022,36180.82,Semi-Auto,32478.0,Petrol,145.0,36.6,2.5,Silver,5,2,1.114010099144036,False,16239.0
BMW100295,1 Series,2013,22745.99,Automatic,135186.0,Diesel,150.0,41.2,2.0,,4,11,0.16825699406743302,False,12289.636363636364
BMW100296,X3,2023,40639.19,Automatic,19011.0,Diesel,145.0,24.6,2.5,Silver,3,1,2.1376671400767977,False,19011.0
BMW100297, M4 ,2011,44357.63,Automatic,166211.0,Petrol,150.0,21.6,4.4,Grey,2,13,0.2668754173911474,False,12785.461538461539
BMW100298,2 Series,2018,30912.82,Manual,63525.0,DIESEL,125.0,32.0,2.0,Black,5,6,0.4866244785517513,False,10587.5
BMW100299,3 Series,2021,35147.22,Automatic,41137.0,Hybrid,20.0,,2.5,Silver,4,3,0.8543943408610254,False,13712.333333333334
BMW100300,X2,2011,13675.0,Manual,157502.0,Hybrid,20.0,47.3,1.5,Black,2,13,0.08682429429467563,False,12115.538461538461
BMW100301,3 Series,2019,36751.9,Manual,54719.0,Petrol,125.0,40.0,2.5,Silver,3,5,0.6716478736819022,False,10943.8
BMW100302,1 Series,2022,41471.27,Manual,18030.0,Diesel,150.0,47.1,2.0,Silver,4,2,2.3001259012756514,False,9015.0
BMW100303, 1 Series ,2015,24239.58,Automatic,114122.0,Diesel,145.0,25.0,3.0,Blue,4,9,0.21240058884351837,False,12680.222222222223
BMW100304,X6,2009,32416.15,Semi-Auto,182346.0,Petrol,125.0,36.7,3.0,Silver,4,15,0.17777275070470425,True,12156.4
BMW100305,X3,2022,39295.47,Automatic,17986.0,Hybrid,30.0,26.8,2.0,Green,4,2,2.18478094073168,False,8993.0
BMW100306,i3,2023,59314.92,Manual,11229.0,Electric,30.0,38.3,3.5,Black,5,1,5.2822976222281595,False,11229.0
BMW100307,3 Series,2006,6089.22,Automatic,220401.0,Diesel,235.0,40.1,2.0,Grey,4,18,0.02762791457389032,False,12244.5
BMW100308,1 Series,2013,28003.34,Automatic,131794.0,Diesel,145.0,25.5,4.4,Red,5,11,0.21247810977737985,False,11981.272727272728
BMW100309,3 Series,2012,16265.28,Semi-Auto,150220.0,Hybrid,125.0,26.0,2.0,Blue,3,12,0.10827639462122221,False,12518.333333333334
BMW100310,5 Series,2010,14972.4,Automatic,170812.0,Petrol,205.0,31.5,2.0,Silver,4,14,0.08765426316652225,False,12200.857142857143
BMW100311,1 Series,2007,11843.92,Manual,194792.0,Diesel,205.0,29.6,2.0,Black,5,17,0.060802907716949364,False,11458.35294117647
BMW100312,4 Series,2019,28487.98,Semi-Auto,69484.0,Diesel,150.0,29.0,1.5,Red,2,5,0.4099933797708825,False,13896.8
BMW100313,6 Series,2023,43383.33,Manual,17973.0,Diesel,150.0,47.8,3.0,White,5,1,2.4138057085628444,False,17973.0
BMW100314, X3 ,2007,7358.66,Automatic,207262.0,Petrol,30.0,24.5,2.0,Black,4,17,0.03550414451274232,False,12191.882352941177
BMW100315,2 Series,2008,9200.73,Manual,178885.0,Hybrid,30.0,39.9,2.0,Black,3,16,0.05143377029935433,False,11180.3125
BMW100316,8 Series,2007,25226.72,Automatic,199243.0,Petrol,0.0,35.6,3.0,Blue,4,17,0.12661282955988418,True,11720.176470588236
BMW100317,7 Series,2018,51079.4,Automatic,81942.0,Petrol,150.0,35.3,2.0,White,4,6,0.6233604256669352,True,13657.0
BMW100318,X1,2018,25187.73,Automatic,72685.0,Petrol,125.0,40.9,2.0,Grey,5,6,0.3465327096374768,False,12114.166666666666
BMW100319,i8,2007,15898.29,Semi-Auto,209777.0,Diesel,235.0,42.0,2.0,Black,5,17,0.07578662103090425,False,12339.823529411764
BMW100320,3 Series,2008,15616.07,Automatic,198693.0,Petrol,145.0,18.8,4.4,Silver,4,16,0.07859396153865511,False,12418.3125
BMW100321,3 Series,2013,20174.99,Manual,123700.0,Petrol,125.0,40.1,2.5,White,4,11,0.16309611964430074,False,11245.454545454546
BMW100322,5 Series,2008,17754.29,Manual,177030.0,Petrol,30.0,33.5,2.5,Green,5,16,0.10028972490538328,False,11064.375
BMW100323,X2,2022,39257.99,Manual,17353.0,Diesel,125.0,34.0,1.6,White,5,2,2.2623171785858354,False,8676.5
BMW100324,7 Series,2021,62233.19,Automatic,24788.0,  Petrol  ,20.0,38.5,2.0,Black,4,3,2.5106176375665648,True,8262.666666666666
BMW100325,3 Series,2021,37200.31,Manual,35150.0,Petrol,205.0,29.0,2.0,Black,5,3,1.0583302987197722,False,11716.666666666666
BMW100326,4 Series,2009,17056.14,Semi-Auto,178634.0,Electric,150.0,49.2,2.0,Green,5,15,0.09548092748300994,False,11908.933333333332
BMW100327,6 Series,2008,10906.58,Manual,196439.0,Diesel,30.0,24.6,2.0,Blue,4,16,0.055521459587963694,False,12277.4375
BMW100328,4 Series,2019,32598.7,Semi-Auto,50168.0,Diesel,,37.7,2.0,Red,5,5,0.6497907032371233,False,10033.6
BMW100329,4 Series,2022,39440.39,Semi-Auto,26001.0,Diesel,150.0,38.2,1.5,Green,2,2,1.5168797353947925,False,13000.5
BMW100330,4 Series,2006,7892.73,Semi-Auto,215073.0,Diesel,145.0,36.9,1.6,White,5,18,0.03669791187178307,False,11948.5
BMW100331,M4,2010,34298.11,Manual,174864.0,petrol,125.0,35.3,3.0,Green,4,14,0.19614163006679478,True,12490.285714285714
BMW100332,5 Series,2011,24718.51,Automatic,159217.0,Petrol,125.0,23.6,3.5,Green,5,13,0.155250444362097,False,12247.461538461539
BMW100333,Z4,2018,28689.98,Automatic,70375.0,Diesel,145.0,21.2,2.5,Red,4,6,0.40767289520426286,False,11729.166666666666
BMW100334,5 Series,2006,4791.43,Semi-Auto,217869.0,Diesel,150.0,44.9,2.0,White,5,18,0.021992252224960873,False,12103.833333333334
BMW100335,i3,2014,26881.82,Automatic,102983.0,Diesel,20.0,,2.0,Black,5,10,0.26103162657914414,False,10298.3
BMW100336,X4,2013,23253.33,Semi-Auto,136757.0,Petrol,150.0,38.1,3.0,White,5,11,0.17003392879340729,False,12432.454545454546
BMW100337,X5,2016,52186.3,Semi-Auto,81450.0,Diesel,205.0,34.2,3.0,Grey,5,8,0.6407157765500308,True,10181.25
BMW100338,M5,2022,65992.97,Semi-Auto,19407.0,Diesel,150.0,41.5,2.5,Red,4,2,3.4004725099191013,True,9703.5
BMW100339,Z4,2006,2807.25,Manual,225166.0,Petrol,145.0,33.9,1.5,,2,18,0.012467468445502429,False,12509.222222222223
BMW100340,1 Series,2016,24588.3,Automatic,95217.0,Diesel,0.0,36.7,2.0,White,4,8,0.2582343489082832,False,11902.125
BMW100341,i8,2017,49290.89,Manual,72897.0,Diesel,205.0,25.4,2.0,Green,4,7,0.676171721744379,False,10413.857142857143
BMW100342,8 Series,2016,47020.11,Manual,98137.0,Diesel,235.0,35.9,3.0,Red,4,8,0.47912724049033495,True,12267.125
BMW100343,1 Series,2016,26806.37,Semi-Auto,100073.0,  Petrol  ,150.0,36.0,2.0,Silver,4,8,0.26786815624594046,False,12509.125
BMW100344, 1 Series ,2022,35448.83,Automatic,21855.0,Diesel,20.0,57.6,2.0,Grey,5,2,1.6220009151223977,False,10927.5
BMW100345,1 Series,2016,26271.24,Semi-Auto,,Petrol,145.0,34.7,2.0,Grey,4,8,,False,
BMW100346,5 Series,2022,40932.11,Semi-Auto,25875.0,Petrol,125.0,33.8,2.5,Red,3,2,1.5819172946859903,False,12937.5
BMW100347,M3,2023,66345.12,Semi-Auto,500.0,Diesel,125.0,47.1,2.0,Silver,3,1,132.69024,True,500.0
BMW100348,1 Series,2017,27745.76,Automatic,79093.0,Hybrid,145.0,37.8,2.5,Blue,4,7,0.3507991857686521,False,11299.0
BMW100349,X3,2014,30509.83,Semi-Auto,123981.0,Petrol,150.0,36.7,4.4,Red,5,10,0.24608472265911713,False,12398.1
BMW100350,3 Series,2009,11271.82,Manual,,Diesel,20.0,45.2,2.0,Silver,5,15,,False,
BMW100351,1 Series,2019,33135.13,Manual,52679.0,Diesel,20.0,32.8,,Silver,3,5,0.6290007403329599,False,10535.8
BMW100352,3 Series,2019,33210.46,Automatic,63153.0,Petrol,125.0,40.6,1.5,White,4,5,0.5258730384938166,False,12630.6
BMW100353,3 Series,2023,47552.01,Manual,720.0,Diesel,0.0,29.2,3.5,White,3,1,66.04445833333334,False,720.0
BMW100354,5 Series,2020,36016.8,Semi-Auto,46631.0,Diesel,235.0,26.8,2.0,Green,4,4,0.7723788895798933,False,11657.75
BMW100355, 5 Series ,2012,21027.64,Manual,139555.0,Petrol,125.0,29.2,3.0,,4,12,0.15067636415750063,False,11629.583333333334
BMW100356,4 Series,2011,16874.71,Manual,147738.0,Diesel,30.0,23.2,3.5,Blue,4,13,0.11422051198743721,False,11364.461538461539
BMW100357,7 Series,2011,34080.95,Manual,161992.0,Diesel,0.0,21.0,2.5,Green,4,13,0.21038662403081632,True,12460.923076923076
BMW100358,M3,2010,33899.61,Manual,172556.0,Electric,150.0,44.9,1.5,Green,3,14,0.19645570133753681,True,12325.42857142857
BMW100359,7 Series,2021,71259.46,Automatic,40989.0,Diesel,,18.7,4.4,Grey,4,3,1.7385020371319135,True,13663.0
BMW100360,1 Series,2005,5540.82,Manual,245233.0,Diesel,235.0,40.4,1.6,Silver,4,19,0.022594104382362895,False,12907.0
BMW100361,4 Series,2006,9550.42,Semi-Auto,204687.0,Petrol,205.0,32.1,2.0,Grey,3,18,0.04665865443335434,False,11371.5
BMW100362,3 Series,2017,28706.39,Manual,84912.0,diesel,145.0,47.0,1.6,,5,7,0.3380722394950066,False,12130.285714285714
BMW100363,X3,2014,22020.58,Manual,121812.0,Petrol,150.0,37.0,2.0,Blue,5,10,0.18077512888713757,False,12181.2
BMW100364,3 Series,2017,32558.41,Manual,82410.0,Petrol,205.0,44.6,2.0,Silver,3,7,0.3950783885450795,False,11772.857142857143
BMW100365,X1,2007,8378.18,Semi-Auto,224307.0,Petrol,125.0,38.4,2.0,Silver,4,17,0.037351397860967334,False,13194.529411764706
BMW100366,4 Series,2016,26302.88,Manual,94568.0,Petrol,125.0,31.7,2.0,White,5,8,0.27813721343371967,False,11821.0
BMW100367,4 Series,2012,19160.95,Semi-Auto,140249.0,Diesel,20.0,46.5,2.0,Green,3,12,0.13662093847371462,False,11687.416666666666
BMW100368,3 Series,2018,30380.07,Automatic,72637.0,Diesel,30.0,30.3,2.0,Silver,4,6,0.41824510924184644,False,12106.166666666666
BMW100369, X1 ,2023,51273.07,Manual,10265.0,Diesel,145.0,26.2,4.4,Red,5,1,4.9949410618606915,False,10265.0
BMW100370,X1,2014,31026.42,Semi-Auto,116667.0,Petrol,125.0,42.6,3.5,Red,4,10,0.26593998302861993,False,11666.7
BMW100371,3 Series,2005,12897.47,  Semi-Auto  ,237961.0,Diesel,235.0,29.9,3.0,Blue,4,19,0.05419993192161741,False,12524.263157894737
BMW100372,i8,2019,52334.66,semi-auto,53386.0,Petrol,30.0,29.3,2.0,Grey,4,5,0.980306822013262,False,10677.2
BMW100373,1 Series,2020,37784.17,Manual,50968.0,Petrol,125.0,29.6,2.0,Grey,5,4,0.7413312274368231,False,12742.0
BMW100374,5 Series,2014,19982.61,Automatic,116796.0,Hybrid,150.0,33.7,2.5,Black,4,10,0.1710898489674304,False,11679.6
BMW100375,M4,2022,66916.73,Manual,17453.0,Diesel,205.0,37.0,3.5,Silver,3,2,3.834110468114364,True,8726.5
BMW100376,3 Series,2022,38868.56,Semi-Auto,22202.0,Petrol,145.0,30.6,3.0,Grey,4,2,1.7506783172687144,False,11101.0
BMW100377,X1,2021,31358.1,Semi-Auto,27856.0,Diesel,125.0,,1.5,Green,4,3,1.1257215680643309,False,9285.333333333334
BMW100378,6 Series,2008,12507.13,Automatic,178061.0,Diesel,0.0,26.7,2.5,Black,5,16,0.07024070402839476,False,11128.8125
BMW100379,5 Series,2011,14628.68,Manual,,Petrol,150.0,28.6,2.0,Green,4,13,,False,
BMW100380,4 Series,2013,20421.51,Manual,130458.0,Hybrid,0.0,47.8,2.0,Grey,4,11,0.15653704640573976,False,11859.818181818182
BMW100381, X2 ,2021,45233.97,Automatic,33086.0,Electric,145.0,31.0,1.5,Blue,4,3,1.367163452819924,False,11028.666666666666
BMW100382,X3,2008,9448.45,SEMI-AUTO,186749.0,Diesel,125.0,42.0,2.0,Blue,4,16,0.050594380692801574,False,11671.8125
BMW100383,X4,2008,9553.65,Automatic,188063.0,Petrol,125.0,43.8,2.5,Green,5,16,0.0508002637414058,False,11753.9375
BMW100384,X6,2005,11320.78,Manual,229113.0,Petrol,145.0,42.1,2.0,Green,4,19,0.049411338509818305,True,12058.578947368422
BMW100385,3 Series,2022,46541.35,Manual,19562.0,Hybrid,,31.0,3.0,Silver,4,2,2.379171352622431,False,9781.0
BMW100386, 6 Series ,2009,14962.39,Automatic,172770.0,Petrol,20.0,,2.0,Silver,5,15,0.08660294032528795,False,11518.0
BMW100387,X3,2013,21332.32,Manual,137695.0,Diesel,145.0,35.3,2.0,Grey,5,11,0.15492443443843276,False,12517.727272727272
BMW100388,X5,2007,27997.46,Manual,199900.0,Petrol,145.0,41.3,3.0,,4,17,0.14005732866433215,True,11758.823529411764
BMW100389,8 Series,2019,61445.17,Automatic,67440.0,Petrol,235.0,23.8,3.5,Grey,4,5,0.9111086892052195,True,13488.0
BMW100390,X5,2013,34264.62,Automatic,136264.0,Diesel,150.0,45.7,1.5,Red,5,11,0.2514576116949451,True,12387.636363636364
BMW100391, 7 Series ,2012,36594.31,Automatic,151268.0,HYBRID,125.0,35.1,2.5,Blue,3,12,0.24191706111008277,False,12605.666666666666
BMW100392,3 Series,2023,41407.79,Semi-Auto,8415.0,Petrol,205.0,47.9,1.6,Blue,4,1,4.920711824123589,False,8415.0
BMW100393,X1,2020,40214.16,Automatic,52763.0,Diesel,30.0,16.1,2.5,Red,5,4,0.7621659117184392,False,13190.75
BMW100394,1 Series,2010,9700.6,Automatic,167290.0,Petrol,145.0,39.9,1.5,Red,5,14,0.057986729631179394,False,11949.285714285714
BMW100395,6 Series,2022,40171.26,Automatic,31221.0,Petrol,235.0,32.5,2.5,Silver,5,2,1.2866743538003267,False,15610.5
BMW100396,X3,2013,25084.66,Automatic,130112.0,Petrol,30.0,48.6,3.0,Blue,3,11,0.19279282464338415,False,11828.363636363636
BMW100397,5 Series,2015,31882.01,Automatic,100348.0,Diesel,125.0,51.9,2.5,Green,4,9,0.31771445370112006,False,11149.777777777777
BMW100398,X2,2007,16327.21,Semi-Auto,196498.0,Diesel,235.0,27.9,3.5,Black,3,17,0.0830909729361113,False,11558.70588235294
BMW100399,X3,2019,35911.45,SEMI-AUTO,60871.0,Petrol,20.0,22.6,2.0,Silver,4,5,0.5899599152305696,False,12174.2
BMW100400,X1,2016,37178.71,Automatic,91667.0,Hybrid,150.0,29.1,3.5,Silver,3,8,0.405584452420173,False,11458.375
BMW100401,X3,2006,4812.31,Semi-Auto,222692.0,Diesel,150.0,40.8,1.5,Grey,4,18,0.0216097120686868,False,12371.777777777777
BMW100402, 3 Series ,2022,39266.18,  Manual  ,10655.0,Hybrid,20.0,37.2,2.5,White,4,2,3.6852351008916,False,5327.5
BMW100403,3 Series,2014,27340.41,Semi-Auto,110391.0,Petrol,125.0,37.4,3.0,Blue,4,10,0.24766883169823628,False,11039.1
BMW100404,M5,2005,20481.14,Automatic,227013.0,Diesel,235.0,20.2,3.0,Red,4,19,0.09022011955262474,True,11948.052631578947
BMW100405,6 Series,2020,36775.92,Manual,57614.0,Petrol,150.0,,3.0,Grey,5,4,0.6383156871593709,False,14403.5
BMW100406,X1,2019,33769.28,Manual,53168.0,Petrol,235.0,42.6,3.5,Green,5,5,0.6351429431236834,False,10633.6
BMW100407,4 Series,2013,23140.58,Automatic,128682.0,Diesel,,21.0,2.0,Silver,4,11,0.17982763712096486,False,11698.363636363636
BMW100408,3 Series,2018,31406.07,Automatic,,Diesel,125.0,26.5,3.0,Black,5,6,,False,
BMW100409,7 Series,2012,35572.19,Semi-Auto,140018.0,Hybrid,145.0,38.8,3.0,Grey,4,12,0.2540544072904912,True,11668.166666666666
BMW100410,5 Series,2007,9433.68,Manual,216793.0,Petrol,125.0,31.8,2.0,Grey,5,17,0.043514689127416475,False,12752.529411764706
BMW100411,M2,2018,55792.43,Automatic,77711.0,Petrol,145.0,35.5,3.0,Silver,4,6,0.7179476521985304,True,12951.833333333334
BMW100412,3 Series,2007,5295.72,Automatic,201004.0,Diesel,150.0,36.3,2.0,,4,17,0.02634634136634097,False,11823.764705882353
BMW100413,4 Series,2021,43598.86,Manual,38549.0,Petrol,145.0,32.6,3.0,Black,5,3,1.1309984694804016,False,12849.666666666666
BMW100414,i3,2023,44372.33,Automatic,17313.0,Diesel,145.0,27.1,3.0,Green,5,1,2.5629486513024897,False,17313.0
BMW100415,X1,2006,9021.01,Automatic,230266.0,Diesel,145.0,,3.5,Grey,4,18,0.03917647416466174,False,12792.555555555555
BMW100416,X1,2013,25487.85,Manual,133207.0,Diesel,205.0,35.2,3.0,Red,4,11,0.1913401698108958,False,12109.727272727272
BMW100417,1 Series,2017,37970.3,Semi-Auto,84587.0,Petrol,235.0,21.6,4.4,White,4,7,0.44889049144667625,False,12083.857142857143
BMW100418,X1,2015,30592.2,Automatic,104829.0,Hybrid,125.0,35.5,2.5,Red,5,9,0.29182955098302954,False,11647.666666666666
BMW100419,5 Series,2023,46410.68,Manual,3549.0,Petrol,150.0,41.8,3.0,Black,4,1,13.077114680191603,False,3549.0
BMW100420,7 Series,2012,34302.37,Semi-Auto,141574.0,Diesel,145.0,46.8,1.6,Silver,2,12,0.24229286450902005,True,11797.833333333334
BMW100421,3 Series,2005,1857.0,Semi-Auto,214094.0,Petrol,125.0,53.6,1.5,Blue,4,19,0.008673760124057657,False,11268.105263157895
BMW100422,3 Series,2010,14077.0,Automatic,172094.0,Diesel,150.0,38.5,1.6,White,3,14,0.08179831952305136,False,12292.42857142857
BMW100423,X1,2017,28601.93,Manual,83073.0,Petrol,205.0,50.2,3.0,Red,5,7,0.3442987492927907,False,11867.57142857143
BMW100424,X3,2015,25680.51,Semi-Auto,98181.0,Diesel,0.0,48.0,1.6,Red,4,9,0.26156292969108075,False,10909.0
BMW100425,5 Series,2005,8177.3,Semi-Auto,221205.0,Petrol,150.0,36.4,3.0,Grey,3,19,0.03696706674803915,False,11642.368421052632
BMW100426,X7,2023,64341.01,Manual,24408.0,Petrol,125.0,29.9,2.0,Blue,3,1,2.636062356604392,True,24408.0
BMW100427,3 Series,2015,23330.64,Manual,114650.0,DIESEL,0.0,43.6,2.0,Blue,5,9,0.20349446140427388,False,12738.888888888889
BMW100428,1 Series,2018,38732.51,Semi-Auto,63109.0,Diesel,150.0,29.1,4.4,Silver,4,6,0.6137398786227004,False,10518.166666666666
BMW100429,5 Series,2019,43178.32,Automatic,76222.0,Electric,205.0,35.3,2.0,Black,4,5,0.5664810684579256,False,15244.4
BMW100430,X1,2017,42798.95,Automatic,85725.0,Electric,205.0,34.8,3.0,Red,5,7,0.49925867599883345,False,12246.42857142857
BMW100431,i3,2019,37532.6,Manual,54794.0,Diesel,205.0,45.5,3.0,Black,4,5,0.6849764572763442,False,10958.8
BMW100432,X1,2016,22891.79,Semi-Auto,95598.0,Diesel,20.0,18.2,1.6,Black,4,8,0.2394588798928848,False,11949.75
BMW100433, X3 ,2021,36730.87,Automatic,37324.0,Petrol,150.0,41.3,1.5,Green,5,3,0.9841086164398243,False,12441.333333333334
BMW100434,Z4,2016,26029.33,Manual,94094.0,Petrol,30.0,32.6,2.0,White,4,8,0.2766311348226242,False,11761.75
BMW100435,X2,2006,10587.89,Manual,216340.0,Diesel,145.0,32.4,3.0,Red,5,18,0.048940972543219004,False,12018.888888888889
BMW100436,X1,2020,34916.34,Semi-Auto,38851.0,Hybrid,145.0,38.8,1.5,White,3,4,0.8987243571594038,False,9712.75
BMW100437,8 Series,2022,64594.84,Automatic,32990.0,Petrol,205.0,23.3,2.5,Green,4,2,1.9580127311306454,True,16495.0
BMW100438,3 Series,2019,40345.58,Semi-Auto,37703.0,Petrol,30.0,35.4,2.0,,5,5,1.0700893828077342,False,7540.6
BMW100439,1 Series,2009,14955.59,Automatic,168158.0,Petrol,20.0,33.0,1.5,White,2,15,0.08893772523460079,False,11210.533333333333
BMW100440,3 Series,2010,17158.09,Automatic,163001.0,Diesel,125.0,35.2,2.5,Green,5,14,0.10526371003858873,False,11642.92857142857
BMW100441,X3,2017,34690.5,Manual,73582.0,Diesel,150.0,30.9,3.5,Grey,4,7,0.47145361637356964,False,10511.714285714286
BMW100442, 3 Series ,2011,19838.04,Automatic,155241.0,Diesel,20.0,26.4,3.5,,4,13,0.12778866407714456,False,11941.615384615385
BMW100443,3 Series,2006,5533.97,Semi-Auto,212767.0,Diesel,125.0,32.9,2.0,Black,3,18,0.02600953155329539,False,11820.388888888889
BMW100444,1 Series,2009,10938.25,Automatic,188651.0,Diesel,150.0,55.7,1.6,Silver,3,15,0.057981404816301,False,12576.733333333334
BMW100445,Z4,2014,23454.4,Automatic,133120.0,Petrol,145.0,36.7,1.6,Green,4,10,0.17618990384615385,False,13312.0
BMW100446,2 Series,2014,18899.66,Automatic,132888.0,Diesel,,51.6,2.0,Red,5,10,0.14222247306002048,False,13288.8
BMW100447,M3,2012,34263.39,Automatic,141072.0,Diesel,125.0,29.8,2.5,Black,4,12,0.24287874276964955,True,11756.0
BMW100448,X5,2010,29971.57,Manual,176343.0,Petrol,125.0,15.0,2.0,Silver,4,14,0.16996177903290746,True,12595.92857142857
BMW100449, 7 Series ,2013,38863.58,Automatic,120524.0,Petrol,145.0,35.7,2.0,Grey,4,11,0.32245511267465404,False,10956.727272727272
BMW100450,i3,2012,18525.06,Manual,149259.0,Petrol,125.0,25.9,2.0,Silver,4,12,0.12411352079271602,False,12438.25
BMW100451, 3 Series ,2023,38826.14,Automatic,2763.0,Hybrid,205.0,41.5,2.0,Silver,4,1,14.052167933405718,False,2763.0
BMW100452,M2,2006,18111.09,Automatic,214919.0,PETROL,20.0,23.8,2.5,Black,3,18,0.0842693759044105,True,11939.944444444445
BMW100453,1 Series,2013,20630.79,Semi-Auto,138983.0,Diesel,205.0,37.7,2.0,Red,4,11,0.1484411043077211,False,12634.818181818182
BMW100454,7 Series,2017,51507.71,Automatic,85210.0,  Petrol  ,150.0,30.7,2.5,Grey,4,7,0.6044796385400775,True,12172.857142857143
BMW100455,5 Series,2013,20579.37,Automatic,128532.0,Petrol,145.0,32.3,1.6,Red,4,11,0.16011086733264868,False,11684.727272727272
BMW100456,5 Series,2018,38714.35,Semi-Auto,75225.0,Petrol,20.0,,4.4,White,4,6,0.5146473911598538,False,12537.5
BMW100457,X3,2011,19378.57,Manual,159913.0,Diesel,150.0,33.6,2.0,Red,3,13,0.12118195518813354,False,12301.0
BMW100458,8 Series,2011,31902.8,automatic,159842.0,Petrol,125.0,49.0,2.0,,3,13,0.19958959472479074,True,12295.538461538461
BMW100459,M4,2021,58204.25,Automatic,37254.0,Diesel,145.0,38.2,2.0,Green,3,3,1.5623624308799056,True,12418.0
BMW100460,6 Series,2016,26566.01,Automatic,112485.0,Petrol,0.0,,2.5,Grey,4,8,0.23617380095123794,False,14060.625
BMW100461,X3,2005,12644.56,Semi-Auto,221523.0,Diesel,145.0,43.1,3.5,Black,4,19,0.057080122605779084,False,11659.105263157895
BMW100462,1 Series,2023,45226.89,Manual,7522.0,Petrol,150.0,41.4,3.0,White,2,1,6.012614996011699,False,7522.0
BMW100463,3 Series,2019,28900.7,Automatic,64035.0,Hybrid,145.0,38.3,1.5,Red,5,5,0.45132661825564147,False,12807.0
BMW100464,X1,2007,11782.48,Automatic,210139.0,Diesel,20.0,26.4,2.0,White,4,17,0.05606993466229496,False,12361.117647058823
BMW100465,3 Series,2005,1500.0,Manual,238288.0,Hybrid,205.0,50.9,1.5,Red,4,19,0.0062949036460081915,False,12541.473684210527
BMW100466,4 Series,2016,22461.55,Automatic,92120.0,Petrol,30.0,44.3,1.5,Black,5,8,0.24382924446374293,False,11515.0
BMW100467,X5,2009,26032.52,Semi-Auto,169388.0,Petrol,125.0,43.6,2.0,Grey,4,15,0.1536857392495336,True,11292.533333333333
BMW100468,5 Series,2012,20102.27,Automatic,130782.0,Petrol,20.0,25.7,2.0,Blue,4,12,0.1537082320196969,False,10898.5
BMW100469,2 Series,2007,3895.77,Semi-Auto,208440.0,Petrol,205.0,24.8,2.0,Red,4,17,0.018690126655152562,False,12261.176470588236
BMW100470,Z4,2018,,Manual,64167.0,Diesel,150.0,46.8,2.0,Grey,4,6,,False,10694.5
BMW100471,i8,2014,62354.75,Semi-Auto,113756.0,Electric,20.0,15.0,3.0,Black,4,10,0.5481447132458948,False,11375.6
BMW100472,X2,2016,23187.52,Semi-Auto,92595.0,Petrol,145.0,36.7,2.0,Silver,4,8,0.25041870511366704,False,11574.375
BMW100473,X3,2007,5212.94,Automatic,209360.0,Petrol,125.0,39.8,1.5,Red,4,17,0.02489940771876194,False,12315.29411764706
BMW100474,M3,2010,32426.84,Automatic,172806.0,Diesel,150.0,32.5,2.0,Silver,4,14,0.18764880849044593,True,12343.285714285714
BMW100475,1 Series,2005,9141.73,Manual,225292.0,Diesel,20.0,29.6,2.5,Green,4,19,0.04057725085666601,False,11857.473684210527
BMW100476,X4,2019,30965.24,Automatic,54265.0,Hybrid,20.0,39.7,2.5,,4,5,0.5706300562056574,False,10853.0
BMW100477,3 Series,2014,30431.45,Semi-Auto,123600.0,Electric,125.0,44.9,2.0,Red,4,10,0.246209142394822,False,12360.0
BMW100478, 5 Series ,2023,40220.64,Semi-Auto,12134.0,Petrol,20.0,24.1,3.0,Silver,5,1,3.3147057853964066,False,12134.0
BMW100479,3 Series,2005,10228.08,Semi-Auto,233229.0,Petrol,145.0,28.3,3.5,Grey,4,19,0.04385423768056288,False,12275.21052631579
BMW100480,X3,2006,12207.77,Semi-Auto,213979.0,Diesel,,,3.5,Grey,5,18,0.05705125269302128,False,11887.722222222223
BMW100481,X1,2020,36698.8,Automatic,44773.0,Petrol,125.0,41.5,2.5,White,4,4,0.8196636365666808,False,11193.25
BMW100482,3 Series,2007,11911.15,Automatic,213303.0,Petrol,125.0,41.1,2.5,Grey,4,17,0.05584145558196556,False,12547.235294117647
BMW100483,3 Series,2020,33349.55,Automatic,52917.0,Diesel,30.0,37.6,2.0,Red,4,4,0.6302237466220686,False,13229.25
BMW100484,i3,2009,9069.4,Automatic,185419.0,Petrol,30.0,31.0,1.6,Green,5,15,0.04891300244311532,False,12361.266666666666
BMW100485,3 Series,2010,11743.02,Automatic,163906.0,Diesel,125.0,39.8,2.0,Black,4,14,0.07164484521616049,False,11707.57142857143
BMW100486,1 Series,2013,24441.17,Automatic,117717.0,Petrol,30.0,41.2,2.0,Green,4,11,0.2076265110391872,False,10701.545454545454
BMW100487,3 Series,2005,2405.52,Manual,217660.0,Petrol,150.0,32.9,1.6,Black,3,19,0.01105173205917486,False,11455.78947368421
BMW100488,X2,2021,37167.52,Semi-Auto,16174.0,Hybrid,235.0,44.9,1.6,Blue,3,3,2.2979794732286383,False,5391.333333333333
BMW100489,Z4,2023,50085.6,Semi-Auto,25169.0,Diesel,30.0,31.0,4.4,Blue,4,1,1.9899717906949024,False,25169.0
BMW100490,X1,2007,12893.29,Automatic,205629.0,Diesel,125.0,25.3,3.0,Grey,5,17,0.06270171036186531,False,12095.823529411764
BMW100491,6 Series,2017,23286.29,Automatic,95757.0,Diesel,150.0,54.1,1.5,White,4,7,0.24318107292417265,False,13679.57142857143
BMW100492,3 Series,2014,22929.6,Automatic,109939.0,Petrol,150.0,36.9,2.5,Silver,5,10,0.20856656873357043,False,10993.9
BMW100493,1 Series,2010,15876.76,Semi-Auto,171671.0,Diesel,30.0,34.1,2.5,Silver,4,14,0.09248364604388627,False,12262.214285714286
BMW100494,X5,2010,28571.57,  Automatic  ,179729.0,Petrol,125.0,35.7,2.5,White,5,14,0.1589702830372394,True,12837.785714285714
BMW100495,2 Series,2014,22678.47,Semi-Auto,122148.0,Hybrid,125.0,26.8,2.0,Red,3,10,0.18566386678455646,False,12214.8
BMW100496, i3 ,2019,33985.22,Automatic,59179.0,Hybrid,145.0,38.2,2.0,Green,4,5,0.5742783757751906,False,11835.8
BMW100497, X1 ,2018,29220.25,Manual,66154.0,Petrol,145.0,36.8,1.5,Red,4,6,0.44170042627807843,False,11025.666666666666
BMW100498,4 Series,2016,25775.09,Automatic,111975.0,Petrol,145.0,41.2,2.0,Green,3,8,0.23018611297164546,False,13996.875
BMW100499,X5,2015,49147.17,Semi-Auto,96115.0,Petrol,125.0,31.1,3.0,White,4,9,0.511337148207876,True,10679.444444444445
BMW100500,X5,2014,38441.93,automatic,131231.0,Petrol,0.0,43.4,2.5,Red,4,10,0.29293330082069025,True,13123.1
BMW100501,6 Series,2006,3705.82,Manual,214365.0,Petrol,,42.7,2.5,,4,18,0.017287430317449212,False,11909.166666666666
BMW100502,X3,2015,32575.5,Manual,111617.0,Diesel,145.0,28.0,4.4,White,5,9,0.29185070374584515,False,12401.888888888889
BMW100503,3 Series,2019,28883.94,Manual,61858.0,Petrol,150.0,30.0,2.0,Silver,3,5,0.4669394419476866,False,12371.6
BMW100504,i3,2010,17575.56,Manual,159998.0,Hybrid,125.0,28.7,2.0,Red,5,14,0.10984862310778885,False,11428.42857142857
BMW100505,3 Series,2020,48146.74,semi-auto,56001.0,Petrol,20.0,25.5,4.4,Red,4,4,0.8597478616453277,False,14000.25
BMW100506,X5,2013,32127.07,Automatic,118727.0,Diesel,,29.1,1.6,Grey,3,11,0.27059615757157174,True,10793.363636363636
BMW100507,7 Series,2015,41898.5,  Manual  ,121844.0,Diesel,235.0,46.2,2.0,,4,9,0.3438700305308427,True,13538.222222222223
BMW100508,3 Series,2012,21517.46,Automatic,151189.0,Petrol,145.0,23.4,3.0,Silver,4,12,0.14232159747071546,False,12599.083333333334
BMW100509,3 Series,2023,39621.98,Manual,20881.0,Petrol,,23.2,2.0,Black,4,1,1.897513529045544,False,20881.0
BMW100510,5 Series,2014,20519.48,Automatic,126522.0,Diesel,125.0,30.9,2.0,Blue,4,10,0.16218112265060622,False,12652.2
BMW100511,3 Series,2013,24877.2,Semi-Auto,127428.0,Petrol,125.0,23.7,3.0,Black,5,11,0.19522553912797816,False,11584.363636363636
BMW100512,X5,2019,68982.93,Automatic,59346.0,Diesel,20.0,30.2,4.4,Silver,4,5,1.162385501971489,True,11869.2
BMW100513,M3,2022,63555.48,Automatic,30468.0,Petrol,145.0,43.2,2.5,Black,4,2,2.0859747932256796,True,15234.0
BMW100514,6 Series,2011,25393.82,Automatic,150389.0,Petrol,145.0,38.5,4.4,Grey,5,13,0.1688542380094289,False,11568.384615384615
BMW100515,3 Series,2019,28123.08,Semi-Auto,73031.0,Petrol,150.0,49.3,1.6,Grey,3,5,0.3850841423505087,False,14606.2
BMW100516,X3,2023,50464.34,manual,8942.0,Electric,150.0,51.0,2.0,Black,4,1,5.643518228584209,False,8942.0
BMW100517,5 Series,2005,6518.05,Automatic,230040.0,Diesel,125.0,32.5,3.0,Green,5,19,0.028334420100852027,False,12107.368421052632
BMW100518,7 Series,2022,69168.13,Automatic,27861.0,Diesel,125.0,28.7,3.5,Red,5,2,2.482614766160583,True,13930.5
BMW100519,3 Series,2010,11743.5,Manual,167834.0,Diesel,0.0,31.0,1.6,White,4,14,0.06997092365075015,False,11988.142857142857
BMW100520,5 Series,2007,4646.93,Manual,219607.0,Petrol,125.0,39.4,2.0,Grey,3,17,0.021160208918659242,False,12918.058823529413
BMW100521,3 Series,2011,17517.52,Automatic,147810.0,Diesel,125.0,32.6,2.0,Black,5,13,0.11851376767471755,False,11370.0
BMW100522,4 Series,2010,18841.84,Semi-Auto,167550.0,Diesel,30.0,21.6,3.0,Grey,4,14,0.11245502834974634,False,11967.857142857143
BMW100523,3 Series,2015,31637.31,Manual,105949.0,Diesel,145.0,29.1,4.4,,5,9,0.29860885897932027,False,11772.111111111111
BMW100524,5 Series,2013,23745.29,Manual,122549.0,Petrol,205.0,19.7,3.5,Silver,5,11,0.19376159740185558,False,11140.818181818182
BMW100525,4 Series,2007,14293.19,Automatic,196340.0,Petrol,145.0,29.6,3.5,Black,4,17,0.07279815625954976,False,11549.411764705883
BMW100526,X7,2017,52861.29,Manual,94198.0,Diesel,125.0,26.7,3.0,Black,4,7,0.561172105564874,True,13456.857142857143
BMW100527,7 Series,2011,37479.17,Semi-Auto,147505.0,Diesel,30.0,34.0,3.0,Black,5,13,0.2540874546625538,True,11346.538461538461
BMW100528,2 Series,2009,17035.94,Automatic,183270.0,Petrol,125.0,35.0,2.5,Grey,4,15,0.09295542096360561,False,12218.0
BMW100529,5 Series,2015,27865.37,Manual,113798.0,Petrol,150.0,37.8,2.0,Blue,4,9,0.24486695724002178,False,12644.222222222223
BMW100530,3 Series,2019,33678.34,Manual,58453.0,Diesel,205.0,30.5,2.0,Blue,5,5,0.5761610182539818,False,11690.6
BMW100531,X1,2022,38707.06,Automatic,28679.0,Petrol,0.0,30.7,2.0,Red,4,2,1.349665608982182,False,14339.5
BMW100532,3 Series,2010,25328.25,Semi-Auto,157111.0,Petrol,30.0,35.9,3.5,White,5,14,0.16121245488858196,False,11222.214285714286
BMW100533,X3,2010,16337.9,Semi-Auto,181250.0,Diesel,125.0,46.5,2.0,Blue,3,14,0.09014013793103448,False,12946.42857142857
BMW100534,5 Series,2006,1500.0,Manual,208599.0,Petrol,145.0,34.9,1.5,Grey,3,18,0.007190830253261041,False,11588.833333333334
BMW100535,1 Series,2021,36138.4,Automatic,41062.0,Petrol,125.0,26.3,2.5,White,4,3,0.880093517120452,False,13687.333333333334
BMW100536,5 Series,2016,30109.71,Automatic,100604.0,Petrol,145.0,37.2,2.0,Grey,4,8,0.2992893920718858,False,12575.5
BMW100537,1 Series,2013,25477.95,Automatic,148138.0,Diesel,150.0,20.7,3.0,Green,5,11,0.1719879436741417,False,13467.09090909091
BMW100538,1 Series,2007,9613.03,Automatic,203146.0,Diesel,125.0,24.8,3.0,White,4,17,0.0473207939117679,False,11949.764705882353
BMW100539,X5,2007,350000.0,Automatic,205916.0,Diesel,125.0,47.4,1.6,Silver,3,17,1.6997222168262787,True,12112.70588235294
BMW100540,3 Series,2017,30680.55,Manual,84025.0,Petrol,0.0,23.6,3.0,Red,3,7,0.36513597143707227,False,12003.57142857143
BMW100541,3 Series,2019,34132.85,Manual,66804.0,Petrol,125.0,44.8,2.0,Blue,4,5,0.5109402131608886,False,13360.8
BMW100542,5 Series,2013,25519.69,Automatic,128825.0,Diesel,150.0,39.6,3.0,Blue,4,11,0.19809578886085774,False,11711.363636363636
BMW100543, 5 Series ,2016,24063.48,AUTOMATIC,95126.0,Hybrid,,41.5,1.6,White,5,8,0.2529642789563316,False,11890.75
BMW100544,X3,2005,3144.38,Automatic,228642.0,Petrol,150.0,36.7,2.0,Silver,4,19,0.013752416441423712,False,12033.78947368421
BMW100545,5 Series,2019,35453.23,Automatic,63516.0,Petrol,20.0,26.6,3.5,Red,5,5,0.5581779394168399,False,12703.2
BMW100546,1 Series,2021,33355.0,Semi-Auto,41712.0,Petrol,20.0,23.3,2.0,Green,5,3,0.7996499808208669,False,13904.0
BMW100547,X1,2019,36831.92,Automatic,64841.0,Petrol,150.0,48.7,3.0,Green,5,5,0.568034422664672,False,12968.2
BMW100548,5 Series,2007,9415.41,Automatic,199251.0,Diesel,145.0,21.1,3.0,Blue,5,17,0.04725401629100983,False,11720.64705882353
BMW100549,X1,2007,4809.16,Automatic,198959.0,diesel,125.0,37.4,1.6,,3,17,0.024171613246950375,False,11703.470588235294
BMW100550,2 Series,2018,28712.89,Semi-Auto,80761.0,Diesel,235.0,35.0,1.5,Silver,5,6,0.35552915392330453,False,13460.166666666666
BMW100551,X5,2011,32996.33,Semi-Auto,181867.0,Petrol,145.0,42.0,2.0,Black,4,13,0.1814311007494488,True,13989.76923076923
BMW100552,3 Series,2005,6909.15,Automatic,235107.0,Hybrid,0.0,,2.5,White,4,19,0.029387257716699203,False,12374.052631578947
BMW100553,2 Series,2009,,Automatic,182801.0,Hybrid,205.0,33.6,2.0,Grey,4,15,,False,12186.733333333334
BMW100554,X3,2017,35505.21,Automatic,87214.0,Diesel,145.0,33.3,3.5,White,4,7,0.40710447863875066,False,12459.142857142857
BMW100555,2 Series,2013,29621.36,Automatic,123816.0,Electric,125.0,,2.0,Grey,4,11,0.23923693222200684,False,11256.0
BMW100556,3 Series,2018,38107.71,Semi-Auto,60039.0,Petrol,30.0,27.2,3.0,,3,6,0.6347159346424823,False,10006.5
BMW100557,X2,2005,1500.0,Semi-Auto,237420.0,Petrol,30.0,23.9,2.0,White,5,19,0.006317917614354309,False,12495.78947368421
BMW100558,1 Series,2014,22949.4,Manual,127051.0,Diesel,30.0,27.4,2.5,Silver,4,10,0.1806313999889808,False,12705.1
BMW100559,3 Series,2015,25957.92,Manual,109456.0,Diesel,150.0,40.8,2.0,Black,4,9,0.23715392486478584,False,12161.777777777777
BMW100560,3 Series,2013,23938.02,Semi-Auto,136918.0,Hybrid,0.0,45.8,3.0,Silver,3,11,0.17483471859068933,False,12447.09090909091
BMW100561, X2 ,2017,32218.41,Semi-Auto,85933.0,Diesel,145.0,27.5,3.5,Red,2,7,0.37492476696961585,False,12276.142857142857
BMW100562,Z4,2021,38707.17,Manual,999999.0,  Diesel  ,145.0,32.6,1.5,,4,3,0.03870720870720871,False,333333.0
BMW100563,2 Series,2011,18735.24,Semi-Auto,153254.0,Diesel,125.0,54.0,1.6,Grey,3,13,0.12224959870541716,False,11788.76923076923
BMW100564,1 Series,2015,29430.56,Semi-Auto,97860.0,Diesel,20.0,17.1,3.0,Red,4,9,0.30074146740241164,False,10873.333333333334
BMW100565,1 Series,2021,40497.19,Automatic,35367.0,Petrol,30.0,27.6,2.5,Green,4,3,1.1450558430175022,False,11789.0
BMW100566,6 Series,2019,33573.07,Semi-Auto,58431.0,Petrol,20.0,19.2,,White,4,5,0.5745763379028256,False,11686.2
BMW100567,7 Series,2008,35361.92,Manual,188252.0,Diesel,235.0,30.1,3.5,Green,4,16,0.18784352888681127,True,11765.75
BMW100568,3 Series,2007,12914.74,Automatic,221784.0,Diesel,125.0,22.5,4.4,Red,4,17,0.058231161851170506,False,13046.117647058823
BMW100569, X3 ,2019,34305.09,Manual,67502.0,Diesel,,33.5,2.0,Grey,5,5,0.5082084975259992,False,13500.4
BMW100570,3 Series,2016,27980.26,Automatic,96826.0,Petrol,125.0,17.8,2.5,Silver,5,8,0.2889746555677194,False,12103.25
BMW100571,3 Series,2015,26367.33,Manual,110178.0,Diesel,20.0,34.3,3.0,,5,9,0.23931574361487776,False,12242.0
BMW100572,5 Series,2007,9175.57,Automatic,207352.0,Petrol,125.0,44.1,3.5,Red,4,17,0.044251176742929894,False,12197.176470588236
BMW100573,X3,2021,37203.12,Manual,27576.0,diesel,125.0,44.5,2.0,Black,5,3,1.34911227154047,False,9192.0
BMW100574,3 Series,2022,42966.84,Automatic,10268.0,Hybrid,20.0,47.9,3.0,Silver,5,2,4.184538371640047,False,5134.0
BMW100575,X5,2020,56560.54,Automatic,32915.0,PETROL,20.0,34.7,2.0,Red,3,4,1.7183818927540635,True,8228.75
BMW100576,7 Series,2020,54250.07,Manual,50932.0,Petrol,150.0,40.1,1.6,Red,4,4,1.0651470588235294,True,12733.0
BMW100577,X3,2022,40288.91,Manual,24021.0,Petrol,150.0,44.2,2.0,Green,3,2,1.6772370009574957,False,12010.5
BMW100578,3 Series,2005,10203.16,Manual,222823.0,Petrol,125.0,44.7,3.5,Red,2,19,0.045790425584432484,False,11727.526315789473
BMW100579,7 Series,2006,26449.62,Manual,214191.0,Diesel,125.0,31.4,4.4,White,4,18,0.12348614087426642,True,11899.5
BMW100580, 1 Series ,2006,10007.06,Automatic,206311.0,Petrol,30.0,35.9,2.0,Red,5,18,0.048504733145590874,False,11461.722222222223
BMW100581,5 Series,2019,39650.41,Automatic,61481.0,Petrol,150.0,29.9,4.4,Green,4,5,0.6449213578178625,False,12296.2
BMW100582,5 Series,2020,36376.33,Automatic,46132.0,Petrol,205.0,31.9,2.0,Black,4,4,0.7885270528049944,False,11533.0
BMW100583,3 Series,2005,8320.43,Manual,207311.0,Petrol,20.0,46.4,,Green,3,19,0.040135014543367216,False,10911.105263157895
BMW100584,1 Series,2011,15155.99,Manual,152741.0,Petrol,150.0,35.1,1.6,Green,4,13,0.0992267302165103,False,11749.307692307691
BMW100585,5 Series,2014,25449.58,Automatic,113422.0,Hybrid,125.0,35.0,2.0,Silver,3,10,0.2243795736276913,False,11342.2
BMW100586,5 Series,2008,12893.92,Semi-Auto,190134.0,Petrol,30.0,37.2,3.5,Green,5,16,0.06781490948488961,False,11883.375
BMW100587,4 Series,2017,29300.18,Automatic,86552.0,Hybrid,150.0,,2.0,Green,4,7,0.3385268971254275,False,12364.57142857143
BMW100588,X4,2015,18304.52,Manual,96087.0,Diesel,,33.1,1.5,Black,5,9,0.19049944321292162,False,10676.333333333334
BMW100589,5 Series,2020,31237.01,Semi-Auto,52941.0,Hybrid,125.0,22.7,2.0,Green,4,4,0.5900343778923707,False,13235.25
BMW100590,6 Series,2016,38956.34,Manual,85047.0,Electric,125.0,46.4,2.0,Red,5,8,0.4580566039954378,False,10630.875
BMW100591,Z4,2013,22515.43,Automatic,145300.0,Petrol,150.0,43.9,3.0,Red,4,11,0.1549582243633861,False,13209.09090909091
BMW100592,5 Series,2015,25095.31,Automatic,108147.0,  Diesel  ,30.0,,2.5,Green,5,9,0.23204813818228892,False,12016.333333333334
BMW100593,X3,2016,20658.61,Manual,108942.0,Diesel,20.0,50.3,1.5,Red,3,8,0.18962943584659728,False,13617.75
BMW100594,X2,2012,23254.2,Semi-Auto,133716.0,  Diesel  ,145.0,30.3,2.5,,2,12,0.17390738580274612,False,11143.0
BMW100595,2 Series,2023,38506.71,Manual,7566.0,Petrol,125.0,35.7,2.0,Green,5,1,5.089440919904837,False,7566.0
BMW100596,X5,2008,21622.04,Manual,192740.0,Petrol,145.0,40.6,2.0,Green,3,16,0.11218242191553389,True,12046.25
BMW100597,8 Series,2011,34150.12,Automatic,168740.0,Petrol,125.0,41.1,2.5,White,4,13,0.2023830745525661,True,12980.0
BMW100598,X1,2022,42367.08,Automatic,37423.0,Diesel,205.0,,3.0,Black,5,2,1.1321134061940519,False,18711.5
BMW100599,5 Series,2015,30062.16,Manual,98401.0,Diesel,145.0,25.6,2.5,Red,5,9,0.30550665135516913,False,10933.444444444445
BMW100600,4 Series,2011,11154.53,Automatic,157503.0,Hybrid,0.0,41.1,1.5,White,5,13,0.07082106372577031,False,12115.615384615385
BMW100601,4 Series,2023,42960.16,manual,21975.0,Diesel,150.0,34.1,2.5,Green,5,1,1.9549560864618887,False,21975.0
BMW100602,6 Series,2018,27644.97,Manual,66719.0,Diesel,20.0,25.2,1.6,White,5,6,0.4143492858106387,False,11119.833333333334
BMW100603,5 Series,2017,35927.09,Semi-Auto,82061.0,Diesel,150.0,42.4,3.5,Silver,4,7,0.43780955630567503,False,11723.0
BMW100604,5 Series,2008,9182.4,Semi-Auto,183612.0,  Petrol  ,145.0,40.8,2.0,Black,4,16,0.050009803280831315,False,11475.75
BMW100605,1 Series,2017,32947.77,Semi-Auto,77614.0,Diesel,125.0,37.0,3.0,Red,4,7,0.42450807843945676,False,11087.714285714286
BMW100606,4 Series,2010,11415.22,Manual,175766.0,  Diesel  ,145.0,35.9,1.5,Silver,3,14,0.06494555260971974,False,12554.714285714286
BMW100607,6 Series,2021,37095.34,Manual,32243.0,Petrol,205.0,31.0,3.0,Silver,4,3,1.1504928201470086,False,10747.666666666666
BMW100608,3 Series,2011,18058.9,Automatic,141428.0,Petrol,125.0,24.0,2.0,Grey,4,13,0.1276897078372034,False,10879.076923076924
BMW100609,1 Series,2010,12763.34,Semi-Auto,164361.0,  Petrol  ,145.0,30.3,1.6,Red,4,14,0.07765430972067583,False,11740.07142857143
BMW100610,i3,2016,26340.33,Semi-Auto,94484.0,Hybrid,235.0,40.3,1.5,White,4,8,0.27878085178442913,False,11810.5
BMW100611,2 Series,2005,9103.86,  Automatic  ,224307.0,Diesel,235.0,44.7,3.0,Red,4,19,0.040586606748786266,False,11805.631578947368
BMW100612,8 Series,2017,45903.46,Manual,84716.0,Diesel,30.0,18.9,2.0,Blue,4,7,0.5418511261154918,True,12102.285714285714
BMW100613,1 Series,2014,20540.29,Manual,113850.0,Diesel,150.0,42.2,1.5,Silver,5,10,0.18041537110232764,False,11385.0
BMW100614,X1,2010,17812.59,Automatic,167869.0,Petrol,20.0,49.1,2.0,Silver,3,14,0.10611006201264081,False,11990.642857142857
BMW100615,X1,2009,17120.62,Automatic,180010.0,Petrol,125.0,28.7,2.0,Blue,5,15,0.09510927170712738,False,12000.666666666666
BMW100616, 3 Series ,2012,14142.9,Automatic,141517.0,Hybrid,125.0,53.8,1.5,Red,4,12,0.09993781665806935,False,11793.083333333334
BMW100617,5 Series,2007,16682.03,Semi-Auto,189534.0,Petrol,150.0,19.3,3.0,Red,4,17,0.08801602878639188,False,11149.058823529413
BMW100618,4 Series,2020,32407.59,Automatic,45594.0,Petrol,150.0,,1.5,Green,5,4,0.7107862876694302,False,11398.5
BMW100619,1 Series,2014,35234.17,Automatic,127613.0,Diesel,0.0,20.2,4.4,White,4,10,0.2761017294476268,False,12761.3
BMW100620,X3,2010,14688.78,Manual,173208.0,Hybrid,125.0,30.8,2.0,Green,5,14,0.08480428155743384,False,12372.0
BMW100621,3 Series,2011,12505.45,Semi-Auto,162605.0,Hybrid,145.0,17.4,1.5,Grey,4,13,0.07690692168137511,False,12508.076923076924
BMW100622,5 Series,2022,37632.75,Manual,22847.0,DIESEL,235.0,51.1,1.5,Blue,5,2,1.647163741410251,False,11423.5
BMW100623,4 Series,2010,10459.77,Semi-Auto,169920.0,Petrol,,45.4,2.0,Blue,3,14,0.06155702683615819,False,12137.142857142857
BMW100624,X1,2021,41018.24,Manual,36447.0,Petrol,145.0,15.0,3.5,Grey,3,3,1.1254215710483715,False,12149.0
BMW100625, 1 Series ,2022,39206.84,Automatic,24030.0,Diesel,125.0,47.4,2.0,Silver,5,2,1.631578859758635,False,12015.0
BMW100626,4 Series,2023,46133.58,Automatic,500.0,Petrol,20.0,41.5,3.0,Blue,4,1,92.26716,False,500.0
BMW100627,M3,2015,43380.19,Manual,110552.0,Diesel,125.0,35.9,1.6,Red,3,9,0.3923962479195311,True,12283.555555555555
BMW100628,X4,2023,50809.42,Automatic,16479.0,Diesel,125.0,39.7,4.4,Red,4,1,3.083282966199405,False,16479.0
BMW100629,1 Series,2008,13471.13,Automatic,194665.0,Diesel,125.0,19.2,4.4,Black,4,16,0.06920160275344822,False,12166.5625
BMW100630,3 Series,2010,11611.62,Automatic,169369.0,Petrol,20.0,42.5,2.0,Black,4,14,0.0685581186639822,False,12097.785714285714
BMW100631,1 Series,2017,41635.57,  Manual  ,78156.0,Diesel,150.0,15.0,4.4,Green,4,7,0.5327239111520549,False,11165.142857142857
BMW100632,3 Series,2023,43722.68,Manual,19210.0,Diesel,150.0,36.5,,,4,1,2.276037480478917,False,19210.0
BMW100633,3 Series,2006,2397.96,Manual,216768.0,Diesel,20.0,45.6,1.5,Blue,4,18,0.011062333923826394,False,12042.666666666666
BMW100634,X1,2018,30635.96,Automatic,71976.0,Petrol,30.0,21.5,2.5,Silver,3,6,0.42564132488607315,False,11996.0
BMW100635,3 Series,2019,34414.36,Semi-Auto,64722.0,Hybrid,205.0,41.2,2.5,Black,5,5,0.5317258428355119,False,12944.4
BMW100636,7 Series,2016,48415.9,Manual,101657.0,Diesel,20.0,38.1,2.5,,4,8,0.4762672516403199,True,12707.125
BMW100637,3 Series,2016,26229.79,SEMI-AUTO,92679.0,Diesel,145.0,42.7,1.5,White,3,8,0.2830176199570561,False,11584.875
BMW100638,X5,2006,15683.34,  Automatic  ,,Diesel,125.0,21.0,2.0,White,4,18,,True,
BMW100639,5 Series,2006,8852.78,Manual,220339.0,Diesel,0.0,57.7,2.0,Red,4,18,0.04017799844784627,False,12241.055555555555
BMW100640,6 Series,2013,22943.63,Automatic,128467.0,Diesel,150.0,29.7,3.5,Silver,5,11,0.17859551480146654,False,11678.818181818182
BMW100641,M2,2012,30303.32,Semi-Auto,149813.0,Diesel,145.0,43.8,1.5,White,5,12,0.20227430196311402,True,12484.416666666666
BMW100642,X3,2007,3058.14,Automatic,195323.0,Petrol,20.0,39.1,1.5,Green,4,17,0.01565683508854564,False,11489.588235294117
BMW100643,2 Series,2015,27179.44,Automatic,999999.0,Diesel,30.0,43.0,2.0,Black,3,9,0.02717946717946718,False,111111.0
BMW100644,Z4,2010,15687.14,Semi-Auto,175136.0,Diesel,0.0,47.4,1.5,Green,2,14,0.08957119038918326,False,12509.714285714286
BMW100645,5 Series,2016,27968.55,Semi-Auto,89555.0,Diesel,125.0,47.2,2.5,Green,3,8,0.3123058455697616,False,11194.375
BMW100646,3 Series,2007,10206.65,Automatic,193962.0,Petrol,30.0,25.3,2.5,Grey,2,17,0.052621905321660944,False,11409.529411764706
BMW100647,X1,2023,33461.65,Automatic,20436.0,Hybrid,145.0,33.7,1.6,Green,4,1,1.6373874535134079,False,20436.0
BMW100648,4 Series,2009,14716.16,Semi-Auto,186704.0,Petrol,145.0,33.6,4.4,Silver,4,15,0.078820807267118,False,12446.933333333332
BMW100649,5 Series,2023,40212.15,Manual,19774.0,Diesel,,40.4,2.0,Black,3,1,2.033587033478305,False,19774.0
BMW100650,3 Series,2005,1500.0,Automatic,221938.0,Petrol,,42.9,1.5,Grey,4,19,0.00675864430606746,False,11680.947368421053
BMW100651,Z4,2012,20684.2,Manual,132783.0,Hybrid,235.0,34.1,2.5,Green,2,12,0.1557744590798521,False,11065.25
BMW100652,3 Series,2017,31321.97,Automatic,99890.0,Diesel,205.0,28.7,3.0,Red,5,7,0.3135646210831915,False,14270.0
BMW100653,X3,2011,14869.35,Automatic,154473.0,Diesel,20.0,26.9,1.6,Black,3,13,0.09625856945874037,False,11882.538461538461
BMW100654,7 Series,2010,28117.53,Automatic,170748.0,Petrol,145.0,,2.0,Green,4,14,0.16467267552182163,True,12196.285714285714
BMW100655,5 Series,2012,23515.67,Semi-Auto,135120.0,Hybrid,145.0,40.4,2.5,White,4,12,0.17403544997039666,False,11260.0
BMW100656,X4,2005,9447.93,Automatic,226411.0,Petrol,145.0,39.7,3.0,White,4,19,0.04172911210144384,False,11916.368421052632
BMW100657,4 Series,2007,11861.91,Automatic,204282.0,Diesel,30.0,15.0,4.4,Black,5,17,0.05806634945810203,False,12016.588235294117
BMW100658,5 Series,2015,23540.8,Automatic,,Diesel,145.0,36.4,2.5,White,4,9,,False,
BMW100659,3 Series,2017,26854.12,Manual,66379.0,Petrol,125.0,38.4,1.6,Green,5,7,0.4045574654634749,False,9482.714285714286
BMW100660,X1,2014,24137.95,Semi-Auto,114754.0,Petrol,125.0,45.4,2.0,Red,4,10,0.21034517315300558,False,11475.4
BMW100661,1 Series,2020,28733.46,Automatic,51762.0,Petrol,150.0,33.2,2.0,Blue,5,4,0.5551072215138518,False,12940.5
BMW100662,M2,2006,21334.21,Automatic,214743.0,Petrol,150.0,30.8,3.0,Black,4,18,0.09934763880545582,True,11930.166666666666
BMW100663,3 Series,2007,10777.23,Semi-Auto,196841.0,Petrol,150.0,41.1,2.0,Green,5,17,0.05475094111491,False,11578.882352941177
BMW100664,3 Series,2017,21749.43,Manual,86883.0,Diesel,125.0,36.0,2.0,Grey,5,7,0.250330099098788,False,12411.857142857143
BMW100665,1 Series,2013,19199.48,Semi-Auto,132171.0,Petrol,205.0,37.6,2.0,Blue,3,11,0.14526242519160784,False,12015.545454545454
BMW100666,X2,2022,35697.88,Automatic,24246.0,Diesel,235.0,36.1,2.0,Grey,4,2,1.4723203827435452,False,12123.0
BMW100667,X3,2019,34966.28,semi-auto,63689.0,Petrol,205.0,29.3,2.5,Green,5,5,0.5490159996231688,False,12737.8
BMW100668,X5,2013,42525.05,MANUAL,140790.0,Diesel,125.0,15.0,3.5,White,5,11,0.30204595496839265,True,12799.09090909091
BMW100669,1 Series,2007,11069.21,  Manual  ,215088.0,Petrol,,29.8,2.0,Blue,3,17,0.05146363348954846,False,12652.235294117647
BMW100670,3 Series,2020,36464.04,Manual,46233.0,Petrol,20.0,29.2,2.0,White,4,4,0.7887015767957952,False,11558.25
BMW100671, X1 ,2015,24764.23,Manual,105520.0,Diesel,150.0,50.6,,Grey,4,9,0.2346875473843821,False,11724.444444444445
BMW100672,3 Series,2014,17152.96,Automatic,131504.0,Hybrid,125.0,43.4,1.5,Red,2,10,0.13043679279717726,False,13150.4
BMW100673,4 Series,2016,31259.66,Semi-Auto,99376.0,Petrol,150.0,29.4,3.0,Silver,5,8,0.3145594509740782,False,12422.0
BMW100674,X5,2023,71720.24,Automatic,4099.0,Diesel,150.0,40.5,2.5,Grey,5,1,17.497009026591854,True,4099.0
BMW100675,4 Series,2009,-500.0,Semi-Auto,190501.0,Petrol,30.0,35.4,1.5,Black,4,15,-0.0026246581382774895,False,12700.066666666668
BMW100676,X1,2009,13732.25,Automatic,188196.0,Diesel,145.0,15.8,3.0,Silver,2,15,0.07296781015536993,False,12546.4
BMW100677, 1 Series ,2006,1500.0,Manual,218551.0,petrol,150.0,44.8,2.0,White,4,18,0.006863386577961208,False,12141.722222222223
BMW100678,3 Series,2012,14483.75,Semi-Auto,148244.0,Diesel,125.0,32.4,1.5,Red,5,12,0.09770209924179056,False,12353.666666666666
BMW100679,1 Series,2016,28676.88,Automatic,99505.0,Diesel,205.0,49.4,1.6,Green,5,8,0.28819536706698157,False,12438.125
BMW100680,X6,2015,47465.63,Automatic,104739.0,Diesel,205.0,38.3,2.5,Silver,5,9,0.453180095284469,True,11637.666666666666
BMW100681,5 Series,2020,29990.45,Automatic,56393.0,Petrol,30.0,43.5,1.5,,4,4,0.5318115723582715,False,14098.25
BMW100682,7 Series,2019,60983.78,Automatic,57835.0,Diesel,205.0,20.0,2.5,Black,4,5,1.0544441946917955,True,11567.0
BMW100683,6 Series,2006,6467.81,Automatic,221794.0,Petrol,125.0,21.3,2.0,Grey,4,18,0.029161338900060417,False,12321.888888888889
BMW100684,3 Series,2014,27017.01,Automatic,130664.0,Petrol,145.0,48.1,3.0,Blue,4,10,0.20676705136839527,False,13066.4
BMW100685,5 Series,2022,41145.41,Manual,14195.0,Petrol,205.0,43.6,3.5,White,5,2,2.898584712927087,False,7097.5
BMW100686,X1,2010,13651.61,Manual,169802.0,Diesel,145.0,40.6,1.6,Red,4,14,0.08039722735892392,False,12128.714285714286
BMW100687, 1 Series ,2008,7727.13,Manual,202168.0,Diesel,150.0,30.6,3.0,Green,4,16,0.03822133077440545,False,12635.5
BMW100688,2 Series,2023,44340.9,Manual,16302.0,Diesel,145.0,,2.0,Green,4,1,2.719966875230033,False,16302.0
BMW100689,3 Series,2022,50452.86,Automatic,41857.0,Petrol,125.0,32.8,4.4,,5,2,1.2053625438994673,False,20928.5
BMW100690,X3,2006,3203.97,Manual,214048.0,Diesel,150.0,32.9,2.5,Black,5,18,0.014968465017192404,False,11891.555555555555
BMW100691,3 Series,2011,15680.94,Semi-Auto,147721.0,Hybrid,30.0,60.9,2.0,Silver,5,13,0.10615240893305623,False,11363.153846153846
BMW100692,M2,2021,64942.28,Automatic,26118.0,Diesel,125.0,36.2,3.0,Silver,4,3,2.4864951374530975,True,8706.0
BMW100693,5 Series,2008,3485.85,Semi-Auto,189388.0,Diesel,145.0,43.4,1.6,Grey,2,16,0.01840586520793292,False,11836.75
BMW100694,Z4,2017,27616.63,Manual,75113.0,Petrol,150.0,39.0,2.0,Silver,4,7,0.3676677805439804,False,10730.42857142857
BMW100695,1 Series,2020,29286.23,Manual,47820.0,Petrol,30.0,34.5,2.0,Silver,5,4,0.6124263906315349,False,11955.0
BMW100696,5 Series,2020,39901.31,Automatic,40289.0,Diesel,150.0,27.1,2.5,Green,5,4,0.9903772741939486,False,10072.25
BMW100697,X5,2016,54952.0,Semi-Auto,106834.0,Petrol,30.0,25.8,3.5,,5,8,0.5143680850665519,True,13354.25
BMW100698,X5,2008,26815.05,Semi-Auto,202784.0,Diesel,145.0,26.3,3.5,White,3,16,0.13223454513176583,True,12674.0
BMW100699,X5,2009,33857.34,Manual,169227.0,Petrol,205.0,24.7,3.5,Green,4,15,0.20007055611693167,True,11281.8
BMW100700,5 Series,2023,40405.23,Automatic,15051.0,petrol,150.0,39.3,2.0,White,2,1,2.6845545146501895,False,15051.0
BMW100701,3 Series,2014,24395.1,Automatic,115490.0,Petrol,235.0,15.0,3.0,Black,3,10,0.2112312754351026,False,11549.0
BMW100702,X4,2007,6859.41,Automatic,201506.0,Diesel,235.0,46.4,2.0,Blue,5,17,0.034040723353150774,False,11853.29411764706
BMW100703,i3,2008,10712.96,Manual,213512.0,Petrol,20.0,34.9,3.0,White,5,16,0.05017497845554348,False,13344.5
BMW100704,X6,2009,24197.09,Semi-Auto,184207.0,Petrol,,42.5,2.0,Blue,3,15,0.13135814599879483,True,12280.466666666667
BMW100705,1 Series,2021,32981.16,Manual,44582.0,Diesel,125.0,54.7,2.5,Red,5,3,0.7397864609035038,False,14860.666666666666
BMW100706,1 Series,2009,15775.69,Automatic,163472.0,Diesel,150.0,39.5,2.0,Grey,4,15,0.09650392727806598,False,10898.133333333333
BMW100707,1 Series,2023,36516.34,Manual,20111.0,Petrol,125.0,30.8,2.0,Grey,5,1,1.815739644970414,False,20111.0
BMW100708,2 Series,2006,4841.82,Automatic,210051.0,Petrol,150.0,43.8,2.0,Green,4,18,0.023050687690132396,False,11669.5
BMW100709,6 Series,2020,32087.1,Automatic,54582.0,Petrol,125.0,40.3,2.0,Red,5,4,0.5878696273496757,False,13645.5
BMW100710,2 Series,2019,38377.74,Automatic,64962.0,Diesel,235.0,40.2,2.0,Green,2,5,0.590772143714787,False,12992.4
BMW100711,X1,2019,33034.3,Automatic,74899.0,Diesel,125.0,42.4,2.0,,5,5,0.44105128239362346,False,14979.8
BMW100712,5 Series,2018,34715.12,Automatic,82820.0,Diesel,145.0,28.0,1.6,Blue,4,6,0.4191634870804154,False,13803.333333333334
BMW100713,1 Series,2011,15878.22,Automatic,156466.0,Petrol,20.0,44.3,2.0,Red,3,13,0.10148032160341544,False,12035.846153846154
BMW100714,5 Series,2008,10411.79,Semi-Auto,198813.0,Petrol,30.0,27.8,2.0,Grey,5,16,0.0523697645526198,False,12425.8125
BMW100715,3 Series,2012,19373.35,Automatic,146629.0,  Diesel  ,205.0,34.3,2.0,Green,4,12,0.13212495481794187,False,12219.083333333334
BMW100716,5 Series,2021,41936.44,Automatic,42425.0,Diesel,20.0,34.8,3.0,White,4,3,0.9884841484973483,False,14141.666666666666
BMW100717,3 Series,2023,37702.27,Manual,15108.0,Petrol,0.0,31.8,2.0,Green,4,1,2.495516944665078,False,15108.0
BMW100718,X2,2022,42933.97,Manual,40286.0,Electric,150.0,51.5,1.5,Grey,4,2,1.0657292856079035,False,20143.0
BMW100719,i3,2018,28248.78,Manual,82367.0,Petrol,150.0,43.4,2.0,Silver,4,6,0.3429623514271492,False,13727.833333333334
BMW100720,3 Series,2008,12912.04,Manual,188090.0,Hybrid,20.0,48.5,1.6,Grey,3,16,0.06864820032962944,False,11755.625
BMW100721,4 Series,2015,25244.91,Manual,101063.0,Petrol,150.0,35.7,2.0,Grey,4,9,0.24979379199113425,False,11229.222222222223
BMW100722,X3,2005,14071.11,Automatic,233130.0,Petrol,145.0,15.0,4.4,Green,5,19,0.06035735426586025,False,12270.0
BMW100723,1 Series,2011,16454.58,Automatic,154864.0,  Petrol  ,0.0,33.1,2.0,Blue,5,13,0.10625180803802046,False,11912.615384615385
BMW100724,X3,2019,36982.01,Manual,64115.0,Petrol,20.0,24.6,3.5,Green,5,5,0.5768074553536614,False,12823.0
BMW100725,2 Series,2011,26951.39,Manual,160734.0,Petrol,30.0,27.9,4.4,Blue,3,13,0.16767696940286436,False,12364.153846153846
BMW100726,3 Series,2016,23649.32,Semi-Auto,110706.0,Diesel,125.0,33.0,1.5,Black,5,8,0.21362274854118116,False,13838.25
BMW100727,X3,2020,35503.98,Automatic,53982.0,Petrol,125.0,32.4,2.5,Blue,4,4,0.6577003445592976,False,13495.5
BMW100728,X2,2012,19140.85,  Semi-Auto  ,156674.0,Hybrid,125.0,30.7,,,5,12,0.1221699197058861,False,13056.166666666666
BMW100729, 6 Series ,2014,23396.3,Automatic,133082.0,Diesel,20.0,22.1,3.0,Silver,4,10,0.17580363986113823,False,13308.2
BMW100730,2 Series,2018,31776.29,Automatic,80780.0,Diesel,150.0,41.0,2.0,White,5,6,0.3933682842287695,False,13463.333333333334
BMW100731,1 Series,2018,28605.82,Semi-Auto,92815.0,Petrol,20.0,35.3,1.5,Blue,4,6,0.30820255346657327,False,15469.166666666666
BMW100732,3 Series,2022,41778.72,Manual,10246.0,Petrol,205.0,43.3,3.0,Green,4,2,4.077563927386297,False,5123.0
BMW100733,X1,2007,4326.59,Semi-Auto,198803.0,Petrol,30.0,45.8,1.6,Black,4,17,0.02176320276856989,False,11694.29411764706
BMW100734,X6,2011,42234.04,Automatic,159609.0,Petrol,,44.6,3.0,Black,4,13,0.2646093891948449,True,12277.615384615385
BMW100735,3 Series,2012,14662.69,Automatic,136050.0,Petrol,30.0,48.0,2.0,White,3,12,0.10777427416391033,False,11337.5
BMW100736,3 Series,2017,24120.25,Automatic,85942.0,Petrol,0.0,27.4,1.5,Silver,5,7,0.28065730376300296,False,12277.42857142857
BMW100737,X3,2017,27700.91,Manual,89546.0,Petrol,150.0,45.6,2.0,Black,4,7,0.3093483796037791,False,12792.285714285714
BMW100738,3 Series,2006,4082.49,Semi-Auto,216213.0,Petrol,205.0,35.4,2.0,Black,2,18,0.01888179711673211,False,12011.833333333334
BMW100739,1 Series,2023,42133.62,Manual,17990.0,Diesel,0.0,26.4,3.0,Black,4,1,2.342057809894386,False,17990.0
BMW100740,X1,2018,36435.81,Automatic,73865.0,Diesel,0.0,,3.5,Blue,5,6,0.49327570567927975,False,12310.833333333334
BMW100741,X1,2007,6150.96,MANUAL,206738.0,Petrol,205.0,35.2,2.0,Black,4,17,0.029752440286739738,False,12161.058823529413
BMW100742,5 Series,2009,15507.19,Automatic,191150.0,Petrol,150.0,31.5,2.5,Green,5,15,0.08112576510593775,False,12743.333333333334
BMW100743,M3,2006,10202.38,Manual,217266.0,Hybrid,125.0,40.4,2.0,Black,5,18,0.04695801459961522,True,12070.333333333334
BMW100744,X3,2022,39876.07,Automatic,26294.0,Diesel,150.0,34.9,3.0,Grey,3,2,1.5165463603864,False,13147.0
BMW100745,4 Series,2005,3455.23,  Automatic  ,216361.0,Petrol,235.0,38.9,2.0,,4,19,0.015969745009498014,False,11387.421052631578
BMW100746,1 Series,2010,11227.95,Automatic,156427.0,Petrol,125.0,30.8,1.5,Blue,4,14,0.0717775703682868,False,11173.357142857143
BMW100747,i3,2019,36710.14,Manual,62369.0,Petrol,235.0,33.4,2.5,White,2,5,0.5885959370841283,False,12473.8
BMW100748,5 Series,2012,18653.32,Semi-Auto,152922.0,DIESEL,20.0,43.9,2.0,Green,4,12,0.12197930971344868,False,12743.5
BMW100749,3 Series,2010,29072.0,Automatic,169853.0,Diesel,20.0,32.4,4.4,Black,5,14,0.17115976756371687,False,12132.357142857143
BMW100750,1 Series,2017,31539.69,Semi-Auto,89836.0,Petrol,150.0,43.9,2.0,Green,4,7,0.3510807471392315,False,12833.714285714286
BMW100751,3 Series,2020,40317.72,Semi-Auto,54001.0,Petrol,125.0,26.0,3.5,Blue,4,4,0.7466106183218829,False,13500.25
BMW100752,5 Series,2012,23582.74,Manual,141034.0,Petrol,125.0,33.2,3.0,Red,4,12,0.16721315427485572,False,11752.833333333334
BMW100753,5 Series,2015,19741.83,Automatic,116833.0,Petrol,150.0,41.0,2.0,Blue,4,9,0.16897477596227095,False,12981.444444444445
BMW100754, X1 ,2010,16265.46,Semi-Auto,171741.0,Petrol,145.0,50.4,2.0,Silver,4,14,0.09470924240571559,False,12267.214285714286
BMW100755,X2,2009,6956.12,Manual,190078.0,Diesel,30.0,40.5,1.5,Green,4,15,0.03659613421858395,False,12671.866666666667
BMW100756,3 Series,2018,31110.43,Semi-Auto,74420.0,Hybrid,125.0,27.4,2.0,Grey,4,6,0.4180385649019081,False,12403.333333333334
BMW100757,3 Series,2008,13012.49,AUTOMATIC,213987.0,Petrol,125.0,23.1,3.0,Black,4,16,0.06080972208592111,False,13374.1875
BMW100758,X4,2021,39987.34,Automatic,45812.0,Petrol,235.0,30.2,2.0,White,4,3,0.8728573299572163,False,15270.666666666666
BMW100759,X3,2008,4347.46,Manual,202647.0,Diesel,30.0,36.0,1.5,Grey,3,16,0.021453364717957828,False,12665.4375
BMW100760,3 Series,2015,25125.63,Automatic,116942.0,Diesel,150.0,27.3,2.5,Blue,4,9,0.21485548391510323,False,12993.555555555555
BMW100761,X1,2017,37159.91,Semi-Auto,85177.0,Petrol,125.0,29.9,3.0,Red,5,7,0.436266949998239,False,12168.142857142857
BMW100762,X5,2012,36656.68,Automatic,152387.0,Hybrid,150.0,27.5,3.0,Grey,4,12,0.24054991567522163,True,12698.916666666666
BMW100763,i3,2013,31184.41,Automatic,135027.0,Diesel,125.0,28.7,4.4,,3,11,0.2309494397416813,False,12275.181818181818
BMW100764,5 Series,2018,31787.94,Manual,75557.0,Petrol,30.0,31.3,2.5,White,5,6,0.42071469221911934,False,12592.833333333334
BMW100765,4 Series,2019,33954.4,Automatic,68488.0,Petrol,145.0,31.0,3.0,Silver,5,5,0.4957715220184558,False,13697.6
BMW100766,3 Series,2005,10062.84,Automatic,226862.0,Hybrid,235.0,41.9,4.4,Silver,5,19,0.04435665735116503,False,11940.105263157895
BMW100767,X5,2007,21397.34,Manual,204416.0,Hybrid,125.0,,2.0,Blue,4,17,0.10467546571696931,True,12024.470588235294
BMW100768,Z4,2019,43709.8,Manual,64973.0,Petrol,145.0,35.4,4.4,Silver,4,5,0.672737906515014,False,12994.6
BMW100769,1 Series,2006,10408.79,Automatic,221863.0,hybrid,150.0,41.7,3.0,Red,4,18,0.04691539373397097,False,12325.722222222223
BMW100770, 1 Series ,2020,33996.55,Manual,51553.0,Petrol,150.0,28.9,2.0,Black,4,4,0.6594485286986209,False,12888.25
BMW100771,3 Series,2017,28688.66,Manual,85377.0,Petrol,30.0,39.7,1.6,Black,5,7,0.33602328495964956,False,12196.714285714286
BMW100772,3 Series,2023,52827.34,Automatic,18585.0,Electric,20.0,39.5,3.5,Green,4,1,2.842471885929513,False,18585.0
BMW100773,X3,2008,8957.78,Manual,180314.0,Petrol,125.0,35.3,2.0,Silver,4,16,0.049678782568186614,False,11269.625
BMW100774,1 Series,2010,16170.4,Manual,170391.0,Diesel,20.0,37.1,2.0,Grey,3,14,0.0949017260301307,False,12170.785714285714
BMW100775,X5,2016,43573.83,Semi-Auto,96624.0,Petrol,20.0,45.9,1.6,Silver,5,8,0.4509628042722305,True,12078.0
BMW100776,5 Series,2015,22669.3,Manual,112826.0,Diesel,20.0,32.1,2.0,Silver,4,9,0.2009226596706433,False,12536.222222222223
BMW100777,1 Series,2018,27839.29,Manual,85127.0,Petrol,150.0,29.2,1.5,Red,4,6,0.32703243389288944,False,14187.833333333334
BMW100778,1 Series,2014,20852.47,Automatic,116365.0,Petrol,150.0,27.4,2.0,White,5,10,0.17919881407639754,False,11636.5
BMW100779,1 Series,2009,12432.52,Semi-Auto,178749.0,Diesel,235.0,36.2,1.5,Grey,5,15,0.06955294854796391,False,11916.6
BMW100780,5 Series,2019,35018.25,Automatic,58207.0,  Petrol  ,150.0,28.4,2.0,Black,4,5,0.601615785043036,False,11641.4
BMW100781,X5,2011,36004.53,Automatic,151687.0,Diesel,0.0,,3.0,,4,13,0.23736068351275982,True,11668.23076923077
BMW100782,X1,2013,20281.34,Manual,124503.0,Diesel,150.0,28.0,2.0,Black,5,11,0.16289840405452077,False,11318.454545454546
BMW100783,4 Series,2010,23350.57,Semi-Auto,171648.0,Diesel,20.0,,3.5,Red,4,14,0.13603753029455629,False,12260.57142857143
BMW100784,3 Series,2017,24673.98,Semi-Auto,77336.0,Diesel,150.0,35.8,2.0,Blue,4,7,0.31904908451432706,False,11048.0
BMW100785,3 Series,2005,4577.32,Manual,,Petrol,20.0,45.1,2.0,Red,4,19,,False,
BMW100786,1 Series,2015,22527.61,automatic,106113.0,Petrol,0.0,52.2,1.6,Blue,4,9,0.21229830463750907,False,11790.333333333334
BMW100787,5 Series,2021,36522.02,Manual,25382.0,Petrol,125.0,45.2,2.5,White,2,3,1.4388944921597981,False,8460.666666666666
BMW100788,X1,2015,22320.09,Manual,100539.0,Diesel,30.0,40.4,2.0,Red,4,9,0.22200429684003223,False,11171.0
BMW100789,X4,2009,13049.62,Automatic,176465.0,Petrol,125.0,,2.0,Silver,5,15,0.07395018842263339,False,11764.333333333334
BMW100790, X2 ,2018,36142.66,Automatic,57184.0,Diesel,125.0,18.7,3.0,Black,4,6,0.6320414801343034,False,9530.666666666666
BMW100791,X5,2011,42279.28,Manual,165079.0,Diesel,235.0,27.7,4.4,Black,4,13,0.25611543563990574,True,12698.384615384615
BMW100792,5 Series,2019,34283.46,Manual,49285.0,Diesel,125.0,36.5,2.5,Red,5,5,0.6956165161813939,False,9857.0
BMW100793,3 Series,2023,38266.36,Manual,13414.0,Petrol,,21.9,2.0,Green,4,1,2.852718055762636,False,13414.0
BMW100794,M3,2005,18173.22,Manual,225838.0,diesel,145.0,31.4,3.0,,4,19,0.08047016002621349,True,11886.21052631579
BMW100795,i3,2005,5341.29,Manual,225585.0,Petrol,145.0,45.9,2.0,Grey,5,19,0.02367750515326817,False,11872.894736842105
BMW100796,X1,2013,19971.46,Semi-Auto,124615.0,Petrol,0.0,22.3,3.5,Grey,3,11,0.16026529711511456,False,11328.636363636364
BMW100797,X3,2020,46318.55,automatic,43038.0,Electric,150.0,46.0,2.0,Blue,4,4,1.0762244992797063,False,10759.5
BMW100798, X2 ,2013,20472.58,Automatic,129211.0,Diesel,125.0,,2.5,White,5,11,0.1584430118178793,False,11746.454545454546
BMW100799,X3,2016,27847.88,Manual,95488.0,Petrol,125.0,27.3,2.0,Blue,4,8,0.2916374832439678,False,11936.0
BMW100800,X1,2013,25720.22,Automatic,134480.0,Petrol,125.0,32.2,3.0,,5,11,0.19125684116597264,False,12225.454545454546
BMW100801,3 Series,2010,13597.29,manual,169415.0,Petrol,145.0,39.6,2.0,Black,5,14,0.08026024850219875,False,12101.07142857143
BMW100802,2 Series,2018,29302.46,Automatic,62275.0,Petrol,125.0,26.5,2.5,Grey,4,6,0.4705332798073063,False,10379.166666666666
BMW100803,X3,2008,5988.17,Manual,195204.0,Petrol,20.0,25.0,2.0,Grey,4,16,0.03067647179361079,False,12200.25
BMW100804,X5,2010,34796.99,Manual,174119.0,Diesel,20.0,40.2,3.0,Black,3,14,0.1998460248450772,True,12437.07142857143
BMW100805,X6,2016,42897.33,Automatic,110687.0,Diesel,145.0,23.3,1.6,Grey,4,8,0.3875552684597107,True,13835.875
BMW100806,7 Series,2021,60883.52,Manual,26692.0,Petrol,125.0,25.8,1.5,Blue,4,3,2.2809650831709876,True,8897.333333333334
BMW100807,X3,2023,38328.01,Automatic,6825.0,Petrol,145.0,,2.0,Blue,2,1,5.6158256410256415,False,6825.0
BMW100808,5 Series,2013,22895.11,Semi-Auto,129503.0,Petrol,150.0,34.6,2.0,White,5,11,0.17679212064585376,False,11773.0
BMW100809,X1,2021,31104.88,Automatic,57684.0,Petrol,30.0,30.9,1.6,,3,3,0.5392289022952639,False,19228.0
BMW100810,M3,2014,38342.78,Manual,128955.0,Diesel,20.0,43.3,2.0,Blue,3,10,0.29733457407622815,True,12895.5
BMW100811,Z4,2019,33626.94,Automatic,52643.0,Petrol,125.0,36.2,3.0,Silver,5,5,0.6387732462055734,False,10528.6
BMW100812,1 Series,2017,28822.23,manual,80275.0,Diesel,30.0,34.3,2.5,Grey,4,7,0.35904366241046404,False,11467.857142857143
BMW100813,X1,2012,,Semi-Auto,149876.0,Electric,125.0,42.8,2.0,Silver,4,12,,False,12489.666666666666
BMW100814,X2,2013,32179.5,Automatic,134249.0,Petrol,145.0,16.9,4.4,Red,4,11,0.23970010949802234,False,12204.454545454546
BMW100815,3 Series,2010,12761.88,Automatic,166222.0,Petrol,125.0,37.5,2.5,Green,3,14,0.07677611868465065,False,11873.0
BMW100816,8 Series,2018,52150.85,Manual,83094.0,  Petrol  ,235.0,41.7,2.0,Green,3,6,0.6276127036849832,True,13849.0
BMW100817,X1,2022,40885.61,Automatic,17739.0,Diesel,125.0,28.7,2.5,Red,4,2,2.3048430012965784,False,8869.5
BMW100818,i3,2011,16183.79,Manual,139817.0,Diesel,125.0,29.1,1.6,Green,4,13,0.11574980152628078,False,10755.153846153846
BMW100819,5 Series,2019,37192.58,Semi-Auto,59440.0,Petrol,145.0,39.6,3.0,Green,5,5,0.6257163526244953,False,11888.0
BMW100820,X3,2012,28980.38,Manual,143764.0,Diesel,125.0,27.2,3.5,Red,4,12,0.20158301104588075,False,11980.333333333334
BMW100821,X2,2016,27612.51,Manual,106262.0,Hybrid,30.0,31.7,3.0,Black,5,8,0.25985309894411923,False,13282.75
BMW100822,3 Series,2017,33257.46,Semi-Auto,66760.0,Petrol,145.0,37.3,3.5,Blue,4,7,0.49816446974236067,False,9537.142857142857
BMW100823,X3,2023,46059.48,Semi-Auto,23281.0,Petrol,145.0,24.3,,Silver,5,1,1.9784150165370904,False,23281.0
BMW100824,5 Series,2019,38052.25,Manual,50423.0,Diesel,145.0,42.2,2.0,Black,3,5,0.7546605715645638,False,10084.6
BMW100825,3 Series,2022,39906.9,Automatic,39115.0,Hybrid,125.0,38.4,1.6,Blue,4,2,1.0202454301418893,False,19557.5
BMW100826,5 Series,2013,22528.85,Automatic,124889.0,Diesel,205.0,35.4,2.5,Green,3,11,0.1803909871966306,False,11353.545454545454
BMW100827,1 Series,2010,17656.11,Automatic,,Petrol,150.0,48.8,2.0,Black,4,14,,False,
BMW100828,6 Series,2006,8523.4,Automatic,213249.0,Petrol,125.0,37.7,2.0,,5,18,0.03996923783933336,False,11847.166666666666
BMW100829,5 Series,2011,18425.7,Manual,151568.0,Diesel,150.0,38.9,2.5,Silver,4,13,0.12156721735458673,False,11659.076923076924
BMW100830,3 Series,2012,22610.16,Semi-Auto,153277.0,Petrol,0.0,45.0,2.0,Green,5,12,0.1475117597552144,False,12773.083333333334
BMW100831,4 Series,2016,24282.06,Automatic,105721.0,Petrol,30.0,31.8,2.0,White,4,8,0.22968057434189992,False,13215.125
BMW100832,4 Series,2010,18614.63,Automatic,173579.0,Petrol,145.0,26.0,1.6,Red,3,14,0.10724010392962283,False,12398.5
BMW100833,X1,2014,19429.09,Manual,126739.0,Diesel,30.0,49.6,1.5,Blue,4,10,0.15330001025730045,False,12673.9
BMW100834,5 Series,2011,17502.11,Semi-Auto,152643.0,Diesel,145.0,24.4,2.0,Silver,4,13,0.11466041678950231,False,11741.76923076923
BMW100835,7 Series,2014,35355.44,  Automatic  ,116791.0,Diesel,150.0,32.7,2.0,Black,4,10,0.30272401126799153,True,11679.1
BMW100836,5 Series,2015,31890.59,Semi-Auto,103101.0,Hybrid,30.0,30.8,3.5,Grey,5,9,0.3093140706685677,False,11455.666666666666
BMW100837,4 Series,2012,25887.25,Automatic,153120.0,Petrol,20.0,16.0,3.5,White,4,12,0.16906511233019852,False,12760.0
BMW100838,X5,2010,25038.66,Manual,167335.0,Petrol,150.0,34.7,2.0,Silver,4,14,0.14963193593689306,True,11952.5
BMW100839,5 Series,2009,8798.75,Automatic,179548.0,Diesel,20.0,28.1,2.0,Silver,4,15,0.04900500144808074,False,11969.866666666667
BMW100840,X3,2012,16679.32,Manual,148611.0,diesel,20.0,39.4,2.0,Silver,4,12,0.11223476054935368,False,12384.25
BMW100841,M4,2007,18688.93,Semi-Auto,216946.0,Hybrid,20.0,42.2,2.0,Black,4,17,0.08614553852110664,True,12761.529411764706
BMW100842,1 Series,2020,35460.43,Semi-Auto,50150.0,Petrol,145.0,44.3,2.5,Red,3,4,0.7070873379860418,False,12537.5
BMW100843,3 Series,2020,26980.02,Automatic,49131.0,Hybrid,145.0,54.2,,White,4,4,0.5491445319655615,False,12282.75
BMW100844,M3,2013,37856.31,Automatic,117983.0,Diesel,,28.3,2.0,Silver,5,11,0.32086241238144475,True,10725.727272727272
BMW100845,M4,2008,27668.81,AUTOMATIC,181883.0,Diesel,125.0,36.9,2.0,Black,5,16,0.15212422271460224,True,11367.6875
BMW100846,X1,2007,6791.07,Semi-Auto,202650.0,Petrol,145.0,34.9,2.0,Grey,5,17,0.03351132494448557,False,11920.588235294117
BMW100847,X5,2016,51703.69,Automatic,110577.0,Diesel,125.0,26.1,2.0,Grey,4,8,0.4675808712480896,True,13822.125
BMW100848,5 Series,2023,46283.32,Automatic,11695.0,Petrol,150.0,41.4,2.5,Silver,3,1,3.957530568619068,False,11695.0
BMW100849,4 Series,2014,22205.03,Manual,120058.0,Diesel,125.0,38.5,2.0,Black,3,10,0.18495252294724215,False,12005.8
BMW100850, i8 ,2007,18531.65,Manual,194275.0,Hybrid,145.0,30.3,2.5,Blue,5,17,0.09538875305623473,False,11427.941176470587
BMW100851,6 Series,2013,22923.94,MANUAL,133104.0,Petrol,125.0,33.3,2.0,Green,5,11,0.17222577833874264,False,12100.363636363636
BMW100852,X7,2012,33031.38,Automatic,141685.0,Diesel,145.0,44.6,2.0,,4,12,0.23313251226311887,True,11807.083333333334
BMW100853,X1,2014,25507.53,Automatic,120436.0,Diesel,125.0,42.5,2.5,White,4,10,0.21179323458102228,False,12043.6
BMW100854,4 Series,2015,34369.31,Automatic,111144.0,  Hybrid  ,145.0,19.2,4.4,Black,4,9,0.30923225725185344,False,12349.333333333334
BMW100855,i3,2009,14865.23,Automatic,196123.0,Petrol,125.0,33.9,2.5,White,5,15,0.07579544469542072,False,13074.866666666667
BMW100856,3 Series,2010,13822.12,Automatic,175819.0,Diesel,150.0,39.4,1.5,Silver,3,14,0.0786156217473652,False,12558.5
BMW100857,2 Series,2020,37133.8,Manual,55942.0,Diesel,205.0,39.1,3.5,White,4,4,0.6637910693217977,False,13985.5
BMW100858,2 Series,2008,14175.78,Semi-Auto,208825.0,Petrol,235.0,31.9,2.5,Blue,4,16,0.06788353884831798,False,13051.5625
BMW100859,3 Series,2008,10056.63,Automatic,175589.0,Diesel,125.0,43.4,2.0,Grey,4,16,0.057273690265335526,False,10974.3125
BMW100860,X1,2018,39201.73,Semi-Auto,75832.0,Petrol,125.0,35.4,3.5,Silver,5,6,0.5169549794282098,False,12638.666666666666
BMW100861,X6,2011,42181.2,Semi-Auto,150266.0,Electric,145.0,39.1,2.0,Blue,4,13,0.28071020723250767,True,11558.923076923076
BMW100862,X3,2021,,Semi-Auto,36663.0,Petrol,205.0,39.9,4.4,Grey,4,3,,False,12221.0
BMW100863,X3,2015,34630.3,Automatic,106470.0,Electric,150.0,37.0,2.0,Silver,4,9,0.32525875833568146,False,11830.0
BMW100864,7 Series,2006,26449.62,Manual,214191.0,Diesel,125.0,31.4,4.4,White,4,18,0.12348614087426642,True,11899.5
BMW100865, 5 Series ,2005,5299.67,Semi-Auto,226986.0,Diesel,150.0,32.2,3.5,Silver,4,19,0.023348003841646623,False,11946.631578947368
BMW100866,4 Series,2006,13694.03,MANUAL,225659.0,Hybrid,125.0,32.7,4.4,,4,18,0.06068461705493688,False,12536.611111111111
BMW100867,5 Series,2021,35556.24,Semi-Auto,32674.0,Diesel,,,2.0,White,4,3,1.0882120340331762,False,10891.333333333334
BMW100868,3 Series,2013,25707.01,Semi-Auto,133849.0,Hybrid,125.0,39.6,3.0,Green,5,11,0.19205978378620683,False,12168.09090909091
BMW100869,7 Series,2015,44610.13,Semi-Auto,104589.0,Petrol,205.0,29.6,3.5,Blue,4,9,0.4265279331478454,True,11621.0
BMW100870,3 Series,2011,13893.43,Manual,168208.0,Hybrid,150.0,27.9,2.5,Blue,4,13,0.08259672548273567,False,12939.076923076924
BMW100871,X4,2012,16319.29,Automatic,163985.0,Petrol,145.0,27.3,2.0,White,5,12,0.09951696801536726,False,13665.416666666666
BMW100872,5 Series,2010,17536.0,Semi-Auto,155754.0,Diesel,145.0,38.0,2.5,Silver,2,14,0.11258779870821937,False,11125.285714285714
BMW100873,7 Series,2006,15784.13,Manual,226873.0,Petrol,20.0,50.7,1.5,Silver,4,18,0.06957253617662745,True,12604.055555555555
BMW100874, 3 Series ,2017,31413.09,Semi-Auto,85317.0,Petrol,125.0,,3.0,Silver,4,7,0.3681926228067091,False,12188.142857142857
BMW100875,X1,2020,35124.5,Automatic,49243.0,Petrol,145.0,31.4,2.0,Grey,4,4,0.7132891984647564,False,12310.75
BMW100876, X3 ,2010,17299.7,manual,163604.0,Petrol,125.0,31.3,3.5,Blue,4,14,0.10574130216865114,False,11686.0
BMW100877,8 Series,2019,54100.42,Automatic,61982.0,Petrol,125.0,28.3,2.0,Black,5,5,0.8728408247555741,True,12396.4
BMW100878,X3,2014,24329.66,Automatic,121073.0,Petrol,30.0,38.6,2.0,White,5,10,0.2009503357478546,False,12107.3
BMW100879,3 Series,2016,29722.61,Automatic,98961.0,Petrol,,20.0,3.5,Red,4,8,0.3003467022362345,False,12370.125
BMW100880,2 Series,2013,28431.54,Manual,129993.0,Petrol,145.0,25.7,3.5,Silver,4,11,0.21871593085781543,False,11817.545454545454
BMW100881,8 Series,2009,43086.37,Manual,171823.0,Diesel,145.0,40.1,4.4,Blue,3,15,0.2507602009044191,True,11454.866666666667
BMW100882,1 Series,2013,16083.06,Automatic,,Petrol,150.0,41.8,1.6,Red,5,11,,False,
BMW100883,X5,2007,,Semi-Auto,207780.0,Diesel,125.0,31.6,3.0,Grey,4,17,,True,12222.35294117647
BMW100884,3 Series,2007,8882.0,Automatic,211428.0,Hybrid,235.0,42.5,1.5,Green,4,17,0.042009572998845945,False,12436.941176470587
BMW100885,5 Series,2013,13467.02,Manual,137151.0,Petrol,145.0,32.3,1.5,White,4,11,0.09819119073138366,False,12468.272727272728
BMW100886,2 Series,2017,34929.95,Manual,94794.0,Diesel,205.0,35.8,3.5,Black,4,7,0.36848270987615245,False,13542.0
BMW100887,4 Series,2013,21993.54,Automatic,129424.0,Petrol,20.0,,2.0,Red,5,11,0.16993401532945976,False,11765.818181818182
BMW100888,3 Series,2017,29017.89,Manual,92152.0,Petrol,125.0,46.7,1.5,Red,3,7,0.31489159215209656,False,13164.57142857143
BMW100889,5 Series,2016,26778.29,Semi-Auto,94118.0,Diesel,235.0,34.7,2.5,Silver,5,8,0.28451826430650884,False,11764.75
BMW100890,4 Series,2008,12037.81,Semi-Auto,189865.0,Petrol,205.0,33.1,2.5,Silver,3,16,0.06340194348616121,False,11866.5625
BMW100891,1 Series,2011,13146.84,Semi-Auto,153578.0,Diesel,0.0,45.8,2.0,Blue,5,13,0.0856036671919155,False,11813.692307692309
BMW100892, 3 Series ,2023,38826.14,Automatic,2763.0,Hybrid,205.0,41.5,2.0,Silver,4,1,14.052167933405718,False,2763.0
BMW100893,3 Series,2016,25993.61,Manual,109696.0,  Petrol  ,30.0,22.9,2.5,Blue,3,8,0.23696041788214703,False,13712.0
BMW100894,5 Series,2015,25808.67,Semi-Auto,106316.0,Hybrid,145.0,35.7,2.0,Silver,3,9,0.24275433613002745,False,11812.888888888889
BMW100895,X1,2017,34245.19,Manual,65140.0,Diesel,145.0,41.6,2.0,Red,5,7,0.5257167638931532,False,9305.714285714286
BMW100896,X2,2009,22588.03,Automatic,182790.0,Petrol,20.0,31.6,3.5,Silver,4,15,0.1235736637671645,False,12186.0
BMW100897,X3,2016,30256.91,Manual,90126.0,Petrol,125.0,37.0,4.4,White,3,8,0.3357178838514968,False,11265.75
BMW100898,1 Series,2016,29855.64,semi-auto,86158.0,Diesel,20.0,29.3,3.5,,4,8,0.3465219712620999,False,10769.75
BMW100899,6 Series,2009,15195.75,Semi-Auto,181046.0,Diesel,145.0,25.9,3.0,Red,4,15,0.0839330888282536,False,12069.733333333334
BMW100900,4 Series,2013,24112.22,Manual,128701.0,petrol,150.0,39.2,3.0,,5,11,0.1873506810358894,False,11700.09090909091
BMW100901,1 Series,2020,43729.37,Automatic,57890.0,Diesel,205.0,42.7,3.5,Silver,4,4,0.75538728623251,False,14472.5
BMW100902,4 Series,2014,27064.69,Manual,113091.0,Diesel,125.0,45.7,3.5,Red,2,10,0.23931780601462538,False,11309.1
BMW100903,1 Series,2005,3983.96,Semi-Auto,229301.0,Diesel,145.0,,2.0,Grey,4,19,0.01737436818853821,False,12068.473684210527
BMW100904,3 Series,2008,6162.65,Automatic,210645.0,Hybrid,125.0,29.4,2.5,Blue,5,16,0.02925609437679508,False,13165.3125
BMW100905,5 Series,2006,10080.02,Automatic,221922.0,Petrol,125.0,31.4,3.0,Black,5,18,0.045421454384873966,False,12329.0
BMW100906,4 Series,2021,38538.46,AUTOMATIC,34173.0,DIESEL,30.0,35.3,1.6,Black,4,3,1.1277458812512802,False,11391.0
BMW100907,X3,2022,35326.14,Manual,27045.0,Petrol,125.0,42.9,1.5,Red,4,2,1.3061985579589572,False,13522.5
BMW100908,X5,2018,56006.94,Automatic,65597.0,Petrol,125.0,29.4,3.0,Grey,2,6,0.8538033751543516,True,10932.833333333334
BMW100909,X5,2006,11214.64,Manual,205920.0,Diesel,150.0,49.7,1.6,Blue,4,18,0.05446114996114996,True,11440.0
BMW100910,X3,2021,42103.38,Automatic,14623.0,Diesel,235.0,21.2,3.5,,4,3,2.8792573343363195,False,4874.333333333333
BMW100911,X3,2010,19926.95,Automatic,164175.0,Diesel,145.0,16.7,3.5,Grey,4,14,0.12137627531597381,False,11726.785714285714
BMW100912,5 Series,2016,28817.69,Semi-Auto,109362.0,Diesel,125.0,41.3,1.6,Green,4,8,0.2635073425870046,False,13670.25
BMW100913,X3,2010,13717.94,Semi-Auto,169944.0,Petrol,125.0,25.2,2.0,White,3,14,0.08072035494045098,False,12138.857142857143
BMW100914,1 Series,2017,29144.51,Manual,76281.0,Diesel,145.0,30.7,2.5,Black,4,7,0.38206774950511924,False,10897.285714285714
BMW100915,5 Series,2015,28201.32,Manual,110580.0,  Petrol  ,125.0,34.8,3.5,Silver,4,9,0.25503092783505155,False,12286.666666666666
BMW100916,5 Series,2018,32230.55,Manual,77890.0,Diesel,125.0,27.7,2.0,Green,2,6,0.4137957375786365,False,12981.666666666666
BMW100917,5 Series,2012,16271.98,Manual,148499.0,Petrol,30.0,44.0,1.5,Silver,5,12,0.1095763607835743,False,12374.916666666666
BMW100918,3 Series,2018,28431.17,AUTOMATIC,70147.0,Diesel,205.0,40.3,1.5,Grey,4,6,0.4053084237387201,False,11691.166666666666
BMW100919,5 Series,2016,27710.45,Automatic,104016.0,Petrol,145.0,33.5,2.5,Green,5,8,0.2664056491309029,False,13002.0
BMW100920,X5,2006,22961.18,Semi-Auto,223906.0,Petrol,145.0,33.6,3.0,Blue,4,18,0.1025483015193876,True,12439.222222222223
BMW100921,1 Series,2021,39192.82,Automatic,37831.0,Diesel,0.0,40.5,2.5,Green,4,3,1.035997462398562,False,12610.333333333334
BMW100922,1 Series,2014,22100.09,Semi-Auto,124349.0,Petrol,0.0,34.3,1.5,Black,5,10,0.17772631866762098,False,12434.9
BMW100923,X1,2013,21883.06,Semi-Auto,133538.0,Diesel,125.0,42.8,2.0,,5,11,0.1638714073896569,False,12139.818181818182
BMW100924, 6 Series ,2017,39198.91,Automatic,89424.0,Petrol,150.0,41.9,4.4,Red,5,7,0.4383488772589014,False,12774.857142857143
BMW100925,X3,2021,35406.15,Automatic,31754.0,Petrol,125.0,42.2,2.0,Green,4,3,1.1150138565220131,False,10584.666666666666
BMW100926,3 Series,2008,13345.56,MANUAL,191738.0,Diesel,145.0,39.4,2.0,,4,16,0.06960310423598869,False,11983.625
BMW100927,X3,2015,26631.12,Semi-Auto,98812.0,Petrol,145.0,31.1,1.6,Blue,4,9,0.26951301461360966,False,10979.111111111111
BMW100928,3 Series,2019,35815.85,Automatic,57353.0,Diesel,150.0,27.2,3.0,Green,4,5,0.6244808466863111,False,11470.6
BMW100929,X3,2021,34969.43,Semi-Auto,34368.0,Petrol,30.0,43.1,2.0,Green,5,3,1.0174997090316573,False,11456.0
BMW100930,3 Series,2018,33128.98,Semi-Auto,79409.0,Diesel,150.0,27.7,2.5,,2,6,0.41719427268949366,False,13234.833333333334
BMW100931,X3,2019,35940.45,Manual,52922.0,Diesel,125.0,,1.6,Blue,4,5,0.6791211594421979,False,10584.4
BMW100932,7 Series,2019,63526.42,Semi-Auto,50763.0,Diesel,,40.9,3.5,Grey,4,5,1.2514315544786556,True,10152.6
BMW100933,3 Series,2006,7475.17,Manual,216314.0,Diesel,20.0,34.5,2.5,Red,4,18,0.03455703283190177,False,12017.444444444445
BMW100934,3 Series,2007,7449.0,Automatic,197300.0,Diesel,150.0,29.9,2.0,Black,4,17,0.03775468829194121,False,11605.882352941177
BMW100935,3 Series,2010,20007.21,MANUAL,171977.0,Petrol,145.0,27.6,3.5,Blue,5,14,0.11633654500311087,False,12284.07142857143
BMW100936,3 Series,2014,26490.49,Semi-Auto,117088.0,Petrol,125.0,32.5,2.0,Blue,3,10,0.22624427780814432,False,11708.8
BMW100937,5 Series,2023,43528.66,Semi-Auto,12582.0,Petrol,150.0,33.6,2.0,Black,2,1,3.4595978381815295,False,12582.0
BMW100938,X5,2014,48112.96,Automatic,114420.0,Diesel,30.0,39.3,3.0,Silver,5,10,0.4204943191749694,True,11442.0
BMW100939,5 Series,2008,23079.32,Manual,183978.0,Petrol,145.0,22.2,3.5,Blue,3,16,0.12544608594505866,False,11498.625
BMW100940,X1,2016,24539.57,manual,102296.0,Diesel,125.0,22.9,2.0,White,5,8,0.23988787440369125,False,12787.0
BMW100941,3 Series,2023,52911.04,Manual,23062.0,Electric,20.0,,2.0,Grey,4,1,2.2942953776775648,False,23062.0
BMW100942,4 Series,2013,19712.52,Semi-Auto,142301.0,Petrol,30.0,33.6,2.0,Green,4,11,0.13852692532027183,False,12936.454545454546
BMW100943,X5,2015,45294.05,Manual,103805.0,Petrol,125.0,30.2,2.0,Black,5,9,0.4363378449978325,True,11533.888888888889
BMW100944,5 Series,2020,33607.92,Automatic,50576.0,Diesel,205.0,,1.5,Green,3,4,0.6645033217336286,False,12644.0
BMW100945,X3,2016,26803.5,Manual,95166.0,Petrol,125.0,37.9,2.5,Black,4,8,0.2816499590189774,False,11895.75
BMW100946,7 Series,2006,20999.69,Automatic,212585.0,Petrol,20.0,27.9,2.5,,3,18,0.0987825575652092,True,11810.277777777777
BMW100947,X3,2023,44665.03,Automatic,7621.0,diesel,125.0,30.1,3.5,Black,4,1,5.860783361763548,False,7621.0
BMW100948,X1,2015,25509.98,Automatic,97938.0,Diesel,150.0,33.8,1.6,Black,5,9,0.2604707059568298,False,10882.0
BMW100949,5 Series,2017,31331.38,Automatic,82222.0,Petrol,30.0,31.5,3.0,Blue,5,7,0.38105835421176815,False,11746.0
BMW100950,7 Series,2023,,Semi-Auto,500.0,Diesel,205.0,39.5,3.5,Silver,4,1,,True,500.0
BMW100951,X5,2014,40693.84,Automatic,121317.0,Hybrid,20.0,30.7,2.0,Black,4,10,0.3354339457784152,True,12131.7
BMW100952,i3,2013,35376.62,Semi-Auto,135878.0,Electric,205.0,44.4,2.0,Grey,4,11,0.2603557603143997,False,12352.545454545454
BMW100953,1 Series,2010,16180.21,Automatic,166078.0,Diesel,205.0,26.6,2.0,Blue,5,14,0.09742536639410397,False,11862.714285714286
BMW100954,X1,2017,30037.48,Automatic,90294.0,Diesel,125.0,38.3,1.6,Green,5,7,0.3326630783883757,False,12899.142857142857
BMW100955,5 Series,2008,14463.17,  Semi-Auto  ,181944.0,Petrol,125.0,37.5,2.5,Black,4,16,0.0794924262410412,False,11371.5
BMW100956,i8,2018,53085.03,Manual,81589.0,Petrol,150.0,36.5,2.0,Red,4,6,0.6506395469977571,False,13598.166666666666
BMW100957,X6,2018,46894.03,Semi-Auto,68456.0,Petrol,145.0,32.9,1.5,Black,4,6,0.6850243952319738,True,11409.333333333334
BMW100958,X2,2019,29711.0,Automatic,57374.0,Diesel,150.0,42.1,1.5,Red,5,5,0.5178478056262419,False,11474.8
BMW100959,1 Series,2014,23441.93,Semi-Auto,129656.0,Petrol,150.0,33.3,2.0,Grey,4,10,0.18080096563213427,False,12965.6
BMW100960,4 Series,2012,16966.89,Automatic,140374.0,Petrol,150.0,24.7,1.6,Blue,5,12,0.12086917805291578,False,11697.833333333334
BMW100961,2 Series,2014,18413.56,Automatic,119362.0,Petrol,20.0,26.4,2.0,Silver,5,10,0.15426651698195407,False,11936.2
BMW100962,M3,2007,21094.06,Automatic,197864.0,Petrol,145.0,50.7,1.6,Red,4,17,0.10660888286904137,True,11639.058823529413
BMW100963,8 Series,2019,56955.74,Manual,70134.0,Hybrid,125.0,23.5,2.5,Green,5,5,0.8120988393646448,True,14026.8
BMW100964,5 Series,2018,37927.3,Automatic,62413.0,Diesel,125.0,29.2,4.4,White,3,6,0.6076826943104803,False,10402.166666666666
BMW100965,X2,2014,19265.64,Automatic,109429.0,Diesel,0.0,38.1,1.5,Black,5,10,0.176056072887443,False,10942.9
BMW100966,8 Series,2006,21553.5,Semi-Auto,210357.0,Diesel,125.0,36.6,2.5,Grey,4,18,0.10246152968524937,True,11686.5
BMW100967,3 Series,2020,35701.85,Semi-Auto,48190.0,Diesel,125.0,25.3,1.5,Green,4,4,0.7408559867192364,False,12047.5
BMW100968,X5,2014,48088.48,Semi-Auto,113670.0,Petrol,30.0,35.7,3.0,Green,3,10,0.42305340019354276,True,11367.0
BMW100969,4 Series,2017,28535.97,Manual,69346.0,Petrol,145.0,51.5,1.6,Red,3,7,0.41150131226026015,False,9906.57142857143
BMW100970,i3,2018,32089.34,Semi-Auto,67466.0,Petrol,145.0,28.0,2.0,Black,4,6,0.4756372098538523,False,11244.333333333334
BMW100971,M3,2013,40864.45,Automatic,134165.0,Diesel,145.0,53.3,3.0,Grey,4,11,0.304583535199195,True,12196.818181818182
BMW100972,Z4,2011,13827.37,Semi-Auto,162747.0,Diesel,30.0,43.3,1.5,Red,4,13,0.08496236489766325,False,12519.0
BMW100973,8 Series,2020,55286.26,Automatic,46908.0,Petrol,125.0,37.6,2.0,Red,3,4,1.1786104715613541,True,11727.0
BMW100974,5 Series,2014,22051.94,Automatic,116743.0,Diesel,145.0,42.0,2.0,,5,10,0.18889303855477416,False,11674.3
BMW100975,4 Series,2008,9224.56,Semi-Auto,192655.0,Petrol,20.0,31.9,2.0,Green,4,16,0.04788123848329916,False,12040.9375
BMW100976,3 Series,2019,43513.84,Semi-Auto,70554.0,  Diesel  ,150.0,30.0,4.4,,4,5,0.6167451880828868,False,14110.8
BMW100977,3 Series,2008,7652.89,Semi-Auto,180693.0,Petrol,20.0,43.2,2.5,Green,4,16,0.04235299651895757,False,11293.3125
BMW100978,M5,2022,60281.33,Semi-Auto,31671.0,Diesel,30.0,31.4,2.0,Silver,5,2,1.9033604875122352,True,15835.5
BMW100979,5 Series,2016,22917.97,Automatic,89211.0,Petrol,205.0,40.4,1.6,Red,5,8,0.25689623476925494,False,11151.375
BMW100980,X1,2017,35187.04,Semi-Auto,76181.0,Diesel,125.0,32.8,3.0,Blue,4,7,0.46188734723881286,False,10883.0
BMW100981,1 Series,2015,20211.16,Automatic,101733.0,Diesel,0.0,36.8,1.6,,4,9,0.1986686719157009,False,11303.666666666666
BMW100982,i3,2018,32640.54,Automatic,62437.0,Petrol,150.0,49.3,1.5,Black,4,6,0.522775597802585,False,10406.166666666666
BMW100983,3 Series,2018,32494.3,Semi-Auto,63092.0,Petrol,125.0,25.0,2.0,Silver,5,6,0.5150304317504596,False,10515.333333333334
BMW100984,3 Series,2021,51173.0,Semi-Auto,39497.0,Electric,30.0,33.8,2.0,Silver,4,3,1.29561738866243,False,13165.666666666666
BMW100985,X1,2005,6394.47,Automatic,232290.0,Petrol,145.0,33.0,3.0,White,4,19,0.02752796073873176,False,12225.78947368421
BMW100986,3 Series,2010,15678.87,Semi-Auto,167076.0,Diesel,145.0,33.0,3.0,White,5,14,0.09384274222509517,False,11934.0
BMW100987,M4,2013,38260.31,Manual,120234.0,Diesel,145.0,31.2,2.5,White,4,11,0.31821539664321236,True,10930.363636363636
BMW100988,M3,2014,48063.0,Manual,124048.0,Petrol,205.0,29.4,3.5,White,3,10,0.3874548561847027,True,12404.8
BMW100989,1 Series,2011,16478.79,AUTOMATIC,152433.0,Diesel,0.0,38.3,1.6,Grey,5,13,0.10810513471492394,False,11725.615384615385
BMW100990,X5,2005,17000.69,Manual,217739.0,Petrol,30.0,31.8,2.5,Red,4,19,0.07807829557405885,True,11459.947368421053
BMW100991,1 Series,2023,37103.98,Semi-Auto,17813.0,Petrol,150.0,34.9,,White,4,1,2.0829719867512493,False,17813.0
BMW100992,4 Series,2021,40339.65,Manual,29311.0,Diesel,145.0,39.7,2.5,White,3,3,1.3762631776466174,False,9770.333333333334
BMW100993,7 Series,2014,34256.96,Semi-Auto,119696.0,Diesel,145.0,38.9,1.6,Blue,3,10,0.2861997059216682,True,11969.6
BMW100994,X1,2009,10775.44,Automatic,185911.0,Diesel,125.0,43.2,2.0,Red,5,15,0.0579602067656029,False,12394.066666666668
BMW100995,4 Series,2017,25678.4,Automatic,79440.0,Diesel,145.0,30.5,1.6,Black,4,7,0.3232426988922457,False,11348.57142857143
BMW100996,1 Series,2006,11102.35,Manual,224693.0,Petrol,125.0,20.9,3.5,Grey,4,18,0.04941119661048631,False,12482.944444444445
BMW100997,1 Series,2011,15892.96,Manual,158416.0,Diesel,205.0,50.6,1.6,Red,5,13,0.10032420967579032,False,12185.846153846154
BMW100998,i3,2013,19078.05,Semi-Auto,127507.0,Hybrid,30.0,31.9,2.0,Red,4,11,0.14962355007960346,False,11591.545454545454
BMW100999,5 Series,2009,6411.76,Semi-Auto,176581.0,petrol,20.0,41.5,1.5,Red,5,15,0.03631058834189409,False,11772.066666666668
BMW101000,3 Series,2016,31170.31,Semi-Auto,92508.0,Diesel,125.0,43.2,2.5,Black,2,8,0.3369471829463398,False,11563.5
BMW101001,6 Series,2009,12208.94,Automatic,180807.0,Diesel,125.0,51.9,2.0,Grey,4,15,0.06752470866725294,False,12053.8
BMW101002,X3,2013,23655.85,Automatic,139627.0,Diesel,125.0,28.3,3.0,Silver,5,11,0.16942174507795768,False,12693.363636363636
BMW101003,2 Series,2022,40256.5,Automatic,12364.0,Petrol,125.0,36.5,2.0,White,5,2,3.255944678097703,False,6182.0
BMW101004,2 Series,2006,5546.05,Automatic,221710.0,Diesel,235.0,32.5,2.0,Black,3,18,0.025014884308330702,False,12317.222222222223
BMW101005,3 Series,2013,19829.36,Semi-Auto,154139.0,Petrol,150.0,45.8,1.5,White,4,11,0.1286459624105515,False,14012.636363636364
BMW101006,X1,2014,22481.81,Manual,108703.0,Petrol,150.0,38.5,2.0,Blue,4,10,0.2068186710578365,False,10870.3
BMW101007,4 Series,2012,18169.39,Semi-Auto,148128.0,Diesel,205.0,38.1,2.0,Silver,2,12,0.12266006426874054,False,12344.0
BMW101008,3 Series,2015,32819.33,Manual,105822.0,Diesel,20.0,29.4,,Blue,4,9,0.3101371170456049,False,11758.0
BMW101009,1 Series,2012,17270.21,Semi-Auto,143861.0,Petrol,145.0,39.3,2.0,Blue,4,12,0.12004789345270782,False,11988.416666666666
BMW101010,M2,2010,32078.58,Automatic,167709.0,Diesel,145.0,43.1,3.0,Green,4,14,0.1912752446201456,True,11979.214285714286
BMW101011,5 Series,2013,22835.66,Automatic,127398.0,Petrol,150.0,45.8,2.0,Green,4,11,0.17924661297665584,False,11581.636363636364
BMW101012,X7,2017,50421.55,Manual,85715.0,Petrol,30.0,52.4,2.5,Blue,4,7,0.5882465146123783,True,12245.0
BMW101013,Z4,2014,31657.94,Automatic,117835.0,Diesel,150.0,15.0,4.4,Green,4,10,0.2686633003776467,False,11783.5
BMW101014,4 Series,2009,17680.82,Semi-Auto,179489.0,Diesel,150.0,29.6,2.0,Silver,5,15,0.09850642657767328,False,11965.933333333332
BMW101015,1 Series,2012,21298.03,Semi-Auto,,Diesel,125.0,36.3,3.0,White,4,12,,False,
BMW101016,6 Series,2022,40857.54,Semi-Auto,23272.0,Petrol,125.0,36.9,2.0,Green,3,2,1.7556522860089379,False,11636.0
BMW101017,5 Series,2021,35484.05,Manual,38225.0,Petrol,,45.1,1.6,,3,3,0.9282943100065403,False,12741.666666666666
BMW101018,3 Series,2005,3256.37,Automatic,221885.0,Diesel,150.0,48.9,1.5,White,4,19,0.014675935732474029,False,11678.157894736842
BMW101019,5 Series,2021,33319.72,Automatic,48517.0,Diesel,30.0,35.4,1.5,Blue,2,3,0.686763814745347,False,16172.333333333334
BMW101020,5 Series,2010,12299.77,Automatic,175443.0,Diesel,150.0,31.5,2.0,Blue,5,14,0.07010692931607417,False,12531.642857142857
BMW101021, 3 Series ,2013,20837.97,Semi-Auto,125965.0,Diesel,145.0,31.7,4.4,Red,4,11,0.16542666613741913,False,11451.363636363636
BMW101022,7 Series,2009,23115.82,Automatic,181999.0,Petrol,,50.2,2.0,Green,2,15,0.12701069786097727,True,12133.266666666666
BMW101023,1 Series,2006,12478.56,Manual,205073.0,Petrol,0.0,27.0,3.5,Grey,4,18,0.06084935608295582,False,11392.944444444445
BMW101024,M4,2015,47244.84,Manual,118096.0,Petrol,150.0,21.6,3.5,Red,4,9,0.40005453190624574,True,13121.777777777777
BMW101025,X1,2023,42949.19,Automatic,10180.0,Petrol,145.0,31.8,3.0,Black,5,1,4.218977406679764,False,10180.0
BMW101026,X3,2016,23708.9,Semi-Auto,95497.0,Petrol,125.0,37.0,1.5,Green,4,8,0.2482685319957695,False,11937.125
BMW101027,3 Series,2018,31739.18,Automatic,79430.0,Petrol,145.0,26.8,3.0,,4,6,0.39958680599269797,False,13238.333333333334
BMW101028,X1,2020,33409.12,Semi-Auto,46720.0,petrol,150.0,26.9,2.0,Black,2,4,0.7150924657534247,False,11680.0
BMW101029,X3,2023,35512.01,Automatic,14868.0,Hybrid,20.0,41.3,,Silver,4,1,2.3884860102232985,False,14868.0
BMW101030,X1,2017,28858.54,Manual,95099.0,Diesel,20.0,23.5,2.0,White,5,7,0.3034578702194555,False,13585.57142857143
BMW101031,i3,2022,37553.71,Manual,13969.0,Petrol,235.0,51.2,2.0,Red,4,2,2.688360655737705,False,6984.5
BMW101032,8 Series,2012,29395.6,Automatic,135947.0,PETROL,235.0,33.0,2.0,Grey,2,12,0.2162283831198923,True,11328.916666666666
BMW101033,2 Series,2017,31415.04,Semi-Auto,77447.0,Hybrid,30.0,31.5,2.0,,5,7,0.405632755303627,False,11063.857142857143
BMW101034,8 Series,2020,60403.76,Automatic,61150.0,Petrol,0.0,45.4,2.5,Black,4,4,0.9877965658217498,True,15287.5
BMW101035,3 Series,2014,26288.11,Automatic,119063.0,Diesel,30.0,,3.5,Black,5,10,0.22079159772557386,False,11906.3
BMW101036,3 Series,2010,12553.63,Automatic,165335.0,Petrol,30.0,40.4,1.6,Red,4,14,0.07592844830193243,False,11809.642857142857
BMW101037,1 Series,2013,21630.28,Automatic,131053.0,Petrol,205.0,22.6,3.0,Blue,2,11,0.16504986532166374,False,11913.90909090909
BMW101038,1 Series,2009,6971.9,Manual,188905.0,Diesel,205.0,49.6,1.6,Grey,4,15,0.036906910881130725,False,12593.666666666666
BMW101039,X3,2016,,Semi-Auto,101645.0,Diesel,20.0,47.5,2.0,Green,5,8,,False,12705.625
BMW101040,3 Series,2006,1500.0,Manual,210355.0,Diesel,125.0,32.8,1.5,White,3,18,0.007130802690689548,False,11686.388888888889
BMW101041,4 Series,2015,24986.53,Semi-Auto,119612.0,Hybrid,145.0,29.7,1.6,Red,5,9,0.20889651539979265,False,13290.222222222223
BMW101042, 1 Series ,2012,25478.25,Manual,132362.0,Diesel,205.0,33.6,4.4,Blue,4,12,0.19248915851981688,False,11030.166666666666
BMW101043,3 Series,2020,37328.48,Manual,57814.0,Petrol,125.0,,2.0,Green,5,4,0.645665063825371,False,14453.5
BMW101044,1 Series,2008,7145.27,Manual,202241.0,Petrol,150.0,33.1,2.0,Blue,4,16,0.03533047206056141,False,12640.0625
BMW101045,X2,2016,25996.67,Automatic,103819.0,Petrol,145.0,51.3,2.0,Red,5,8,0.25040377965497645,False,12977.375
BMW101046,1 Series,2019,34055.92,Manual,48763.0,Diesel,20.0,32.9,2.0,Blue,5,5,0.6983967352295798,False,9752.6
BMW101047,8 Series,2014,37927.95,Semi-Auto,127277.0,Petrol,150.0,41.3,2.0,Grey,4,10,0.29799531730006207,True,12727.7
BMW101048,4 Series,2012,24679.35,Manual,130817.0,Petrol,145.0,34.7,2.5,Green,4,12,0.18865552642240685,False,10901.416666666666
BMW101049,X4,2013,22001.66,Automatic,142598.0,Petrol,30.0,42.9,1.5,Silver,4,11,0.1542915047896885,False,12963.454545454546
BMW101050,3 Series,2012,22804.75,Semi-Auto,142540.0,Petrol,150.0,30.3,3.0,Red,5,12,0.15998842430195032,False,11878.333333333334
BMW101051,3 Series,2020,39113.12,Automatic,51614.0,Diesel,125.0,27.3,3.0,Green,4,4,0.7578005967373194,False,12903.5
BMW101052,7 Series,2021,59940.04,Semi-Auto,31862.0,Hybrid,20.0,46.7,1.6,Red,5,3,1.8812390935911116,True,10620.666666666666
BMW101053,7 Series,2011,29585.84,Semi-Auto,156507.0,PETROL,30.0,37.4,1.5,Grey,5,13,0.18903844556473512,True,12039.0
BMW101054,2 Series,2011,16975.45,Manual,155549.0,Hybrid,205.0,,2.5,Red,4,13,0.10913249201216338,False,11965.307692307691
BMW101055,3 Series,2007,11813.45,Automatic,226397.0,Diesel,125.0,38.2,,Blue,4,17,0.052180240904252266,False,13317.470588235294
BMW101056,3 Series,2019,32852.42,Automatic,70922.0,Petrol,20.0,43.8,2.0,White,5,5,0.4632190293561941,False,14184.4
BMW101057,4 Series,2022,43642.85,Automatic,23621.0,Diesel,150.0,45.7,3.5,White,2,2,1.847629228229118,False,11810.5
BMW101058,7 Series,2023,65942.86,Automatic,3100.0,Petrol,20.0,42.8,1.5,Blue,3,1,21.271890322580646,True,3100.0
BMW101059,6 Series,2021,41799.1,Manual,46247.0,Petrol,125.0,18.1,4.4,Red,5,3,0.9038229506778818,False,15415.666666666666
BMW101060,4 Series,2006,12365.74,Automatic,215889.0,Diesel,125.0,32.2,3.5,Red,4,18,0.057278230942752986,False,11993.833333333334
BMW101061,X1,2016,28111.55,Automatic,101668.0,Petrol,30.0,48.1,3.5,Green,5,8,0.2765034229059291,False,12708.5
BMW101062,3 Series,2007,10841.68,Semi-Auto,212596.0,Diesel,20.0,37.4,3.0,Green,4,17,0.050996632109729254,False,12505.64705882353
BMW101063,i8,2021,68128.96,Manual,25031.0,Petrol,30.0,41.9,2.5,Grey,2,3,2.7217833885981384,False,8343.666666666666
BMW101064,2 Series,2020,33551.3,Automatic,57577.0,Diesel,20.0,35.6,2.0,White,5,4,0.582720530767494,False,14394.25
BMW101065,M3,2011,38932.66,Semi-Auto,146582.0,Diesel,125.0,36.7,3.5,Red,5,13,0.26560328007531625,True,11275.538461538461
BMW101066,5 Series,2022,47002.94,Manual,27532.0,Petrol,20.0,29.4,4.4,Red,3,2,1.707211245096615,False,13766.0
BMW101067,1 Series,2019,27056.34,Automatic,51630.0,Petrol,205.0,34.6,,Grey,2,5,0.5240429982568274,False,10326.0
BMW101068,5 Series,2009,8442.82,Manual,184193.0,Petrol,30.0,,2.0,White,4,15,0.045836812473872515,False,12279.533333333333
BMW101069,X3,2012,25629.61,Semi-Auto,154648.0,Diesel,125.0,29.6,2.5,Silver,5,12,0.1657286870829238,False,12887.333333333334
BMW101070,3 Series,2013,22929.67,Semi-Auto,127216.0,Petrol,205.0,30.8,2.0,White,5,11,0.18024202930449,False,11565.09090909091
BMW101071,3 Series,2013,29673.47,Automatic,123378.0,Petrol,30.0,25.5,4.4,White,4,11,0.24050859958825724,False,11216.181818181818
BMW101072,5 Series,2017,30882.03,Semi-Auto,85041.0,Diesel,,35.5,3.0,Silver,5,7,0.36314283698451333,False,12148.714285714286
BMW101073,3 Series,2005,3838.11,Automatic,236598.0,Diesel,150.0,44.4,2.0,Silver,4,19,0.0162220728831182,False,12452.526315789473
BMW101074,M5,2009,31232.4,Automatic,167587.0,petrol,150.0,34.1,3.0,Silver,4,15,0.18636529086384984,True,11172.466666666667
BMW101075,5 Series,2008,14298.86,Semi-Auto,193857.0,Petrol,125.0,40.0,3.0,Red,3,16,0.0737598332791697,False,12116.0625
BMW101076,1 Series,2021,47119.05,Manual,28473.0,Electric,125.0,41.7,1.6,Black,3,3,1.6548677694658098,False,9491.0
BMW101077,8 Series,2021,57595.64,Automatic,35457.0,Petrol,150.0,28.7,2.0,Green,3,3,1.6243799531827283,True,11819.0
BMW101078,1 Series,2013,23665.16,Manual,118895.0,Petrol,150.0,21.0,1.5,Silver,5,11,0.1990425165061609,False,10808.636363636364
BMW101079,X1,2019,37558.07,Semi-Auto,57781.0,Hybrid,150.0,38.3,2.5,Black,4,5,0.6500072688253924,False,11556.2
BMW101080,5 Series,2005,1585.05,Semi-Auto,240502.0,Petrol,205.0,33.8,2.5,,4,19,0.006590589683245877,False,12658.0
BMW101081,3 Series,2010,11291.06,Automatic,170511.0,Petrol,30.0,27.0,2.0,Grey,4,14,0.06621895361589575,False,12179.357142857143
BMW101082,8 Series,2009,34114.0,Manual,175435.0,Petrol,125.0,32.7,3.0,Green,5,15,0.1944537863026192,True,11695.666666666666
BMW101083,X1,2021,40785.65,Automatic,51400.0,Diesel,125.0,37.5,2.0,White,4,3,0.7934951361867705,False,17133.333333333332
BMW101084,2 Series,2019,33388.32,  Automatic  ,62536.0,Petrol,145.0,36.5,2.0,Blue,4,5,0.5339055903799411,False,12507.2
BMW101085,4 Series,2014,20814.22,Manual,124962.0,Petrol,30.0,48.1,2.0,Grey,5,10,0.1665643955762552,False,12496.2
BMW101086,5 Series,2005,5306.01,Semi-Auto,228659.0,Petrol,205.0,31.1,2.0,Grey,4,19,0.023204903371395837,False,12034.684210526315
BMW101087,M4,2016,43824.37,Automatic,89856.0,Diesel,150.0,33.6,2.0,,4,8,0.48771779291310546,True,11232.0
BMW101088,3 Series,2023,39425.06,Semi-Auto,26402.0,Petrol,20.0,25.9,3.0,Red,4,1,1.4932603590637072,False,26402.0
BMW101089,3 Series,2005,7446.72,Manual,233530.0,Diesel,30.0,33.3,1.6,Silver,5,19,0.03188763756262579,False,12291.052631578947
BMW101090,M5,2008,27482.58,Semi-Auto,182483.0,Diesel,30.0,21.7,3.0,Black,4,16,0.15060350827200342,True,11405.1875
BMW101091,X1,2023,40727.33,Automatic,11439.0,Hybrid,125.0,33.9,2.5,Silver,4,1,3.560392516828394,False,11439.0
BMW101092,3 Series,2009,9829.47,Automatic,168992.0,Hybrid,30.0,45.2,1.5,White,5,15,0.0581652977655747,False,11266.133333333333
BMW101093,X2,2014,350000.0,Manual,124722.0,Petrol,145.0,44.4,2.0,White,5,10,2.806241080162281,False,12472.2
BMW101094,3 Series,2013,17842.48,Automatic,134155.0,Petrol,150.0,35.0,2.0,Grey,3,11,0.13299899370131563,False,12195.90909090909
BMW101095,X2,2015,33921.09,Semi-Auto,107805.0,Diesel,145.0,28.8,4.4,Red,5,9,0.31465228885487684,False,11978.333333333334
BMW101096,X1,2017,26415.19,Manual,87567.0,Petrol,150.0,41.5,1.5,Black,4,7,0.3016569027144929,False,12509.57142857143
BMW101097,4 Series,2008,8747.33,Manual,209937.0,Petrol,150.0,43.8,2.0,Grey,5,16,0.041666452316647375,False,13121.0625
BMW101098,8 Series,2013,46926.95,Semi-Auto,125994.0,Petrol,20.0,33.2,3.0,White,4,11,0.3724538470085877,True,11454.0
BMW101099,1 Series,2010,11802.74,Automatic,184971.0,Petrol,145.0,45.4,1.5,Grey,5,14,0.06380859702331716,False,13212.214285714286
BMW101100,5 Series,2006,24139.42,Automatic,221138.0,Electric,30.0,25.6,4.4,Green,3,18,0.10915998154998235,False,12285.444444444445
BMW101101,1 Series,2011,16295.58,Automatic,150116.0,Diesel,205.0,30.9,1.5,Silver,4,13,0.10855325215166937,False,11547.384615384615
BMW101102,X3,2015,22885.19,semi-auto,101399.0,Petrol,30.0,34.1,2.5,Blue,3,9,0.2256944348563595,False,11266.555555555555
BMW101103,X5,2008,24968.71,Manual,203146.0,Diesel,30.0,37.2,2.5,Green,2,16,0.1229101729790397,True,12696.625
BMW101104,M2,2023,58716.77,Automatic,15350.0,Petrol,125.0,38.2,1.5,Grey,4,1,3.8251967426710096,True,15350.0
BMW101105,X1,2018,25187.73,Automatic,72685.0,Petrol,125.0,40.9,2.0,Grey,5,6,0.3465327096374768,False,12114.166666666666
BMW101106,3 Series,2013,22630.57,Manual,139756.0,Diesel,30.0,,,Silver,4,11,0.16192914794355878,False,12705.09090909091
BMW101107,1 Series,2011,14092.46,Automatic,171541.0,Diesel,235.0,45.2,2.0,White,5,13,0.08215213855579716,False,13195.461538461539
BMW101108,3 Series,2018,28855.63,Automatic,69136.0,Hybrid,125.0,43.6,2.0,Red,4,6,0.4173748842860449,False,11522.666666666666
BMW101109,6 Series,2020,36220.48,Automatic,57088.0,Diesel,150.0,33.8,2.5,Green,5,4,0.6344674887892378,False,14272.0
BMW101110,X4,2009,14067.31,Automatic,181904.0,Petrol,205.0,23.5,3.0,Silver,4,15,0.0773337034919518,False,12126.933333333332
BMW101111,7 Series,2020,60929.37,Manual,50621.0,Hybrid,150.0,35.3,2.5,Blue,4,4,1.2036382133897,True,12655.25
BMW101112,7 Series,2021,68772.45,Semi-Auto,43637.0,Petrol,205.0,32.1,3.0,Grey,4,3,1.5760123289868688,True,14545.666666666666
BMW101113,6 Series,2018,,Semi-Auto,68675.0,Petrol,20.0,25.7,3.0,Grey,2,6,,False,11445.833333333334
BMW101114,4 Series,2022,45000.48,Semi-Auto,10899.0,Petrol,145.0,41.7,3.0,Silver,4,2,4.128863198458575,False,5449.5
BMW101115,5 Series,2006,11588.46,Manual,213174.0,Electric,205.0,15.0,2.5,Silver,4,18,0.054361507500914744,False,11843.0
BMW101116,M3,2021,63912.97,Manual,34556.0,Diesel,145.0,33.8,2.0,Silver,4,3,1.8495476907049426,True,11518.666666666666
BMW101117,3 Series,2023,50791.86,Manual,15187.0,Petrol,150.0,24.1,4.4,Blue,5,1,3.344430104694805,False,15187.0
BMW101118,4 Series,2012,15391.22,Manual,150438.0,Petrol,30.0,28.5,2.5,Green,2,12,0.10230938991478217,False,12536.5
BMW101119,X1,2008,17230.47,Semi-Auto,175607.0,Electric,125.0,24.9,1.5,Grey,3,16,0.09811949409761571,False,10975.4375
BMW101120, 3 Series ,2007,5460.94,Automatic,199396.0,Diesel,30.0,50.5,1.6,White,5,17,0.027387409978133964,False,11729.176470588236
BMW101121,X1,2014,27354.76,Automatic,111250.0,Petrol,150.0,44.0,,Blue,4,10,0.2458854831460674,False,11125.0
BMW101122,3 Series,2015,28130.84,Automatic,107849.0,Hybrid,125.0,36.6,2.0,White,5,9,0.2608354273104062,False,11983.222222222223
BMW101123,M2,2022,58709.27,Automatic,27953.0,Diesel,150.0,43.5,1.5,,4,2,2.1002851214538687,True,13976.5
BMW101124,5 Series,2016,30842.43,Manual,104156.0,Petrol,30.0,31.2,2.5,Black,2,8,0.29611765044740584,False,13019.5
BMW101125, 3 Series ,2008,,Semi-Auto,199091.0,Petrol,125.0,41.3,1.5,White,4,16,,False,12443.1875
BMW101126,3 Series,2020,42398.2,Automatic,38464.0,Petrol,30.0,37.6,,Green,4,4,1.1022826539101496,False,9616.0
BMW101127,X1,2022,36917.67,Semi-Auto,28401.0,Petrol,125.0,29.0,2.0,Blue,5,2,1.2998721875990282,False,14200.5
BMW101128,X3,2011,13152.69,Semi-Auto,159533.0,Petrol,30.0,35.0,1.5,Silver,5,13,0.08244494869400061,False,12271.76923076923
BMW101129,i3,2016,28439.63,Automatic,99149.0,Petrol,145.0,41.9,2.0,White,4,8,0.286837285297885,False,12393.625
BMW101130,X4,2013,20508.64,Automatic,141649.0,Diesel,125.0,29.1,2.0,Silver,4,11,0.14478492612019853,False,12877.181818181818
BMW101131,3 Series,2014,26641.82,Manual,122076.0,Petrol,125.0,35.7,3.0,Black,5,10,0.21823962121956814,False,12207.6
BMW101132,8 Series,2018,49644.47,Automatic,75220.0,Diesel,0.0,32.8,1.5,Green,3,6,0.6599902951342728,True,12536.666666666666
BMW101133,X3,2009,17261.3,Manual,166934.0,Diesel,205.0,22.7,3.0,Silver,3,15,0.1034019432829741,False,11128.933333333332
BMW101134,X1,2005,9631.81,Manual,219701.0,Diesel,145.0,55.0,2.5,Silver,4,19,0.043840537821857886,False,11563.21052631579
BMW101135,3 Series,2023,40781.51,Manual,10148.0,Petrol,145.0,29.6,2.0,Silver,2,1,4.018674615687821,False,10148.0
BMW101136,2 Series,2013,22685.07,Semi-Auto,132590.0,Diesel,150.0,46.4,2.0,White,3,11,0.17109186213138244,False,12053.636363636364
BMW101137,X1,2022,42726.1,Manual,27674.0,Diesel,125.0,40.9,1.5,Silver,5,2,1.5439076389390762,False,13837.0
BMW101138,4 Series,2023,45241.23,Automatic,500.0,Petrol,145.0,48.1,2.0,Blue,4,1,90.48246,False,500.0
BMW101139, 8 Series ,2022,66435.83,Semi-Auto,21124.0,Petrol,125.0,56.4,2.0,Grey,5,2,3.145040238591176,False,10562.0
BMW101140,3 Series,2008,12794.24,Automatic,202323.0,Petrol,125.0,34.1,2.0,White,4,16,0.06323670566371593,False,12645.1875
BMW101141,2 Series,2020,33458.06,Automatic,46644.0,Diesel,205.0,36.9,1.6,Black,3,4,0.7173068347483063,False,11661.0
BMW101142,3 Series,2013,28858.79,Manual,125645.0,Electric,125.0,,2.5,Red,3,11,0.2296851446535875,False,11422.272727272728
BMW101143,X3,2021,41023.42,Manual,23621.0,Diesel,,47.8,2.0,Green,4,3,1.7367351085898142,False,7873.666666666667
BMW101144,X3,2011,18605.84,Automatic,159837.0,Diesel,125.0,46.3,1.6,Blue,4,13,0.11640508768307714,False,12295.153846153846
BMW101145,M2,2006,19288.96,Automatic,220728.0,Petrol,235.0,43.9,2.5,Black,4,18,0.08738791634953426,True,12262.666666666666
BMW101146,6 Series,2005,4297.17,Semi-Auto,241426.0,Diesel,20.0,25.7,2.5,White,4,19,0.01779911857049365,False,12706.631578947368
BMW101147, 1 Series ,2018,29446.7,Automatic,61072.0,Petrol,150.0,26.6,2.0,Silver,5,6,0.4821636756615143,False,10178.666666666666
BMW101148,5 Series,2013,15722.04,Automatic,141405.0,Hybrid,150.0,34.5,2.0,Silver,4,11,0.11118447013896256,False,12855.0
BMW101149,7 Series,2009,34298.72,Automatic,191814.0,Petrol,20.0,28.6,3.5,Silver,5,15,0.1788123911706132,True,12787.6
BMW101150,X3,2009,14814.25,Automatic,171178.0,Diesel,235.0,41.0,2.0,Red,3,15,0.08654295528631016,False,11411.866666666667
BMW101151,X4,2005,11973.41,Semi-Auto,215787.0,petrol,125.0,27.6,4.4,Red,4,19,0.05548717021878056,False,11357.21052631579
BMW101152,3 Series,2015,26720.01,Semi-Auto,88083.0,Diesel,145.0,30.1,3.0,Blue,4,9,0.3033503627260652,False,9787.0
BMW101153,5 Series,2009,11200.8,Semi-Auto,182295.0,Diesel,20.0,28.6,3.0,Red,5,15,0.06144326503743931,False,12153.0
BMW101154,3 Series,2007,3169.22,Manual,200088.0,Petrol,145.0,41.8,1.5,Red,4,17,0.015839130782455718,False,11769.882352941177
BMW101155,X2,2007,8808.05,Manual,215372.0,Diesel,235.0,33.7,3.0,Silver,4,17,0.04089691324777594,False,12668.941176470587
BMW101156,1 Series,2018,30860.76,Automatic,85591.0,Diesel,125.0,23.0,3.0,Red,5,6,0.36056080662686496,False,14265.166666666666
BMW101157,1 Series,2009,12459.02,Manual,173799.0,DIESEL,150.0,22.7,2.5,Blue,3,15,0.07168637333931727,False,11586.6
BMW101158,X3,2007,8193.55,Automatic,217827.0,Petrol,125.0,48.1,2.0,Green,4,17,0.037614942132977086,False,12813.35294117647
BMW101159,X6,2014,39168.11,Automatic,129354.0,Petrol,125.0,,2.5,Red,5,10,0.3027978261205684,True,12935.4
BMW101160,4 Series,2005,7499.2,Automatic,230284.0,Diesel,125.0,35.8,3.0,Red,4,19,0.0325650066873947,False,12120.21052631579
BMW101161,i3,2019,35188.49,Manual,59390.0,Petrol,0.0,35.0,2.5,White,5,5,0.5924985687826233,False,11878.0
BMW101162, 6 Series ,2021,47304.69,Automatic,32332.0,Petrol,20.0,29.3,4.4,Red,3,3,1.463091983174564,False,10777.333333333334
BMW101163,M4,2017,61246.0,Manual,86599.0,Hybrid,150.0,30.4,3.5,Red,4,7,0.70723680412014,True,12371.285714285714
BMW101164,X1,2008,15527.76,Semi-Auto,188531.0,Petrol,125.0,26.4,2.5,Red,4,16,0.08236183969745028,False,11783.1875
BMW101165,3 Series,2008,8508.48,Semi-Auto,174956.0,  Diesel  ,,27.1,2.0,Red,3,16,0.04863211321703743,False,10934.75
BMW101166,3 Series,2013,21446.31,Automatic,130440.0,Petrol,150.0,32.0,3.0,White,5,11,0.16441513339466424,False,11858.181818181818
BMW101167,3 Series,2018,36984.61,Automatic,74704.0,Diesel,,35.1,,Red,3,6,0.49508205718569287,False,12450.666666666666
BMW101168,X6,2017,47216.29,Manual,82064.0,Petrol,125.0,44.3,2.0,Green,3,7,0.5753593536751803,True,11723.42857142857
BMW101169,3 Series,2020,41893.39,Automatic,44334.0,Petrol,145.0,34.0,4.4,Silver,4,4,0.9449494744439934,False,11083.5
BMW101170, 7 Series ,2005,15096.76,Automatic,235825.0,Hybrid,0.0,31.5,2.0,Green,3,19,0.06401679211279551,False,12411.842105263158
BMW101171,3 Series,2005,2079.28,Manual,238039.0,Petrol,125.0,41.3,2.0,Grey,5,19,0.008735039216262883,False,12528.368421052632
BMW101172,X1,2012,20262.83,Automatic,151399.0,Diesel,145.0,49.6,2.0,Green,2,12,0.13383727765705192,False,12616.583333333334
BMW101173,2 Series,2011,27443.73,Semi-Auto,157655.0,Diesel,0.0,18.1,3.5,White,2,13,0.1740745932574292,False,12127.307692307691
BMW101174,3 Series,2014,20943.48,Manual,120303.0,Diesel,0.0,38.8,1.5,Blue,4,10,0.17408942420388518,False,12030.3
BMW101175,3 Series,2021,39474.52,Manual,32126.0,Diesel,125.0,37.3,3.0,Red,5,3,1.228740583950694,False,10708.666666666666
BMW101176,3 Series,2020,31881.47,Semi-Auto,54250.0,Petrol,205.0,32.2,2.0,Silver,4,4,0.587676866359447,False,13562.5
BMW101177,7 Series,2005,16655.06,Automatic,226671.0,Diesel,145.0,37.0,2.0,White,4,19,0.073476801178801,True,11930.052631578947
BMW101178,3 Series,2014,21044.5,Semi-Auto,136829.0,Petrol,125.0,31.6,1.6,Blue,4,10,0.1538014602167669,False,13682.9
BMW101179,3 Series,2023,42452.57,Automatic,17095.0,Hybrid,145.0,40.3,2.0,Red,4,1,2.483332553378181,False,17095.0
BMW101180,5 Series,2010,18030.58,Automatic,150534.0,PETROL,145.0,39.5,2.0,Red,5,14,0.11977745891293662,False,10752.42857142857
BMW101181,5 Series,2018,29261.52,Semi-Auto,70103.0,Diesel,30.0,40.0,2.0,Blue,5,6,0.41740752892172944,False,11683.833333333334
BMW101182,3 Series,2016,28095.23,Automatic,104062.0,Petrol,145.0,45.9,2.0,Black,3,8,0.26998548941976896,False,13007.75
BMW101183,5 Series,2017,27757.43,Automatic,73447.0,Hybrid,20.0,43.2,1.6,,4,7,0.37792462592073195,False,10492.42857142857
BMW101184,X3,2009,13083.96,Automatic,182655.0,Petrol,145.0,,2.0,Grey,5,15,0.07163209329062988,False,12177.0
BMW101185,7 Series,2021,53838.9,manual,41061.0,Hybrid,205.0,32.3,2.0,,3,3,1.3111931029443997,True,13687.0
BMW101186,1 Series,2011,28280.45,Automatic,161131.0,Diesel,150.0,38.2,4.4,Black,4,13,0.17551216091254943,False,12394.692307692309
BMW101187,5 Series,2005,3694.53,Manual,225084.0,Petrol,145.0,37.1,2.0,Black,3,19,0.016414005437969826,False,11846.526315789473
BMW101188,4 Series,2019,34463.78,Automatic,62738.0,PETROL,125.0,52.8,2.5,Silver,4,5,0.5493286365520099,False,12547.6
BMW101189,3 Series,2021,34820.47,Manual,35712.0,  Petrol  ,145.0,36.7,1.5,Blue,4,3,0.9750355622759856,False,11904.0
BMW101190,4 Series,2015,23746.68,Automatic,111686.0,Petrol,235.0,49.6,2.0,Grey,4,9,0.2126200239958455,False,12409.555555555555
BMW101191,1 Series,2010,16380.45,Automatic,171052.0,Diesel,20.0,41.4,2.5,Green,4,14,0.09576298435563455,False,12218.0
BMW101192,X5,2009,25270.21,Manual,191262.0,Hybrid,20.0,40.6,1.5,Green,2,15,0.13212352688981607,True,12750.8
BMW101193,X3,2016,22240.09,Manual,89393.0,Diesel,150.0,35.6,2.0,Green,4,8,0.24879006186166702,False,11174.125
BMW101194,1 Series,2023,42021.94,Manual,10968.0,Diesel,30.0,37.1,2.0,Grey,4,1,3.831322027716995,False,10968.0
BMW101195,5 Series,2018,34390.71,Semi-Auto,79914.0,Hybrid,145.0,20.9,3.0,Green,4,6,0.43034649748479614,False,13319.0
BMW101196,M2,2011,35819.78,Manual,151520.0,Diesel,205.0,38.4,2.0,Silver,4,13,0.23640298310454064,True,11655.384615384615
BMW101197,X5,2014,35107.02,Automatic,121771.0,Diesel,235.0,40.7,2.0,Red,4,10,0.28830361908828867,True,12177.1
BMW101198,5 Series,2018,31528.08,Semi-Auto,67970.0,DIESEL,150.0,36.7,2.5,White,3,6,0.4638528762689422,False,11328.333333333334
BMW101199,X1,2021,39697.96,Manual,29307.0,Diesel,125.0,37.2,3.0,Grey,4,3,1.3545555669294025,False,9769.0
BMW101200,X5,2009,27839.93,Automatic,182091.0,Hybrid,125.0,33.9,2.5,Red,5,15,0.15289020325002334,True,12139.4
BMW101201,7 Series,2013,41355.26,Semi-Auto,124214.0,Diesel,205.0,44.3,2.5,White,4,11,0.33293557892025055,True,11292.181818181818
BMW101202,i3,2021,46140.08,Manual,31202.0,Diesel,145.0,29.3,3.5,Blue,5,3,1.4787539260303828,False,10400.666666666666
BMW101203,7 Series,2011,30527.63,SEMI-AUTO,165526.0,Petrol,30.0,44.7,2.5,Green,5,13,0.18442800526805458,True,12732.76923076923
BMW101204,i8,2021,63257.73,Manual,23761.0,Diesel,145.0,28.3,3.0,Red,5,3,2.662250326164724,False,7920.333333333333
BMW101205,3 Series,2010,7513.51,Semi-Auto,173893.0,Petrol,0.0,48.4,2.0,Blue,4,14,0.0432076621830666,False,12420.92857142857
BMW101206,3 Series,2017,32076.57,Manual,86639.0,Petrol,205.0,26.1,2.5,,4,7,0.3702324588233936,False,12377.0
BMW101207,1 Series,2022,38098.74,Semi-Auto,14027.0,Petrol,150.0,32.4,3.0,White,4,2,2.7161003778427317,False,7013.5
BMW101208,1 Series,2011,13417.75,Semi-Auto,167182.0,Petrol,150.0,48.2,2.0,Silver,5,13,0.08025834120898183,False,12860.153846153846
BMW101209,7 Series,2015,38245.66,Automatic,104702.0,Petrol,125.0,24.5,2.0,Blue,4,9,0.36528108345590343,True,11633.555555555555
BMW101210,5 Series,2010,17557.48,Semi-Auto,163869.0,Diesel,150.0,32.4,2.0,Red,4,14,0.10714338892652057,False,11704.92857142857
BMW101211,1 Series,2013,18390.08,Automatic,148375.0,Petrol,235.0,23.9,2.0,Red,4,11,0.12394325189553497,False,13488.636363636364
BMW101212,3 Series,2013,18789.61,Automatic,133351.0,Diesel,30.0,39.0,1.5,Black,3,11,0.1409034052987979,False,12122.818181818182
BMW101213,X1,2008,11011.74,Manual,193360.0,Diesel,150.0,44.9,1.5,Red,4,16,0.05694942076954903,False,12085.0
BMW101214,X3,2023,40910.16,Automatic,9169.0,Diesel,20.0,34.6,2.5,Silver,5,1,4.461790816882975,False,9169.0
BMW101215,5 Series,2018,33757.35,Manual,59889.0,Petrol,150.0,,2.5,Green,5,6,0.5636652807694235,False,9981.5
BMW101216,6 Series,2016,35689.73,Automatic,103914.0,Electric,145.0,43.1,1.5,Black,5,8,0.34345449121388844,False,12989.25
BMW101217,X5,2008,20669.59,Automatic,195094.0,Diesel,205.0,23.2,2.5,Silver,4,16,0.1059468256327719,True,12193.375
BMW101218,X4,2016,31721.61,Semi-Auto,92036.0,Petrol,30.0,36.0,3.0,Blue,5,8,0.3446652396888174,False,11504.5
BMW101219,4 Series,2008,11797.68,Automatic,197490.0,Petrol,20.0,43.9,2.5,Silver,5,16,0.05973811332219353,False,12343.125
BMW101220,1 Series,2013,23521.23,Semi-Auto,138912.0,Diesel,150.0,39.4,2.5,Silver,5,11,0.1693246803731859,False,12628.363636363636
BMW101221,X1,2011,28309.27,Automatic,144095.0,Diesel,30.0,33.8,4.4,Green,5,13,0.196462542072938,False,11084.23076923077
BMW101222,4 Series,2013,16026.63,Automatic,140844.0,Diesel,125.0,28.8,1.5,Silver,3,11,0.11378993780352731,False,12804.0
BMW101223,5 Series,2013,29017.73,Semi-Auto,140462.0,Electric,125.0,29.3,2.0,Black,5,11,0.20658776039071064,False,12769.272727272728
BMW101224,5 Series,2007,24156.66,Semi-Auto,200743.0,Electric,205.0,26.4,3.5,Green,5,17,0.12033625082817334,False,11808.411764705883
BMW101225,4 Series,2009,18454.21,Manual,196520.0,Electric,125.0,41.9,2.0,Grey,3,15,0.09390499694687564,False,13101.333333333334
BMW101226,5 Series,2022,38907.23,Manual,19642.0,  Petrol  ,30.0,32.3,1.5,Black,5,2,1.980818144791773,False,9821.0
BMW101227, 1 Series ,2021,39064.98,Semi-Auto,41142.0,Petrol,30.0,41.5,2.0,Green,4,3,0.9495158232463177,False,13714.0
BMW101228,4 Series,2009,14302.67,Manual,170477.0,Diesel,30.0,42.8,2.0,Blue,3,15,0.0838979451773553,False,11365.133333333333
BMW101229,X1,2018,35839.21,Automatic,77271.0,Diesel,145.0,33.8,2.0,White,3,6,0.4638119087367835,False,12878.5
BMW101230,X2,2019,36900.89,Automatic,68364.0,Petrol,125.0,31.0,2.5,Green,2,5,0.5397707857936925,False,13672.8
BMW101231,1 Series,2009,13172.25,Automatic,190206.0,Diesel,235.0,31.6,2.5,Grey,5,15,0.06925254723825747,False,12680.4
BMW101232, i3 ,2009,21798.31,Semi-Auto,176594.0,Diesel,20.0,32.0,,Red,3,15,0.12343743275535976,False,11772.933333333332
BMW101233,3 Series,2017,31157.15,Automatic,87355.0,Diesel,145.0,31.0,2.5,Black,3,7,0.35667277202220826,False,12479.285714285714
BMW101234,i3,2017,30344.31,Manual,81797.0,Diesel,145.0,36.3,2.0,Black,5,7,0.3709709402545326,False,11685.285714285714
BMW101235,X1,2021,46374.56,Manual,32595.0,Diesel,145.0,20.2,3.5,Blue,5,3,1.4227507286393617,False,10865.0
BMW101236,6 Series,2005,15952.11,Semi-Auto,208826.0,Diesel,30.0,16.1,4.4,Silver,3,19,0.07638948215260552,False,10990.842105263158
BMW101237,7 Series,2022,60841.58,  Semi-Auto  ,11942.0,Petrol,125.0,53.0,1.6,Silver,5,2,5.094756322224083,True,5971.0
BMW101238,1 Series,2022,42342.37,Automatic,25936.0,Diesel,20.0,43.2,3.5,Black,5,2,1.6325713294262802,False,12968.0
BMW101239,X2,2011,18911.39,Automatic,151494.0,Petrol,125.0,30.3,2.0,Black,5,13,0.12483260063104809,False,11653.384615384615
BMW101240,Z4,2020,36225.44,Manual,50372.0,Diesel,235.0,27.5,2.5,Red,4,4,0.7191582625268006,False,12593.0
BMW101241,X5,2010,28828.34,Automatic,167386.0,Diesel,,33.4,2.0,Red,3,14,0.17222670952170432,True,11956.142857142857
BMW101242,5 Series,2023,39828.93,Manual,16294.0,Diesel,145.0,33.0,2.0,Grey,4,1,2.4443924143856632,False,16294.0
BMW101243,2 Series,2014,30641.15,Manual,107777.0,Petrol,205.0,37.6,3.5,Silver,3,10,0.28430138155636175,False,10777.7
BMW101244,3 Series,2006,9184.86,Automatic,210867.0,Petrol,,40.4,2.5,Red,3,18,0.043557597917170544,False,11714.833333333334
BMW101245,X1,2006,1500.0,Automatic,218941.0,Diesel,145.0,,1.5,Red,2,18,0.00685116081501409,False,12163.388888888889
BMW101246,3 Series,2020,39155.95,Semi-Auto,60341.0,Diesel,150.0,39.7,2.0,,4,4,0.6489111880810725,False,15085.25
BMW101247,X4,2011,16985.44,Semi-Auto,,Diesel,125.0,43.9,2.0,Black,5,13,,False,
BMW101248,3 Series,2007,12984.91,Semi-Auto,205687.0,Diesel,150.0,25.1,2.0,Red,3,17,0.06312946369969906,False,12099.235294117647
BMW101249,1 Series,2011,17219.84,Automatic,169086.0,Hybrid,145.0,40.6,2.0,,2,13,0.10184072010692784,False,13006.615384615385
BMW101250,3 Series,2021,35580.58,Semi-Auto,46010.0,Petrol,145.0,,2.0,Silver,5,3,0.7733227559226256,False,15336.666666666666
BMW101251,X2,2005,1500.0,Semi-Auto,225047.0,Petrol,205.0,55.6,1.5,Blue,4,19,0.006665274364910441,False,11844.578947368422
BMW101252,2 Series,2017,32853.41,  Automatic  ,79372.0,Diesel,235.0,43.4,2.0,Black,5,7,0.4139168724487225,False,11338.857142857143
BMW101253,3 Series,2016,26375.62,Semi-Auto,99246.0,Petrol,20.0,32.3,1.6,Red,4,8,0.26576003063095743,False,12405.75
BMW101254, 1 Series ,2016,32053.34,Manual,107410.0,Diesel,150.0,41.3,2.5,Silver,4,8,0.2984204450237408,False,13426.25
BMW101255,4 Series,2011,14325.25,Automatic,143428.0,Diesel,0.0,41.2,2.0,Green,4,13,0.09987763895473688,False,11032.923076923076
BMW101256, X3 ,2019,30044.96,Automatic,70218.0,Diesel,0.0,33.6,1.5,White,4,5,0.4278811700703523,False,14043.6
BMW101257,3 Series,2016,,Automatic,102825.0,Petrol,205.0,35.8,1.6,,5,8,,False,12853.125
BMW101258,5 Series,2012,18403.81,Manual,138551.0,Petrol,125.0,42.8,1.5,Green,4,12,0.13283058224047464,False,11545.916666666666
BMW101259,3 Series,2006,8790.75,Manual,213709.0,Petrol,30.0,,2.0,White,5,18,0.04113420585936951,False,11872.722222222223
BMW101260,X4,2007,6035.25,Manual,206252.0,Diesel,150.0,51.1,2.0,Grey,3,17,0.029261534433605494,False,12132.470588235294
BMW101261,5 Series,2023,34612.2,Semi-Auto,19491.0,Diesel,145.0,47.8,1.5,Green,5,1,1.7758042173310757,False,19491.0
BMW101262,5 Series,2013,24108.7,Automatic,131370.0,Petrol,,54.6,3.0,Black,4,11,0.18351754586283017,False,11942.727272727272
BMW101263,X5,2007,20639.89,Semi-Auto,212615.0,Hybrid,205.0,48.2,2.0,Blue,4,17,0.09707635867648096,True,12506.764705882353
BMW101264,X4,2012,14381.47,Semi-Auto,139768.0,Petrol,125.0,31.2,1.5,White,4,12,0.10289529792227119,False,11647.333333333334
BMW101265,3 Series,2012,25920.09,Manual,135465.0,Diesel,235.0,36.7,3.0,Grey,5,12,0.19134160115158896,False,11288.75
BMW101266,6 Series,2010,15560.19,Manual,158894.0,Diesel,20.0,43.2,2.0,White,4,14,0.09792811559907863,False,11349.57142857143
BMW101267,3 Series,2009,13344.88,Manual,179724.0,Diesel,20.0,41.8,1.6,Blue,4,15,0.07425207540450914,False,11981.6
BMW101268,X5,2015,43188.91,automatic,120205.0,Diesel,145.0,29.6,2.0,Green,2,9,0.35929378977579973,True,13356.111111111111
BMW101269,5 Series,2018,31525.48,Automatic,60371.0,Diesel,0.0,41.2,3.0,White,5,6,0.5221957562405791,False,10061.833333333334
BMW101270,X5,2020,62197.93,Manual,53079.0,Petrol,205.0,35.9,3.0,Green,5,4,1.1717992049586465,True,13269.75
BMW101271,X1,2013,20325.96,Manual,129973.0,Hybrid,125.0,36.4,1.6,White,5,11,0.1563860186346395,False,11815.727272727272
BMW101272,3 Series,2009,11118.37,Semi-Auto,172136.0,Diesel,125.0,44.3,1.5,Blue,4,15,0.06459061439791793,False,11475.733333333334
BMW101273,8 Series,2011,29501.34,Automatic,157078.0,Petrol,125.0,51.5,2.0,Red,2,13,0.18781331567756146,True,12082.923076923076
BMW101274,X5,2005,14942.25,Semi-Auto,228485.0,Petrol,,43.1,2.0,Red,3,19,0.06539707201785676,True,12025.526315789473
BMW101275,X7,2010,28324.09,Semi-Auto,169985.0,Diesel,30.0,24.8,2.0,Green,4,14,0.16662699649969115,True,12141.785714285714
BMW101276,i3,2022,40415.88,  Manual  ,18711.0,Diesel,145.0,38.1,2.0,Red,4,2,2.1600064133397465,False,9355.5
BMW101277,5 Series,2013,26830.2,Automatic,135023.0,Diesel,125.0,32.9,3.5,Grey,4,11,0.19870836820393564,False,12274.818181818182
BMW101278,5 Series,2011,20307.27,Semi-Auto,162412.0,Petrol,125.0,45.6,2.0,Silver,3,13,0.12503552693150752,False,12493.23076923077
BMW101279,3 Series,2020,33399.53,Automatic,49017.0,Hybrid,0.0,25.2,2.0,White,3,4,0.6813866617704062,False,12254.25
BMW101280, X5 ,2018,45981.47,Automatic,70493.0,Diesel,205.0,40.7,1.6,Red,5,6,0.6522841984310499,False,11748.833333333334
BMW101281,7 Series,2019,70166.19,Automatic,43138.0,Diesel,30.0,32.6,4.4,Green,5,5,1.6265517641058929,True,8627.6
BMW101282,X5,2013,39401.64,Automatic,129900.0,Diesel,145.0,29.0,2.5,Blue,4,11,0.3033228637413395,True,11809.09090909091
BMW101283,3 Series,2019,33617.26,Manual,64340.0,Petrol,205.0,45.2,2.0,Green,5,5,0.5224939384519739,False,12868.0
BMW101284,X3,2016,34108.76,Automatic,95794.0,Diesel,205.0,26.2,4.4,Green,5,8,0.3560636365534376,False,11974.25
BMW101285,5 Series,2019,27703.47,Automatic,75925.0,Petrol,150.0,46.0,1.5,Green,5,5,0.36487942048073757,False,15185.0
BMW101286,i3,2023,41198.14,Automatic,16666.0,Petrol,30.0,30.5,3.0,Black,4,1,2.4719872794911795,False,16666.0
BMW101287,3 Series,2018,29163.47,Semi-Auto,59211.0,Diesel,150.0,33.6,2.0,Black,5,6,0.49253466416713115,False,9868.5
BMW101288,5 Series,2011,15944.68,Automatic,161403.0,diesel,205.0,30.4,2.0,Blue,4,13,0.09878800270131287,False,12415.615384615385
BMW101289,X5,2023,69235.48,Semi-Auto,11657.0,Petrol,145.0,21.7,3.0,Black,5,1,5.939390923908381,True,11657.0
BMW101290,i3,2005,5271.53,Semi-Auto,237043.0,Petrol,150.0,35.0,3.0,Silver,4,19,0.022238707745008288,False,12475.947368421053
BMW101291,2 Series,2007,8494.33,Automatic,193748.0,Petrol,145.0,34.0,2.0,Red,2,17,0.04384215578999525,False,11396.941176470587
BMW101292,3 Series,2016,27745.5,Semi-Auto,81178.0,Petrol,145.0,33.4,1.5,Black,3,8,0.341785951858878,False,10147.25
BMW101293,4 Series,2005,3531.49,automatic,223804.0,Diesel,0.0,39.5,1.5,Green,4,19,0.015779387321048773,False,11779.157894736842
BMW101294,8 Series,2009,23877.28,Automatic,181124.0,Petrol,150.0,,1.6,Blue,4,15,0.13182836068108036,True,12074.933333333332
BMW101295,3 Series,2006,8508.67,Manual,222945.0,Petrol,0.0,31.1,2.0,Grey,4,18,0.03816488371571464,False,12385.833333333334
BMW101296,1 Series,2005,8076.72,Semi-Auto,217775.0,Petrol,145.0,23.1,1.5,Blue,4,19,0.03708745264607967,False,11461.842105263158
BMW101297,2 Series,2019,35592.16,Automatic,58877.0,Diesel,205.0,24.0,3.0,Blue,4,5,0.604517213852608,False,11775.4
BMW101298,5 Series,2013,23228.02,Semi-Auto,130580.0,Diesel,20.0,23.9,3.0,,4,11,0.17788344310001533,False,11870.90909090909
BMW101299,2 Series,2023,44512.97,Manual,14181.0,Diesel,125.0,41.2,3.0,Green,4,1,3.138916155419223,False,14181.0
BMW101300,3 Series,2018,33133.87,Automatic,71894.0,Diesel,125.0,39.2,2.5,Blue,5,6,0.4608711436281192,False,11982.333333333334
BMW101301,X2,2006,8860.04,Semi-Auto,212100.0,Petrol,30.0,25.2,2.0,Green,5,18,0.04177293729372938,False,11783.333333333334
BMW101302,7 Series,2021,62233.19,Automatic,24788.0,  Petrol  ,20.0,38.5,2.0,Black,4,3,2.5106176375665648,True,8262.666666666666
BMW101303,5 Series,2018,37294.13,semi-auto,72957.0,Electric,0.0,22.2,1.6,Black,4,6,0.5111795989418424,False,12159.5
BMW101304,5 Series,2006,7206.14,Semi-Auto,216567.0,Diesel,0.0,47.4,2.5,White,4,18,0.03327441392271214,False,12031.5
BMW101305,7 Series,2009,42828.72,Semi-Auto,174010.0,Electric,145.0,41.1,3.0,,4,15,0.246127923682547,True,11600.666666666666
BMW101306,3 Series,2015,24601.09,Manual,,Diesel,145.0,39.6,2.5,White,3,9,,False,
BMW101307, X3 ,2007,11006.89,Automatic,198461.0,Diesel,150.0,34.5,3.0,Grey,4,17,0.05546122411960032,False,11674.176470588236
BMW101308,M4,2009,34995.08,Automatic,180802.0,Petrol,205.0,27.9,3.5,,5,15,0.19355471731507395,True,12053.466666666667
BMW101309,3 Series,2014,21044.5,Semi-Auto,136829.0,Petrol,125.0,31.6,1.6,Blue,4,10,0.1538014602167669,False,13682.9
BMW101310,2 Series,2009,10398.56,Semi-Auto,182961.0,Petrol,125.0,40.8,2.0,Black,4,15,0.05683484458436497,False,12197.4
BMW101311,5 Series,2016,26859.26,AUTOMATIC,90107.0,Petrol,,28.4,2.0,Black,4,8,0.2980818360393754,False,11263.375
BMW101312,X3,2009,12083.96,Manual,183694.0,Diesel,0.0,25.9,1.6,Black,4,15,0.06578309580062494,False,12246.266666666666
BMW101313,X3,2009,15789.9,Semi-Auto,180053.0,Hybrid,125.0,33.3,2.5,Black,5,15,0.08769584511227249,False,12003.533333333333
BMW101314,Z4,2013,21356.37,Manual,135185.0,Diesel,145.0,,2.5,Black,4,11,0.15797884380663535,False,12289.545454545454
BMW101315,3 Series,2014,19352.52,Manual,135419.0,Hybrid,20.0,35.7,2.5,,3,10,0.1429084545004763,False,13541.9
BMW101316,3 Series,2023,42104.26,Manual,16233.0,Petrol,125.0,56.5,1.6,Black,4,1,2.593744840756484,False,16233.0
BMW101317,3 Series,2018,30481.04,Manual,79381.0,Diesel,150.0,32.5,1.6,Silver,4,6,0.3839840767941951,False,13230.166666666666
BMW101318,X1,2017,33327.06,Automatic,86631.0,Petrol,20.0,15.1,3.5,Silver,4,7,0.3847013193891332,False,12375.857142857143
BMW101319,M4,2014,42633.11,Manual,124360.0,Diesel,145.0,27.7,3.0,Silver,4,10,0.34282011900932774,True,12436.0
BMW101320,X1,2016,19689.97,Automatic,99306.0,Petrol,150.0,43.4,2.0,Red,4,8,0.1982757335911224,False,12413.25
BMW101321,X1,2016,26152.33,SEMI-AUTO,95051.0,Diesel,125.0,42.2,2.0,White,2,8,0.2751399774857708,False,11881.375
BMW101322,M3,2005,13368.98,Manual,223354.0,Petrol,205.0,44.2,1.5,White,4,19,0.05985556560437691,True,11755.473684210527
BMW101323,X1,2019,33814.59,Manual,64329.0,Petrol,145.0,33.7,3.0,Green,4,5,0.5256507951312782,False,12865.8
BMW101324,2 Series,2015,22251.84,  Automatic  ,97555.0,Diesel,,44.5,1.6,Green,4,9,0.2280953308390139,False,10839.444444444445
BMW101325,X1,2007,10180.25,Automatic,216187.0,Diesel,205.0,33.5,2.0,,4,17,0.04709001928885641,False,12716.882352941177
BMW101326,5 Series,2011,13969.78,Manual,163806.0,Petrol,125.0,41.0,2.0,White,5,13,0.08528246828565499,False,12600.461538461539
BMW101327, X3 ,2010,18168.47,Automatic,169854.0,Diesel,20.0,25.1,3.0,White,4,14,0.10696521718652491,False,12132.42857142857
BMW101328,4 Series,2009,13393.16,Manual,177084.0,Petrol,145.0,18.0,2.5,Blue,4,15,0.07563167762191954,False,11805.6
BMW101329,4 Series,2010,15119.31,Manual,171954.0,Petrol,205.0,43.3,2.5,,5,14,0.08792648033776475,False,12282.42857142857
BMW101330,5 Series,2021,36905.45,Automatic,42114.0,Hybrid,125.0,30.5,2.0,White,5,3,0.8763226005603837,False,14038.0
BMW101331,3 Series,2006,5921.19,Manual,229664.0,Diesel,125.0,22.8,3.0,Grey,5,18,0.02578196844085272,False,12759.111111111111
BMW101332, 1 Series ,2023,41485.03,Manual,3264.0,Diesel,0.0,44.1,2.0,Grey,4,1,12.709874387254901,False,3264.0
BMW101333,4 Series,2019,34671.69,Automatic,55056.0,Diesel,205.0,34.0,2.5,Green,5,5,0.6297531604184831,False,11011.2
BMW101334,3 Series,2005,6878.08,Manual,228450.0,Diesel,205.0,35.3,3.0,Blue,4,19,0.030107594659662947,False,12023.684210526315
BMW101335,1 Series,2020,40659.81,Automatic,43968.0,Petrol,30.0,34.5,3.5,Black,4,4,0.9247591430131004,False,10992.0
BMW101336,5 Series,2019,34858.95,Automatic,65423.0,Diesel,125.0,37.3,2.0,Grey,5,5,0.5328240832734664,False,13084.6
BMW101337,3 Series,2006,7764.5,Semi-Auto,222527.0,Petrol,150.0,27.6,,Green,2,18,0.034892395080147576,False,12362.611111111111
BMW101338,X5,2016,69345.76,Manual,92315.0,Electric,125.0,21.0,2.5,Green,3,8,0.7511862644207333,True,11539.375
BMW101339,5 Series,2011,21047.31,Automatic,154329.0,Petrol,145.0,40.2,3.0,Red,4,13,0.13637948797698424,False,11871.461538461539
BMW101340,5 Series,2022,43129.88,Automatic,18975.0,Diesel,125.0,35.0,3.0,Black,3,2,2.2729844532279313,False,9487.5
BMW101341,4 Series,2011,14854.46,Automatic,167917.0,Diesel,0.0,41.8,2.0,Silver,5,13,0.08846310975065061,False,12916.692307692309
BMW101342,5 Series,2021,39622.29,Semi-Auto,42590.0,Diesel,125.0,29.7,3.0,Grey,4,3,0.9303190889880254,False,14196.666666666666
BMW101343,3 Series,2018,28896.63,Automatic,73895.0,Petrol,,15.0,1.6,Green,4,6,0.39104986805602543,False,12315.833333333334
BMW101344,1 Series,2011,20137.03,Manual,158058.0,Petrol,0.0,41.7,3.0,Silver,5,13,0.12740278884966277,False,12158.307692307691
BMW101345,X1,2007,10245.43,  Manual  ,191370.0,Petrol,150.0,52.0,1.5,Grey,3,17,0.05353728379578827,False,11257.058823529413
BMW101346,i3,2017,27785.25,Manual,75788.0,Petrol,125.0,26.8,2.0,Black,4,7,0.3666180661846203,False,10826.857142857143
BMW101347,3 Series,2020,41029.71,Semi-Auto,38507.0,petrol,125.0,21.4,3.0,Grey,4,4,1.0655130236060977,False,9626.75
BMW101348,2 Series,2017,32497.77,Manual,88479.0,Diesel,20.0,36.2,3.0,Black,3,7,0.3672935950903604,False,12639.857142857143
BMW101349,3 Series,2005,7843.35,Semi-Auto,231899.0,Petrol,205.0,47.7,2.5,Grey,4,19,0.033822267452641025,False,12205.21052631579
BMW101350,4 Series,2015,22289.22,Automatic,129033.0,Hybrid,20.0,42.1,1.5,White,3,9,0.172740461742345,False,14337.0
BMW101351,6 Series,2021,35184.8,Semi-Auto,26058.0,Petrol,,49.5,2.0,Silver,5,3,1.3502494435490062,False,8686.0
BMW101352,2 Series,2019,32652.11,Automatic,55134.0,Petrol,20.0,32.9,2.5,Red,3,5,0.5922318351652338,False,11026.8
BMW101353,X6,2009,21380.48,Manual,,Diesel,145.0,45.4,1.5,Silver,4,15,,True,
BMW101354,X3,2021,46295.11,Automatic,35552.0,Petrol,125.0,23.7,3.5,Red,3,3,1.3021801867686769,False,11850.666666666666
BMW101355,X3,2009,16128.03,Automatic,175428.0,Diesel,150.0,36.0,2.0,Black,4,15,0.09193532389356318,False,11695.2
BMW101356,3 Series,2021,37200.31,Manual,35150.0,Petrol,205.0,29.0,2.0,Black,5,3,1.0583302987197722,False,11716.666666666666
BMW101357,5 Series,2020,37384.03,Automatic,55081.0,Diesel,145.0,48.5,3.0,Green,4,4,0.6787100815163123,False,13770.25
BMW101358,4 Series,2008,16277.63,Semi-Auto,206875.0,Petrol,145.0,52.7,3.5,Black,4,16,0.07868340785498489,False,12929.6875
BMW101359,X6,2016,46277.22,Automatic,90049.0,Petrol,125.0,27.6,2.5,Blue,4,8,0.5139115370520495,True,11256.125
BMW101360,8 Series,2016,44816.64,Manual,95712.0,Diesel,205.0,40.2,1.6,Red,4,8,0.4682447342026078,True,11964.0
BMW101361,X3,2014,25992.23,Semi-Auto,123846.0,Petrol,205.0,15.0,2.0,Green,4,10,0.20987540978311775,False,12384.6
BMW101362,M4,2023,68333.11,Manual,8597.0,Hybrid,145.0,46.1,2.0,Black,3,1,7.948483191811097,True,8597.0
BMW101363,5 Series,2015,29744.09,AUTOMATIC,108606.0,Diesel,30.0,32.7,3.0,Black,4,9,0.27387151722740916,False,12067.333333333334
BMW101364,M4,2013,38850.56,Manual,136677.0,Diesel,145.0,35.5,2.0,Silver,4,11,0.28425089810282633,True,12425.181818181818
BMW101365,X3,2005,7502.39,Automatic,238251.0,Petrol,30.0,40.9,3.5,Red,3,19,0.03148943760991559,False,12539.526315789473
BMW101366,5 Series,2010,9201.88,Manual,190501.0,Hybrid,205.0,32.1,2.0,Green,4,14,0.048303578458905726,False,13607.214285714286
BMW101367,7 Series,2017,45330.13,Semi-Auto,91622.0,Petrol,145.0,35.3,1.5,Blue,5,7,0.494751588046539,True,13088.857142857143
BMW101368,X5,2015,40402.89,Semi-Auto,110715.0,Petrol,20.0,40.7,2.0,,4,9,0.3649269746646796,True,12301.666666666666
BMW101369, 1 Series ,2010,15332.57,Automatic,162786.0,Petrol,20.0,40.6,2.0,Silver,4,14,0.09418850515400587,False,11627.57142857143
BMW101370,X5,2005,10241.53,Semi-Auto,226838.0,Petrol,150.0,37.8,2.0,Blue,5,19,0.04514909318544512,True,11938.842105263158
BMW101371,X5,2013,33537.73,Automatic,129976.0,Petrol,125.0,48.6,2.0,,4,11,0.25803017480150187,True,11816.0
BMW101372,2 Series,2020,41590.17,Automatic,54308.0,Hybrid,,32.1,3.5,Green,5,4,0.765820321131325,False,13577.0
BMW101373,3 Series,2006,11805.26,Manual,229650.0,Petrol,20.0,26.1,,Red,5,18,0.05140544306553451,False,12758.333333333334
BMW101374,3 Series,2015,27293.69,Semi-Auto,120759.0,Petrol,125.0,42.8,3.0,Red,3,9,0.2260178537417501,False,13417.666666666666
BMW101375,X5,2015,46622.15,Automatic,100616.0,Petrol,125.0,,2.0,White,2,9,0.4633671583048422,True,11179.555555555555
BMW101376,3 Series,2008,14661.36,Semi-Auto,194042.0,Petrol,145.0,33.8,3.5,Green,4,16,0.07555766277403861,False,12127.625
BMW101377,M5,2009,19656.51,Automatic,182826.0,Diesel,145.0,47.0,1.6,Blue,5,15,0.1075148501854222,True,12188.4
BMW101378,3 Series,2007,6607.7,Semi-Auto,194629.0,Petrol,20.0,33.7,2.0,Grey,3,17,0.03395023352121215,False,11448.764705882353
BMW101379,4 Series,2010,22208.32,Manual,167989.0,Diesel,125.0,26.7,3.5,,4,14,0.13220103697265892,False,11999.214285714286
BMW101380, X1 ,2019,37679.15,Semi-Auto,70428.0,Diesel,150.0,30.8,3.0,Blue,4,5,0.5350024138126882,False,14085.6
BMW101381,X3,2012,23799.98,Semi-Auto,134118.0,Petrol,0.0,37.7,3.5,Silver,4,12,0.17745552423984848,False,11176.5
BMW101382,X2,2012,23556.34,Manual,138333.0,Diesel,125.0,25.5,2.5,Red,4,12,0.17028720551133858,False,11527.75
BMW101383,M3,2022,63890.01,Manual,30464.0,Diesel,145.0,38.8,3.0,Black,5,2,2.0972298450630253,True,15232.0
BMW101384,X1,2013,24727.69,Semi-Auto,131025.0,Diesel,125.0,35.4,3.5,Black,4,11,0.18872497614958977,False,11911.363636363636
BMW101385,3 Series,2007,15123.62,Automatic,203990.0,Petrol,125.0,39.6,3.5,Green,3,17,0.07413902642286387,False,11999.411764705883
BMW101386,X4,2013,18988.28,Manual,127649.0,Diesel,30.0,38.6,2.5,Blue,2,11,0.14875384844377942,False,11604.454545454546
BMW101387,X5,2019,70531.46,Automatic,71285.0,Hybrid,125.0,32.1,4.4,White,4,5,0.9894291926772815,True,14257.0
BMW101388,6 Series,2018,35813.72,Automatic,67271.0,Diesel,20.0,44.8,3.0,Red,4,6,0.5323797773186069,False,11211.833333333334
BMW101389,2 Series,2010,13075.98,Automatic,162503.0,Petrol,125.0,36.2,2.0,Red,4,14,0.0804660837030701,False,11607.357142857143
BMW101390,X5,2021,55330.66,Semi-Auto,33613.0,Petrol,205.0,37.5,1.6,Blue,3,3,1.6461089459435339,True,11204.333333333334
BMW101391,X1,2015,28726.92,Automatic,92945.0,  Diesel  ,125.0,31.6,3.0,White,4,9,0.30907439883802246,False,10327.222222222223
BMW101392,X2,2008,6878.19,Manual,191677.0,Diesel,145.0,36.0,2.5,Red,5,16,0.035884274065224306,False,11979.8125
BMW101393,6 Series,2023,40110.39,Manual,17187.0,Diesel,145.0,32.0,3.0,Red,4,1,2.333763309478094,False,17187.0
BMW101394,X6,2023,65493.2,Automatic,27012.0,Diesel,145.0,,2.0,Red,2,1,2.424596475640456,True,27012.0
BMW101395,1 Series,2013,24145.04,Semi-Auto,131289.0,Petrol,125.0,15.0,3.0,Blue,4,11,0.18390756270517714,False,11935.363636363636
BMW101396,3 Series,2013,19727.23,Automatic,127604.0,Diesel,125.0,31.3,2.0,White,2,11,0.1545972696780665,False,11600.363636363636
BMW101397,1 Series,2015,23401.59,Manual,120332.0,Diesel,150.0,47.8,1.5,Green,4,9,0.19447520194129575,False,13370.222222222223
BMW101398,5 Series,2009,14081.3,Manual,174908.0,Petrol,145.0,39.0,2.0,Silver,2,15,0.0805068950533995,False,11660.533333333333
BMW101399,2 Series,2021,37689.96,Manual,32817.0,Petrol,150.0,36.1,2.0,Red,4,3,1.1484888929518238,False,10939.0
BMW101400,3 Series,2022,38180.88,Semi-Auto,28238.0,Diesel,20.0,27.8,2.0,Red,5,2,1.352109922799065,False,14119.0
BMW101401,i3,2011,17331.11,Automatic,149879.0,Hybrid,145.0,29.4,2.0,Grey,4,13,0.11563401143589162,False,11529.153846153846
BMW101402,1 Series,2017,29259.02,Semi-Auto,74407.0,Hybrid,150.0,37.2,2.0,White,5,7,0.39322940045963417,False,10629.57142857143
BMW101403,i3,2021,44920.66,Automatic,39825.0,Diesel,145.0,23.5,4.4,Blue,4,3,1.1279512868801005,False,13275.0
BMW101404,X1,2019,40455.53,Semi-Auto,67265.0,Hybrid,205.0,41.5,3.5,,5,5,0.6014350702445551,False,13453.0
BMW101405,1 Series,2012,25426.75,Semi-Auto,147098.0,Petrol,125.0,41.2,3.0,Silver,5,12,0.17285585120124,False,12258.166666666666
BMW101406,X4,2021,51130.74,Manual,43770.0,Electric,205.0,34.9,2.5,White,4,3,1.168168608636052,False,14590.0
BMW101407,1 Series,2008,15387.25,Automatic,187060.0,Petrol,205.0,36.2,3.0,Red,2,16,0.08225836629958302,False,11691.25
BMW101408,3 Series,2022,41890.17,Manual,23687.0,Petrol,30.0,30.6,3.0,Blue,5,2,1.7684877781061341,False,11843.5
BMW101409,M5,2008,23942.37,Automatic,187791.0,Hybrid,145.0,18.6,2.0,Red,4,16,0.12749476811987795,True,11736.9375
BMW101410,1 Series,2014,25645.6,Semi-Auto,112773.0,Diesel,150.0,17.2,3.5,White,2,10,0.22740904294467645,False,11277.3
BMW101411,X5,2012,35447.86,Semi-Auto,133778.0,HYBRID,205.0,50.6,2.0,Silver,4,12,0.26497525751618356,True,11148.166666666666
BMW101412,3 Series,2022,38543.97,Automatic,20605.0,Petrol,150.0,39.2,1.5,Grey,3,2,1.8706124727008009,False,10302.5
BMW101413,3 Series,2018,32757.99,Automatic,57706.0,Petrol,145.0,43.5,2.5,Black,5,6,0.5676704328839289,False,9617.666666666666
BMW101414,1 Series,2023,40207.91,Manual,13272.0,Diesel,205.0,30.2,2.0,Silver,2,1,3.029529083785413,False,13272.0
BMW101415,i8,2021,79190.49,Automatic,28267.0,Diesel,145.0,16.1,4.4,Grey,4,3,2.801517317012771,False,9422.333333333334
BMW101416,6 Series,2019,33142.45,Semi-Auto,57028.0,Petrol,150.0,43.0,3.0,Red,4,5,0.5811610086273409,False,11405.6
BMW101417,1 Series,2009,11706.81,Semi-Auto,183584.0,Hybrid,0.0,24.7,3.0,Grey,4,15,0.06376813883562837,False,12238.933333333332
BMW101418,X1,2021,41969.23,Automatic,18525.0,Hybrid,30.0,37.7,2.0,Red,4,3,2.2655454790823213,False,6175.0
BMW101419,X1,2016,22872.19,Semi-Auto,85062.0,Diesel,150.0,38.7,2.0,Green,5,8,0.2688884578307587,False,10632.75
BMW101420,X3,2013,21162.58,Semi-Auto,130085.0,Diesel,125.0,30.2,2.0,Black,2,11,0.16268270746050661,False,11825.90909090909
BMW101421,X3,2010,15870.67,Manual,163449.0,Petrol,145.0,42.4,2.0,Silver,4,14,0.09709860568128284,False,11674.92857142857
BMW101422,4 Series,2016,27699.1,Semi-Auto,94254.0,Petrol,205.0,18.0,2.5,Black,4,8,0.2938771829312284,False,11781.75
BMW101423,5 Series,2023,38254.3,Automatic,6455.0,Diesel,150.0,41.7,1.6,Silver,4,1,5.926305189775368,False,6455.0
BMW101424,3 Series,2011,16138.74,Semi-Auto,155381.0,Diesel,20.0,35.2,2.0,Black,5,13,0.10386559489255442,False,11952.384615384615
BMW101425,3 Series,2020,37912.97,Automatic,56277.0,Diesel,205.0,40.1,2.5,White,4,4,0.6736849867619099,False,14069.25
BMW101426,X5,2018,57330.55,Semi-Auto,66701.0,Petrol,20.0,34.8,3.0,White,2,6,0.8595155994662749,True,11116.833333333334
BMW101427,4 Series,2010,12606.48,Automatic,170237.0,Diesel,20.0,24.4,3.0,Green,4,14,0.0740525267715009,False,12159.785714285714
BMW101428,X3,2007,15170.23,Manual,211034.0,Hybrid,20.0,41.8,2.5,Grey,5,17,0.07188524124074794,False,12413.764705882353
BMW101429,1 Series,2006,16399.46,Manual,219310.0,Hybrid,150.0,34.8,4.4,Grey,3,18,0.07477752952441749,False,12183.888888888889
BMW101430,X2,2020,36468.49,Automatic,57768.0,Petrol,125.0,30.0,3.0,Grey,3,4,0.6312922379171859,False,14442.0
BMW101431,Z4,2023,42928.22,Automatic,21241.0,Petrol,145.0,28.5,2.5,Blue,4,1,2.0210074855232807,False,21241.0
BMW101432,3 Series,2017,27951.12,Automatic,74893.0,Petrol,205.0,31.6,2.0,White,2,7,0.3732140520475879,False,10699.0
BMW101433,5 Series,2017,28478.31,Automatic,,Petrol,145.0,38.8,2.0,Grey,5,7,,False,
BMW101434,3 Series,2005,4747.84,Manual,239691.0,Petrol,125.0,38.1,3.0,Black,5,19,0.01980816968513628,False,12615.315789473685
BMW101435,1 Series,2017,23908.3,Semi-Auto,,Petrol,145.0,37.6,2.0,Silver,3,7,,False,
BMW101436,4 Series,2007,13791.42,Semi-Auto,195707.0,Petrol,20.0,28.0,3.0,Grey,5,17,0.0704697328148712,False,11512.176470588236
BMW101437,4 Series,2011,18891.73,Automatic,153320.0,Hybrid,150.0,38.4,2.0,White,4,13,0.12321764936081397,False,11793.846153846154
BMW101438,3 Series,2018,34566.17,automatic,67597.0,Petrol,125.0,35.7,3.5,Red,4,6,0.5113565690785093,False,11266.166666666666
BMW101439,X2,2020,34267.69,Automatic,43354.0,Diesel,,,2.0,Silver,3,4,0.7904158785809845,False,10838.5
BMW101440,i3,2010,24012.59,Automatic,176768.0,Petrol,205.0,22.1,4.4,White,5,14,0.135842403602462,False,12626.285714285714
BMW101441,X1,2012,13762.33,Manual,138063.0,Petrol,30.0,39.7,1.5,Grey,4,12,0.09968152220363168,False,11505.25
BMW101442,5 Series,2008,13654.3,Manual,184622.0,Diesel,205.0,28.5,3.0,Silver,4,16,0.07395814149992957,False,11538.875
BMW101443,6 Series,2015,22824.71,Manual,104284.0,Diesel,145.0,57.0,2.0,,4,9,0.21887068006597368,False,11587.111111111111
BMW101444,X1,2008,13750.15,Automatic,194452.0,Petrol,125.0,22.0,3.0,Blue,5,16,0.07071230946454651,False,12153.25
BMW101445,3 Series,2009,15009.76,Semi-Auto,176996.0,Petrol,30.0,44.8,2.0,Black,4,15,0.08480282040272097,False,11799.733333333334
BMW101446, 4 Series ,2015,23304.49,Semi-Auto,122849.0,Petrol,205.0,37.5,2.0,White,4,9,0.1897002824605817,False,13649.888888888889
BMW101447,4 Series,2006,8120.57,Semi-Auto,217328.0,Diesel,150.0,39.2,2.5,Black,5,18,0.037365502834425385,False,12073.777777777777
BMW101448,3 Series,2021,36082.02,Manual,31706.0,Petrol,145.0,27.6,3.0,,4,3,1.138018671544818,False,10568.666666666666
BMW101449,3 Series,2018,29646.43,Automatic,70548.0,Petrol,235.0,31.4,2.0,White,2,6,0.4202306231218461,False,11758.0
BMW101450,5 Series,2016,27724.94,Semi-Auto,104537.0,Petrol,150.0,27.9,2.0,White,5,8,0.2652165262060323,False,13067.125
BMW101451,3 Series,2020,32677.28,Automatic,53442.0,Petrol,150.0,17.4,2.5,Silver,2,4,0.6114531641779873,False,13360.5
BMW101452,5 Series,2007,8208.33,Automatic,206205.0,  Petrol  ,0.0,35.5,2.0,Silver,5,17,0.039806648723357825,False,12129.70588235294
BMW101453,4 Series,2008,,Automatic,189734.0,Petrol,20.0,35.6,3.5,Silver,5,16,,False,11858.375
BMW101454,X6,2015,45975.78,Semi-Auto,116168.0,Petrol,145.0,15.0,3.0,Silver,4,9,0.39576974726258524,True,12907.555555555555
BMW101455,X3,2012,20691.73,  Automatic  ,142628.0,Diesel,125.0,41.7,3.5,Red,5,12,0.14507480999523234,False,11885.666666666666
BMW101456,3 Series,2008,13987.21,Automatic,197549.0,Diesel,20.0,24.9,2.5,Blue,2,16,0.0708037499557072,False,12346.8125
BMW101457,X4,2012,22420.57,Semi-Auto,137142.0,Diesel,145.0,22.9,3.0,Silver,3,12,0.163484344693821,False,11428.5
BMW101458,X2,2011,16404.1,Semi-Auto,152613.0,Petrol,125.0,54.5,2.0,Silver,5,13,0.10748822184217595,False,11739.461538461539
BMW101459,5 Series,2012,17899.69,Manual,143928.0,diesel,145.0,35.6,1.5,Blue,4,12,0.12436558557056306,False,11994.0
BMW101460,X3,2007,10237.23,Automatic,197509.0,Diesel,235.0,42.4,2.5,Blue,4,17,0.051831713997843136,False,11618.176470588236
BMW101461,6 Series,2013,20487.73,Automatic,128674.0,Petrol,30.0,37.9,1.5,Red,4,11,0.15922198734787135,False,11697.636363636364
BMW101462,1 Series,2017,29807.06,Manual,87125.0,Petrol,0.0,44.7,2.0,,5,7,0.3421183357245337,False,12446.42857142857
BMW101463,X2,2016,26640.03,Semi-Auto,78835.0,Petrol,125.0,20.6,2.0,Silver,4,8,0.3379213547282298,False,9854.375
BMW101464,X5,2009,50273.95,Automatic,156215.0,Electric,30.0,28.8,3.5,Blue,2,15,0.3218253688826297,True,10414.333333333334
BMW101465,3 Series,2018,32867.12,Semi-Auto,58178.0,Petrol,20.0,41.3,1.6,Green,4,6,0.5649406992333872,False,9696.333333333334
BMW101466,3 Series,2005,7147.27,Automatic,222525.0,Diesel,150.0,38.0,1.5,Red,5,19,0.03211895292663746,False,11711.842105263158
BMW101467,i3,2020,39145.17,  Automatic  ,51443.0,Diesel,205.0,29.4,3.5,Blue,4,4,0.7609425966603813,False,12860.75
BMW101468,X3,2017,29855.65,Manual,92769.0,Petrol,205.0,,3.0,Red,5,7,0.3218278735353405,False,13252.714285714286
BMW101469,X2,2015,23571.34,Automatic,111431.0,Diesel,0.0,39.6,2.0,Red,3,9,0.21153305633082356,False,12381.222222222223
BMW101470,3 Series,2008,8637.5,Automatic,187525.0,Petrol,235.0,45.0,2.0,Green,5,16,0.04606052526329823,False,11720.3125
BMW101471,5 Series,2019,28779.79,Semi-Auto,61750.0,Petrol,150.0,43.0,1.5,Blue,5,5,0.46606947368421053,False,12350.0
BMW101472,X5,2020,57641.08,  Automatic  ,46234.0,Petrol,205.0,16.0,2.0,Green,4,4,1.24672492105377,True,11558.5
BMW101473,X5,2011,35245.67,Semi-Auto,171995.0,Diesel,30.0,,2.5,Blue,5,13,0.20492264310009012,True,13230.384615384615
BMW101474,i3,2017,29378.97,Manual,89448.0,Hybrid,145.0,34.4,2.0,Grey,5,7,0.328447477864234,False,12778.285714285714
BMW101475,X3,2018,34149.99,manual,66145.0,Petrol,125.0,31.0,3.5,White,5,6,0.5162898178244765,False,11024.166666666666
BMW101476,X1,2016,45229.34,Automatic,103113.0,Electric,150.0,15.0,4.4,Black,4,8,0.4386385809742709,False,12889.125
BMW101477,X2,2019,28260.84,Automatic,56409.0,Petrol,205.0,35.7,2.0,Green,5,5,0.5009987767909376,False,11281.8
BMW101478,2 Series,2022,38161.87,Manual,23697.0,Diesel,30.0,48.5,3.0,,5,2,1.6104093345149175,False,11848.5
BMW101479,i3,2012,25340.99,Semi-Auto,126814.0,  Hybrid  ,145.0,23.8,3.0,Silver,4,12,0.1998280158342139,False,10567.833333333334
BMW101480,X3,2023,44708.48,Semi-Auto,9720.0,petrol,145.0,43.6,3.0,White,2,1,4.5996378600823045,False,9720.0
BMW101481,4 Series,2009,21680.29,Automatic,189351.0,Diesel,145.0,32.6,3.0,Green,5,15,0.11449789016165746,False,12623.4
BMW101482,5 Series,2010,28419.54,Automatic,164137.0,Electric,205.0,47.4,3.0,Green,5,14,0.17314523842887344,False,11724.07142857143
BMW101483,3 Series,2005,1500.0,Manual,233396.0,Diesel,0.0,47.3,1.6,Black,4,19,0.0064268453615314745,False,12284.0
BMW101484,3 Series,2012,21366.0,Automatic,147443.0,Petrol,145.0,26.9,2.0,Red,5,12,0.14491023649817217,False,12286.916666666666
BMW101485,5 Series,2021,41162.04,Semi-Auto,38500.0,Petrol,20.0,38.8,3.0,Silver,4,3,1.0691438961038962,False,12833.333333333334
BMW101486,1 Series,2005,5767.49,Automatic,223463.0,Diesel,30.0,39.6,2.0,,4,19,0.025809597114511126,False,11761.21052631579
BMW101487,2 Series,2013,19184.72,Semi-Auto,145426.0,Diesel,205.0,28.0,2.0,Green,3,11,0.13192083946474498,False,13220.545454545454
BMW101488,2 Series,2021,38858.2,Automatic,50689.0,Petrol,145.0,21.1,3.0,Red,4,3,0.7666002485746414,False,16896.333333333332
BMW101489,X2,2017,26678.51,Semi-Auto,93036.0,  Petrol  ,205.0,,3.0,Grey,5,7,0.28675469710649637,False,13290.857142857143
BMW101490,X3,2014,19461.91,Manual,126138.0,Hybrid,145.0,37.1,1.6,Green,3,10,0.15429061821179976,False,12613.8
BMW101491,3 Series,2009,12759.23,Semi-Auto,175928.0,Petrol,30.0,49.9,1.6,White,3,15,0.07252529443863398,False,11728.533333333333
BMW101492,3 Series,2016,26503.45,Automatic,100249.0,Diesel,145.0,50.8,2.0,Green,4,8,0.2643762032538978,False,12531.125
BMW101493,7 Series,2012,36473.9,Automatic,150195.0,Diesel,20.0,31.1,2.5,Grey,5,12,0.24284363660574587,True,12516.25
BMW101494,4 Series,2022,38188.83,Automatic,28259.0,Petrol,235.0,38.2,1.5,White,5,2,1.3513864609504938,False,14129.5
BMW101495,1 Series,2011,18466.04,Manual,152120.0,Diesel,205.0,15.0,1.6,Silver,4,13,0.12139127004996056,False,11701.538461538461
BMW101496,5 Series,2009,14879.12,Manual,190978.0,diesel,20.0,39.0,1.6,Red,4,15,0.07791012577364932,False,12731.866666666667
BMW101497,3 Series,2020,32234.43,Semi-Auto,46561.0,Diesel,145.0,24.6,2.0,Blue,5,4,0.6923053628573269,False,11640.25
BMW101498,X5,2015,47999.18,Automatic,105372.0,Hybrid,,33.5,3.0,Red,5,9,0.45552120107808525,True,11708.0
BMW101499,2 Series,2020,33111.47,Automatic,51030.0,Diesel,30.0,31.0,2.5,Black,5,4,0.6488628257887518,False,12757.5
BMW101500,3 Series,2016,29158.94,Semi-Auto,98221.0,Diesel,235.0,39.0,2.0,Grey,5,8,0.29687073029189276,False,12277.625
BMW101501,X5,2023,65878.59,Semi-Auto,10648.0,Hybrid,235.0,33.3,2.0,Blue,4,1,6.186944966190834,True,10648.0
BMW101502,1 Series,2021,41671.32,Automatic,35214.0,PETROL,30.0,32.6,4.4,Blue,5,3,1.1833736582041234,False,11738.0
BMW101503,1 Series,2018,28851.55,Automatic,77287.0,Diesel,125.0,49.8,2.5,Silver,3,6,0.3733040485463273,False,12881.166666666666
BMW101504, i3 ,2013,18850.39,Automatic,140303.0,Petrol,150.0,53.8,1.5,White,4,11,0.13435486055180573,False,12754.818181818182
BMW101505,3 Series,2008,5138.08,Manual,197305.0,Petrol,30.0,20.4,2.5,Black,5,16,0.026041306606522895,False,12331.5625
BMW101506,3 Series,2021,36319.15,Semi-Auto,35355.0,Diesel,205.0,47.7,1.6,Blue,5,3,1.027270541648989,False,11785.0
BMW101507,X5,2019,53693.24,Automatic,56059.0,Diesel,20.0,,2.5,,5,5,0.9577987477479084,True,11211.8
BMW101508,X3,2022,40019.92,Automatic,19160.0,Diesel,20.0,28.2,2.0,,4,2,2.088722338204593,False,9580.0
BMW101509,X1,2023,39179.22,Automatic,11235.0,Diesel,,26.4,2.0,Silver,4,1,3.4872469959946595,False,11235.0
BMW101510,5 Series,2017,29357.78,Manual,88368.0,diesel,205.0,31.7,1.5,Silver,4,7,0.33222184501176893,False,12624.0
BMW101511,X3,2014,24557.66,Manual,120470.0,Petrol,145.0,45.7,2.0,Red,4,10,0.2038487590271437,False,12047.0
BMW101512,X1,2020,33547.54,Automatic,53301.0,Petrol,125.0,41.4,1.5,Red,5,4,0.6293979475056753,False,13325.25
BMW101513,7 Series,2013,46372.92,Automatic,127777.0,Petrol,0.0,31.3,3.5,Red,4,11,0.3629207134304296,True,11616.09090909091
BMW101514,1 Series,2010,9154.14,Automatic,173520.0,Petrol,145.0,33.2,1.5,Red,4,14,0.05275553250345781,False,12394.285714285714
BMW101515,8 Series,2010,23804.67,Manual,170726.0,Petrol,0.0,32.6,2.0,White,5,14,0.13943201387017792,True,12194.714285714286
BMW101516,X1,2011,21743.33,Semi-Auto,147730.0,Petrol,30.0,32.8,3.0,Blue,5,13,0.14718290123874636,False,11363.846153846154
BMW101517,X5,2005,16864.03,Semi-Auto,226101.0,Petrol,125.0,30.7,3.0,Grey,4,19,0.07458626896829293,True,11900.052631578947
BMW101518,i3,2015,21093.19,Semi-Auto,109368.0,PETROL,20.0,37.3,2.0,Green,5,9,0.19286436617657815,False,12152.0
BMW101519,2 Series,2009,7878.56,Automatic,169411.0,Petrol,205.0,51.1,1.6,White,4,15,0.04650559880999463,False,11294.066666666668
BMW101520,1 Series,2005,5737.66,Automatic,232796.0,Petrol,30.0,31.0,2.0,White,5,19,0.024646729325246138,False,12252.421052631578
BMW101521,8 Series,2021,65065.95,Manual,41013.0,Hybrid,145.0,,3.0,White,2,3,1.5864713627386438,True,13671.0
BMW101522,8 Series,2011,39857.01,Automatic,148775.0,Diesel,125.0,28.0,3.0,Green,4,13,0.26790126029238787,True,11444.23076923077
BMW101523,M5,2005,15773.12,Automatic,240438.0,Electric,0.0,43.8,1.6,Red,5,19,0.06560161039436363,True,12654.631578947368
BMW101524,X1,2010,20995.37,Manual,162952.0,Petrol,205.0,16.6,3.0,Red,5,14,0.12884389268005303,False,11639.42857142857
BMW101525,X5,2023,71927.83,Manual,5088.0,Petrol,150.0,46.3,2.5,Grey,4,1,14.136759040880504,True,5088.0
BMW101526,X5,2005,25145.07,  Automatic  ,237890.0,Hybrid,30.0,32.6,3.5,Black,5,19,0.10570040775148178,True,12520.526315789473
BMW101527,3 Series,2013,23226.95,Semi-Auto,136169.0,Petrol,0.0,39.6,3.0,White,4,11,0.17057443324104607,False,12379.0
BMW101528,1 Series,2021,36399.53,Automatic,44230.0,  Petrol  ,125.0,25.2,3.0,Green,4,3,0.8229602080036175,False,14743.333333333334
BMW101529,X4,2021,37590.23,Semi-Auto,27898.0,Diesel,205.0,36.6,1.5,Grey,4,3,1.3474166606925229,False,9299.333333333334
BMW101530,8 Series,2016,46207.88,Automatic,,Petrol,125.0,30.7,2.0,Blue,5,8,,True,
BMW101531,8 Series,2020,59711.59,Automatic,47789.0,diesel,125.0,28.5,1.5,Red,4,4,1.2494839816694217,True,11947.25
BMW101532,3 Series,2013,18772.22,Manual,144371.0,Diesel,205.0,42.4,1.6,Black,3,11,0.1300276371293404,False,13124.636363636364
BMW101533,X3,2023,45404.73,Manual,17583.0,Diesel,150.0,38.0,3.0,Grey,4,1,2.5823084797816076,False,17583.0
BMW101534,X3,2011,15863.58,Automatic,165031.0,Petrol,125.0,,2.0,Green,4,13,0.09612484927074307,False,12694.692307692309
BMW101535,3 Series,2023,42445.35,Manual,13720.0,Hybrid,125.0,37.4,2.0,Blue,4,1,3.0936844023323613,False,13720.0
BMW101536,X2,2005,6462.79,Automatic,234244.0,Petrol,145.0,54.6,1.5,Red,3,19,0.027589991632656546,False,12328.631578947368
BMW101537,X3,2017,29541.74,Manual,999999.0,Diesel,145.0,32.7,3.0,,5,7,0.029541769541769545,False,142857.0
BMW101538,5 Series,2017,23025.47,Automatic,90699.0,Diesel,,53.4,2.0,Silver,4,7,0.2538668563049207,False,12957.0
BMW101539,X5,2017,53060.92,Semi-Auto,87094.0,HYBRID,,28.2,3.5,White,3,7,0.609237375709004,True,12442.0
BMW101540,7 Series,2011,43090.98,Manual,156530.0,Electric,30.0,45.0,1.6,Silver,4,13,0.2752889541940842,True,12040.76923076923
BMW101541,X4,2009,16788.19,Semi-Auto,183853.0,Petrol,125.0,32.6,3.5,,4,15,0.09131311428151838,False,12256.866666666667
BMW101542, 5 Series ,2014,22583.0,Manual,138979.0,Petrol,125.0,38.0,3.0,Black,5,10,0.16249217507681016,False,13897.9
BMW101543,X1,2020,34183.14,Automatic,40814.0,Petrol,150.0,,1.5,Blue,5,4,0.8375346694761602,False,10203.5
BMW101544,i8,2009,39619.29,Automatic,190465.0,Petrol,205.0,39.7,3.5,Black,4,15,0.20801349329273094,False,12697.666666666666
BMW101545,3 Series,2016,32693.06,Manual,97659.0,Diesel,205.0,19.0,3.5,White,4,8,0.3347675073469931,False,12207.375
BMW101546,5 Series,2014,28439.38,Semi-Auto,111330.0,Petrol,30.0,35.5,3.0,Silver,5,10,0.255451181173089,False,11133.0
BMW101547,1 Series,2008,,SEMI-AUTO,206262.0,petrol,145.0,37.3,1.6,Green,5,16,,False,12891.375
BMW101548,4 Series,2023,41280.43,Semi-Auto,10153.0,Petrol,125.0,36.8,1.6,Grey,2,1,4.065835713582192,False,10153.0
BMW101549,3 Series,2006,3205.3,Semi-Auto,218383.0,petrol,20.0,45.7,1.6,Green,3,18,0.014677424524802756,False,12132.388888888889
BMW101550,1 Series,2010,21786.09,Automatic,165253.0,Petrol,145.0,16.9,3.5,Green,4,14,0.13183476245514453,False,11803.785714285714
BMW101551,3 Series,2008,12383.73,Automatic,194393.0,Diesel,205.0,26.8,2.5,Blue,4,16,0.06370460870504596,False,12149.5625
BMW101552,3 Series,2007,7357.06,Automatic,203336.0,Diesel,20.0,40.8,2.0,Blue,4,17,0.0361817877798324,False,11960.941176470587
BMW101553,4 Series,2009,13061.89,Automatic,179691.0,Petrol,30.0,40.5,2.0,Red,4,15,0.07269084150013078,False,11979.4
BMW101554,X7,2023,68608.74,Automatic,17212.0,Diesel,125.0,45.3,2.0,Red,4,1,3.9860992330931913,True,17212.0
BMW101555,X3,2021,37085.32,  Automatic  ,21302.0,Petrol,0.0,54.4,1.6,Grey,4,3,1.7409313679466716,False,7100.666666666667
BMW101556,X6,2015,47547.86,Automatic,117855.0,Diesel,125.0,30.4,3.0,Grey,4,9,0.40344372321921007,True,13095.0
BMW101557,X2,2009,13942.42,Semi-Auto,190231.0,Diesel,,,2.0,Black,3,15,0.07329205019160914,False,12682.066666666668
BMW101558,X2,2011,14865.94,Automatic,157516.0,Diesel,125.0,24.0,2.0,Blue,4,13,0.09437733309632038,False,12116.615384615385
BMW101559,5 Series,2015,29692.89,Automatic,102454.0,Diesel,145.0,29.8,3.5,Red,4,9,0.2898167958303238,False,11383.777777777777
BMW101560,X3,2016,27539.49,Semi-Auto,103333.0,Hybrid,125.0,51.2,2.0,White,4,8,0.26651205326468796,False,12916.625
BMW101561,X6,2012,33098.24,Semi-Auto,162416.0,Petrol,145.0,41.4,2.0,Red,3,12,0.20378681903260762,True,13534.666666666666
BMW101562,6 Series,2022,36084.06,Automatic,18770.0,Diesel,30.0,26.1,1.6,Silver,4,2,1.9224326052210974,False,9385.0
BMW101563,3 Series,2006,4969.63,Semi-Auto,213820.0,Petrol,145.0,51.5,2.0,Green,4,18,0.023242119539799832,False,11878.888888888889
BMW101564,1 Series,2008,12176.43,Automatic,209381.0,Petrol,205.0,44.3,2.5,Silver,5,16,0.058154417067451204,False,13086.3125
BMW101565,X4,2008,13392.83,Automatic,196723.0,Hybrid,145.0,35.8,2.0,Black,5,16,0.06807963481646782,False,12295.1875
BMW101566,8 Series,2016,49855.96,Semi-Auto,97289.0,Diesel,20.0,19.7,3.0,Blue,2,8,0.5124521785607828,True,12161.125
BMW101567,X5,2006,18244.65,Automatic,202651.0,Diesel,125.0,28.1,2.5,Grey,4,18,0.09002990362741857,True,11258.388888888889
BMW101568,X1,2008,8927.02,Semi-Auto,199251.0,Petrol,235.0,34.6,2.0,,4,16,0.0448028868111076,False,12453.1875
BMW101569,4 Series,2019,31826.06,Automatic,50040.0,Diesel,125.0,34.3,2.0,,4,5,0.6360123900879296,False,10008.0
BMW101570,X5,2021,54633.73,Automatic,40100.0,Diesel,235.0,42.4,1.5,Blue,4,3,1.362437157107232,True,13366.666666666666
BMW101571,2 Series,2008,13140.96,Semi-Auto,200980.0,Petrol,30.0,49.0,2.0,Blue,4,16,0.0653844163598368,False,12561.25
BMW101572,2 Series,2023,41622.19,Manual,20518.0,Hybrid,125.0,61.4,1.6,Black,4,1,2.028569548688956,False,20518.0
BMW101573,7 Series,2014,35581.33,Automatic,115399.0,Hybrid,125.0,41.8,1.5,Blue,4,10,0.3083330878083866,True,11539.9
BMW101574,X3,2022,40261.84,Automatic,,Petrol,125.0,31.1,3.5,Black,2,2,,False,
BMW101575,7 Series,2023,70745.9,Automatic,28960.0,Diesel,0.0,35.1,2.5,Grey,4,1,2.4428832872928177,True,28960.0
BMW101576,4 Series,2012,13630.02,Semi-Auto,149053.0,Petrol,125.0,48.8,1.5,Grey,3,12,0.09144411719321316,False,12421.083333333334
BMW101577,1 Series,2013,26629.69,Automatic,129169.0,Electric,145.0,38.6,2.0,Green,4,11,0.20616161772561528,False,11742.636363636364
BMW101578,X3,2011,15131.02,Semi-Auto,155611.0,Petrol,125.0,37.8,2.0,Black,4,13,0.09723618510259557,False,11970.076923076924
BMW101579,5 Series,2007,3894.57,Manual,202314.0,Diesel,125.0,44.5,1.5,Black,5,17,0.01925012604169756,False,11900.823529411764
BMW101580,3 Series,2023,45101.19,Manual,9054.0,Petrol,150.0,25.1,3.0,Red,3,1,4.98135520212061,False,9054.0
BMW101581,2 Series,2012,23841.41,Automatic,141228.0,Diesel,150.0,27.5,4.4,Grey,4,12,0.1688150366782791,False,11769.0
BMW101582,1 Series,2020,27978.01,Manual,40681.0,Diesel,150.0,40.5,1.6,White,3,4,0.6877414517833877,False,10170.25
BMW101583,5 Series,2018,33645.46,Manual,86715.0,Hybrid,125.0,35.8,2.0,White,4,6,0.3880004612812085,False,14452.5
BMW101584,2 Series,2005,5677.94,Automatic,234629.0,Diesel,125.0,44.9,2.0,Black,5,19,0.024199651364494583,False,12348.894736842105
BMW101585,3 Series,2019,40913.93,Manual,77340.0,Hybrid,0.0,25.8,4.4,Grey,3,5,0.5290138350142229,False,15468.0
BMW101586,7 Series,2013,33046.04,Automatic,133006.0,Hybrid,,36.3,1.5,Blue,4,11,0.24845525765754928,True,12091.454545454546
BMW101587,X3,2006,12669.58,Manual,236299.0,petrol,30.0,35.8,3.5,Black,4,18,0.05361673134461001,False,13127.722222222223
BMW101588,8 Series,2011,39857.01,Automatic,148775.0,Diesel,125.0,28.0,3.0,Green,4,13,0.26790126029238787,True,11444.23076923077
BMW101589, 1 Series ,2017,27599.09,Automatic,79849.0,Petrol,235.0,34.2,1.5,White,4,7,0.3456410224298363,False,11407.0
BMW101590,X4,2027,17472.37,Semi-Auto,153705.0,Diesel,150.0,36.8,2.0,White,5,-3,0.11367470153866172,False,
BMW101591,X1,2010,17751.56,Automatic,,Diesel,150.0,28.6,1.6,Grey,4,14,,False,
BMW101592,X4,2013,19097.4,Automatic,149667.0,  Petrol  ,,51.9,2.0,White,4,11,0.12759927038024416,False,13606.09090909091
BMW101593,X1,2014,26144.2,Automatic,116890.0,Petrol,145.0,42.7,2.0,Green,4,10,0.22366498417315425,False,11689.0
BMW101594,5 Series,2014,26154.16,Automatic,119040.0,Hybrid,235.0,35.5,3.0,Red,5,10,0.21970900537634408,False,11904.0
BMW101595,3 Series,2010,15725.69,Manual,176163.0,Petrol,20.0,41.8,3.0,Green,4,14,0.08926783717352679,False,12583.07142857143
BMW101596,2 Series,2007,9070.3,Semi-Auto,201220.0,Petrol,150.0,50.2,2.0,Red,5,17,0.04507653314779843,False,11836.470588235294
BMW101597,7 Series,2012,39067.13,Automatic,146956.0,Diesel,145.0,28.6,3.0,Green,4,12,0.2658423609787964,True,12246.333333333334
BMW101598,4 Series,2022,38412.14,Automatic,30106.0,Petrol,205.0,29.2,2.0,White,4,2,1.2758964990367367,False,15053.0
BMW101599,1 Series,2012,13783.15,Semi-Auto,135634.0,Diesel,145.0,52.8,1.6,Black,4,12,0.101620168984178,False,11302.833333333334
BMW101600,X4,2015,35771.23,Automatic,102030.0,Electric,30.0,36.3,3.0,Red,4,9,0.3505952170930119,False,11336.666666666666
BMW101601,M5,2010,23625.8,Manual,184962.0,petrol,145.0,33.7,1.5,Silver,5,14,0.12773326412992939,True,13211.57142857143
BMW101602,2 Series,2018,35018.35,Manual,47044.0,Petrol,145.0,47.4,3.0,Black,4,6,0.7443744154408638,False,7840.666666666667
BMW101603,X3,2005,8189.03,Manual,229688.0,Petrol,235.0,43.7,2.0,Silver,4,19,0.03565284211626206,False,12088.842105263158
BMW101604,5 Series,2006,7362.61,Semi-Auto,221865.0,Diesel,30.0,27.0,2.0,Grey,4,18,0.033185090032226805,False,12325.833333333334
BMW101605,3 Series,2009,14164.27,Manual,174325.0,Petrol,205.0,32.1,2.0,Red,5,15,0.08125208661981931,False,11621.666666666666
BMW101606,5 Series,2020,33400.05,Semi-Auto,49313.0,Petrol,20.0,34.4,1.5,Black,5,4,0.6773072009409284,False,12328.25
BMW101607,5 Series,2005,14270.13,Manual,219591.0,Petrol,30.0,21.0,4.4,Grey,5,19,0.06498504037050698,False,11557.421052631578
BMW101608,3 Series,2008,12214.01,Automatic,192727.0,Petrol,125.0,28.3,3.0,Green,5,16,0.06337466986981585,False,12045.4375
BMW101609,M3,2022,63997.84,Manual,23682.0,Diesel,125.0,38.1,1.6,Black,3,2,2.70238324465839,True,11841.0
BMW101610,1 Series,2016,31055.23,Semi-Auto,103215.0,  Diesel  ,125.0,31.4,3.0,Grey,5,8,0.3008790388993848,False,12901.875
BMW101611,3 Series,2013,18699.58,Manual,139591.0,Diesel,30.0,33.1,2.0,Black,4,11,0.13395978250746826,False,12690.09090909091
BMW101612,X1,2009,10377.59,Automatic,180211.0,Diesel,150.0,26.8,1.6,White,3,15,0.05758577445327977,False,12014.066666666668
BMW101613,X1,2019,37322.36,automatic,63106.0,Diesel,20.0,,3.0,Grey,4,5,0.5914233194941844,False,12621.2
BMW101614,4 Series,2013,28359.6,Semi-Auto,132527.0,Hybrid,125.0,31.6,3.0,,5,11,0.21399111124525566,False,12047.90909090909
BMW101615,4 Series,2017,33009.22,Automatic,92116.0,Diesel,20.0,26.4,3.0,Red,3,7,0.35834404446567375,False,13159.42857142857
BMW101616,4 Series,2008,14282.46,Manual,186279.0,Diesel,150.0,32.0,3.5,Green,4,16,0.07667241073873061,False,11642.4375
BMW101617,X5,2006,12676.42,Manual,216818.0,Diesel,205.0,39.2,2.0,Black,4,18,0.05846571779095831,True,12045.444444444445
BMW101618,1 Series,2007,14927.35,Semi-Auto,208110.0,diesel,145.0,,2.5,Red,4,17,0.0717281726010283,False,12241.764705882353
BMW101619,3 Series,2008,4304.65,Semi-Auto,204557.0,Petrol,125.0,44.3,2.0,Green,3,16,0.021043767751775785,False,12784.8125
BMW101620,X1,2011,25100.97,Automatic,149295.0,Petrol,205.0,33.1,3.5,Silver,5,13,0.16813001105194414,False,11484.23076923077
BMW101621,X4,2007,9481.26,Manual,205648.0,Petrol,,41.6,2.0,Green,5,17,0.04610431416789854,False,12096.941176470587
BMW101622,X3,2017,30201.57,Manual,78575.0,Petrol,30.0,22.8,2.0,White,4,7,0.3843661469933185,False,11225.0
BMW101623,2 Series,2021,44913.68,Semi-Auto,38836.0,Petrol,20.0,47.8,3.5,White,4,3,1.1564960346070656,False,12945.333333333334
BMW101624,3 Series,2005,4318.56,Automatic,224464.0,Diesel,145.0,41.7,2.0,White,4,19,0.01923943260389194,False,11813.894736842105
BMW101625,4 Series,2012,19979.33,Automatic,146679.0,Petrol,145.0,29.1,2.0,Blue,5,12,0.13621125041757853,False,12223.25
BMW101626, 5 Series ,2007,10569.55,Automatic,186212.0,Petrol,125.0,21.6,2.0,Red,4,17,0.05676084248061349,False,10953.64705882353
BMW101627,3 Series,2021,35986.64,Semi-Auto,44360.0,Diesel,150.0,43.2,2.0,,4,3,0.8112407574391344,False,14786.666666666666
BMW101628,X1,2014,20761.04,Manual,113745.0,Petrol,30.0,,2.0,Red,3,10,0.1825226603367181,False,11374.5
BMW101629,M2,2010,31144.57,Automatic,163813.0,Petrol,125.0,41.7,2.0,,5,14,0.1901227008845452,True,11700.92857142857
BMW101630,3 Series,2013,17909.24,Manual,130017.0,Petrol,0.0,55.5,1.5,Red,4,11,0.13774537175907767,False,11819.727272727272
BMW101631,5 Series,2014,30282.23,Semi-Auto,120339.0,Electric,20.0,,2.0,Blue,4,10,0.2516410307547844,False,12033.9
BMW101632,X3,2008,15446.36,Automatic,195372.0,Diesel,30.0,25.9,3.5,White,5,16,0.07906127797227853,False,12210.75
BMW101633,3 Series,2006,8663.55,Manual,227464.0,Diesel,145.0,29.6,3.0,Black,4,18,0.0380875655048711,False,12636.888888888889
BMW101634,3 Series,2013,20881.22,Manual,126195.0,PETROL,125.0,29.0,2.0,Grey,2,11,0.16546788700027737,False,11472.272727272728
BMW101635,X7,2005,13967.22,Semi-Auto,226534.0,Petrol,30.0,39.3,1.6,Silver,3,19,0.061656175231974,True,11922.842105263158
BMW101636,3 Series,2014,21099.53,Automatic,126934.0,Diesel,150.0,48.4,2.0,Blue,4,10,0.1662244158381521,False,12693.4
BMW101637,X3,2021,41646.59,MANUAL,38134.0,Petrol,125.0,36.1,3.0,White,4,3,1.0921117637803535,False,12711.333333333334
BMW101638,8 Series,2006,18014.75,Manual,,Petrol,145.0,55.1,1.5,Silver,5,18,,True,
BMW101639,4 Series,2010,15894.5,Manual,170620.0,Petrol,125.0,44.5,2.0,Silver,4,14,0.093157308639081,False,12187.142857142857
BMW101640,X3,2017,29009.83,Automatic,90327.0,Petrol,125.0,35.1,2.5,Blue,2,7,0.32116454659182747,False,12903.857142857143
BMW101641,3 Series,2021,35125.15,Automatic,35540.0,Diesel,125.0,30.0,1.5,White,2,3,0.9883272369161509,False,11846.666666666666
BMW101642,7 Series,2020,59426.27,Automatic,53244.0,Petrol,20.0,41.2,3.0,Black,5,4,1.1161120501840582,True,13311.0
BMW101643,X1,2020,35679.89,Semi-Auto,42227.0,DIESEL,30.0,59.5,2.0,Blue,4,4,0.8449544130532598,False,10556.75
BMW101644,5 Series,2011,20624.81,Semi-Auto,148811.0,Diesel,145.0,34.6,2.5,Black,5,13,0.13859734831430473,False,11447.0
BMW101645,X3,2015,24676.22,Semi-Auto,119193.0,Hybrid,145.0,40.2,1.5,,4,9,0.20702742610723784,False,13243.666666666666
BMW101646,5 Series,2017,23306.33,Manual,88621.0,Diesel,0.0,26.2,2.5,Black,5,7,0.26298879498087363,False,12660.142857142857
BMW101647,X3,2013,23277.02,Automatic,144277.0,Diesel,150.0,30.3,2.0,Black,5,11,0.16133562522092917,False,13116.09090909091
BMW101648,7 Series,2016,49043.94,  Manual  ,88362.0,Petrol,125.0,47.5,2.0,,4,8,0.5550342907584709,True,11045.25
BMW101649,5 Series,2022,38568.85,Automatic,33015.0,Petrol,,31.2,3.0,Red,4,2,1.1682220202938058,False,16507.5
BMW101650,5 Series,2020,33877.31,Automatic,53489.0,Diesel,145.0,36.8,2.0,White,5,4,0.6333509693581858,False,13372.25
BMW101651,X1,2006,12067.71,Manual,213108.0,Diesel,145.0,34.7,3.5,Green,2,18,0.05662720310828312,False,11839.333333333334
BMW101652,X5,2010,32524.63,Automatic,176977.0,Petrol,235.0,29.3,3.0,White,3,14,0.1837788526192669,True,12641.214285714286
BMW101653,6 Series,2011,23332.79,Semi-Auto,145884.0,Petrol,20.0,32.7,2.5,White,4,13,0.15994070631460613,False,11221.846153846154
BMW101654,Z4,2023,43470.44,Semi-Auto,10311.0,Petrol,145.0,33.9,3.0,Blue,4,1,4.215928619920473,False,10311.0
BMW101655,X1,2007,12745.62,Manual,200377.0,Electric,125.0,39.4,1.5,White,5,17,0.06360819854574128,False,11786.882352941177
BMW101656,5 Series,2018,32727.17,Semi-Auto,66264.0,Petrol,145.0,38.0,2.5,White,4,6,0.4938906495231196,False,11044.0
BMW101657,3 Series,2014,27045.44,Semi-Auto,113020.0,Petrol,150.0,31.5,3.0,,5,10,0.23929782339408953,False,11302.0
BMW101658, 5 Series ,2012,21824.13,Semi-Auto,134571.0,Petrol,125.0,42.8,3.5,Red,2,12,0.16217558017700695,False,11214.25
BMW101659,M5,2020,60357.47,Semi-Auto,60877.0,Diesel,30.0,23.2,3.0,Silver,4,4,0.9914659066642575,True,15219.25
BMW101660,X3,2005,8698.82,Automatic,233433.0,Hybrid,30.0,41.0,2.5,Grey,5,19,0.037264739775438774,False,12285.947368421053
BMW101661,M3,2015,48868.33,Semi-Auto,,Diesel,125.0,34.6,3.0,Silver,5,9,,True,
BMW101662,3 Series,2022,38963.46,Automatic,33589.0,Hybrid,30.0,35.1,2.5,Red,5,2,1.1600065497633154,False,16794.5
BMW101663,1 Series,2021,35742.34,Automatic,38365.0,Diesel,205.0,29.7,2.0,Blue,3,3,0.9316392545288673,False,12788.333333333334
BMW101664,X2,2009,6956.12,Manual,190078.0,Diesel,30.0,40.5,1.5,Green,4,15,0.03659613421858395,False,12671.866666666667
BMW101665,i3,2005,11991.13,Automatic,227139.0,Diesel,145.0,29.3,3.5,Grey,5,19,0.052792034833295906,False,11954.684210526315
BMW101666,3 Series,2022,43258.66,  Manual  ,36230.0,Diesel,145.0,,3.0,Grey,5,2,1.194001104057411,False,18115.0
BMW101667,1 Series,2021,36230.38,Manual,28301.0,Petrol,150.0,46.4,2.0,Silver,4,3,1.2801802056464435,False,9433.666666666666
BMW101668,4 Series,2007,9831.89,Automatic,206430.0,Petrol,145.0,43.7,2.0,Green,4,17,0.047628203265029305,False,12142.941176470587
BMW101669,X6,2012,36475.0,Automatic,141515.0,Hybrid,30.0,42.3,1.6,,4,12,0.2577465286365403,True,11792.916666666666
BMW101670,M4,2021,70793.14,Semi-Auto,15345.0,Diesel,145.0,34.5,,,4,3,4.613433691756272,True,5115.0
BMW101671,X6,2023,70823.53,Automatic,11930.0,Diesel,125.0,24.0,3.5,Black,5,1,5.936590947191953,True,11930.0
BMW101672,3 Series,2012,29583.13,Automatic,143740.0,Diesel,145.0,,4.4,White,5,12,0.20581000417420342,False,11978.333333333334
BMW101673,X1,2014,19914.72,Semi-Auto,126167.0,Hybrid,125.0,37.8,1.6,Black,5,10,0.15784412722819754,False,12616.7
BMW101674,5 Series,2018,36845.29,Automatic,80703.0,Electric,20.0,49.2,1.6,Blue,5,6,0.456554155359776,False,13450.5
BMW101675, X3 ,2006,16179.16,Semi-Auto,210121.0,Diesel,150.0,26.1,4.4,Blue,5,18,0.0769992528114753,False,11673.388888888889
BMW101676,X3,2014,26526.62,Semi-Auto,118888.0,Diesel,125.0,29.0,2.5,Grey,4,10,0.22312277101137204,False,11888.8
BMW101677,7 Series,2018,57924.88,Semi-Auto,88897.0,Petrol,20.0,18.3,3.0,Black,3,6,0.6515954419159251,True,14816.166666666666
BMW101678,1 Series,2020,32524.32,Automatic,50152.0,Diesel,150.0,27.9,2.0,,4,4,0.6485149146594353,False,12538.0
BMW101679,X3,2022,37933.96,Manual,19960.0,Petrol,20.0,43.6,2.0,Black,4,2,1.9004989979959919,False,9980.0
BMW101680,i3,2015,25423.83,Semi-Auto,91051.0,Petrol,125.0,28.9,1.6,Blue,3,9,0.2792262578115562,False,10116.777777777777
BMW101681,1 Series,2012,14023.41,Manual,141385.0,Petrol,235.0,34.3,1.6,Grey,4,12,0.0991859815397673,False,11782.083333333334
BMW101682,X1,2019,27626.58,Manual,57584.0,Diesel,125.0,30.9,2.0,Grey,4,5,0.47976139205334817,False,11516.8
BMW101683,6 Series,2011,17703.76,Manual,153794.0,Hybrid,20.0,36.9,1.6,Blue,4,13,0.11511346346411433,False,11830.307692307691
BMW101684,M5,2008,28207.15,Automatic,198800.0,Diesel,145.0,32.5,3.5,Green,4,16,0.14188707243460766,True,12425.0
BMW101685,X1,2017,32970.37,Semi-Auto,89922.0,Diesel,145.0,32.8,3.0,Blue,3,7,0.36665521229510023,False,12846.0
BMW101686,3 Series,2019,32180.16,Manual,67297.0,Petrol,30.0,24.8,2.5,Black,5,5,0.47818119678440346,False,13459.4
BMW101687,3 Series,2012,21950.28,Semi-Auto,157833.0,Hybrid,125.0,28.9,3.5,Grey,5,12,0.1390728174716314,False,13152.75
BMW101688,X2,2022,43565.38,Automatic,32290.0,Petrol,125.0,33.3,3.0,White,4,2,1.3491910808299783,False,16145.0
BMW101689,X1,2014,27042.04,Manual,110344.0,Petrol,125.0,18.7,3.0,Black,5,10,0.24507032552744146,False,11034.4
BMW101690,3 Series,2021,36280.72,Automatic,45913.0,Petrol,150.0,41.3,3.0,Silver,3,3,0.7902058240585456,False,15304.333333333334
BMW101691,X1,2018,26179.85,Semi-Auto,74907.0,Diesel,235.0,32.6,2.5,Green,5,6,0.34949804424152614,False,12484.5
BMW101692, 4 Series ,2011,20129.3,Automatic,147366.0,Diesel,20.0,15.0,3.0,Grey,4,13,0.13659392261444295,False,11335.846153846154
BMW101693,1 Series,2013,22724.79,Semi-Auto,134805.0,Petrol,150.0,36.0,2.5,Black,4,11,0.16857527539779682,False,12255.0
BMW101694,3 Series,2018,26514.01,Manual,75095.0,Petrol,205.0,37.4,1.5,Black,4,6,0.3530729076503096,False,12515.833333333334
BMW101695,i3,2019,30294.99,Manual,69646.0,  Diesel  ,150.0,19.8,2.0,Red,4,5,0.4349853545070787,False,13929.2
BMW101696,X2,2019,29711.0,Automatic,57374.0,Diesel,150.0,42.1,1.5,Red,5,5,0.5178478056262419,False,11474.8
BMW101697,X1,2014,26899.06,Semi-Auto,116499.0,Hybrid,145.0,32.6,3.0,Blue,4,10,0.2308952008171744,False,11649.9
BMW101698,1 Series,2017,26606.01,Automatic,87604.0,Diesel,125.0,49.9,1.5,Silver,5,7,0.3037077074106205,False,12514.857142857143
BMW101699,6 Series,2022,34559.72,Semi-Auto,31192.0,petrol,125.0,,2.0,Red,2,2,1.1079674275455245,False,15596.0
BMW101700,7 Series,2018,54607.43,Semi-Auto,78599.0,Hybrid,150.0,20.9,3.0,Grey,4,6,0.694759856995636,True,13099.833333333334
BMW101701,3 Series,2013,22532.56,Automatic,129100.0,Diesel,125.0,28.3,2.0,Grey,4,11,0.17453570875290472,False,11736.363636363636
BMW101702,M5,2022,71477.1,Automatic,26287.0,Petrol,150.0,24.4,3.5,,4,2,2.719104500323354,True,13143.5
BMW101703,3 Series,2017,32162.99,Semi-Auto,86173.0,Hybrid,145.0,15.8,3.0,,5,7,0.3732374409617862,False,12310.42857142857
BMW101704,4 Series,2016,25775.09,Automatic,111975.0,Petrol,145.0,41.2,2.0,Green,3,8,0.23018611297164546,False,13996.875
BMW101705,X1,2012,19263.1,Manual,140946.0,Petrol,125.0,29.2,3.0,Blue,4,12,0.13667007222624267,False,11745.5
BMW101706,X3,2014,15872.08,Manual,123713.0,Diesel,20.0,,2.0,White,3,10,0.12829759200730723,False,12371.3
BMW101707,X2,2016,25371.34,Manual,83342.0,Petrol,0.0,46.3,2.0,Silver,5,8,0.3044244198603345,False,10417.75
BMW101708,3 Series,2018,41323.84,Automatic,61372.0,Diesel,150.0,26.5,3.5,White,5,6,0.6733337678420126,False,10228.666666666666
BMW101709,M2,2017,56109.13,Manual,91436.0,Diesel,145.0,29.4,3.0,Red,3,7,0.6136437508202458,True,13062.285714285714
BMW101710,5 Series,2019,36532.28,Manual,65305.0,Diesel,145.0,30.1,2.0,Grey,5,5,0.5594101523619937,False,13061.0
BMW101711,X1,2020,44041.3,Manual,43404.0,Petrol,125.0,36.7,3.5,Black,5,4,1.0146829785273248,False,10851.0
BMW101712,3 Series,2008,14621.55,MANUAL,202813.0,Petrol,235.0,34.4,2.0,Silver,2,16,0.07209375138674542,False,12675.8125
BMW101713,Z4,2005,12887.83,Semi-Auto,232138.0,petrol,0.0,22.6,3.5,Red,3,19,0.055517967760556224,False,12217.78947368421
BMW101714,7 Series,2019,64280.15,Manual,58918.0,Petrol,125.0,29.7,3.5,Grey,4,5,1.0910103873179673,True,11783.6
BMW101715,3 Series,2007,4093.86,Semi-Auto,207435.0,Diesel,125.0,23.9,1.6,Silver,5,17,0.019735628028056982,False,12202.058823529413
BMW101716,X4,2005,3260.09,Manual,224109.0,Diesel,150.0,39.6,1.6,Green,3,19,0.014546894591471115,False,11795.21052631579
BMW101717,X3,2008,12142.78,Automatic,192223.0,Diesel,20.0,36.9,2.0,Silver,4,16,0.06317027618963392,False,12013.9375
BMW101718,4 Series,2020,34998.21,Automatic,50800.0,PETROL,205.0,48.0,2.5,Silver,5,4,0.6889411417322835,False,12700.0
BMW101719,3 Series,2009,16635.32,Semi-Auto,174304.0,Hybrid,205.0,42.6,3.0,Black,5,15,0.09543854415274462,False,11620.266666666666
BMW101720,3 Series,2005,10774.39,Manual,221779.0,Petrol,150.0,21.9,4.4,Red,4,19,0.04858165110312518,False,11672.578947368422
BMW101721, M2 ,2015,62813.39,Automatic,103062.0,Electric,20.0,40.0,3.0,Green,4,9,0.6094718713007704,False,11451.333333333334
BMW101722,X1,2005,1500.0,Automatic,226729.0,Petrol,125.0,38.6,1.5,White,3,19,0.006615827706204323,False,11933.105263157895
BMW101723,3 Series,2008,16933.81,Automatic,197194.0,Petrol,205.0,15.0,3.5,Red,4,16,0.08587386025943995,False,12324.625
BMW101724,X1,2010,16764.58,Automatic,166363.0,Petrol,150.0,32.7,2.0,Blue,4,14,0.10077108491671827,False,11883.07142857143
BMW101725,M4,2009,33180.62,Automatic,174734.0,Petrol,30.0,27.3,3.5,Green,2,15,0.189892178969176,True,11648.933333333332
BMW101726,7 Series,2005,17121.54,Automatic,232320.0,Diesel,125.0,32.0,2.5,Red,4,19,0.07369808884297521,True,12227.368421052632
BMW101727,X1,2015,28873.32,Automatic,112111.0,Petrol,125.0,21.6,2.5,Red,5,9,0.2575422572272123,False,12456.777777777777
BMW101728,X2,2017,29326.53,Manual,74295.0,Petrol,145.0,46.0,1.6,Green,3,7,0.39473087017968905,False,10613.57142857143
BMW101729,X1,2022,42848.81,Automatic,22256.0,Petrol,125.0,27.0,3.5,Green,2,2,1.9252700395398992,False,11128.0
BMW101730,3 Series,2012,16929.99,Automatic,137041.0,Petrol,205.0,39.9,2.0,Green,3,12,0.12353959763866289,False,11420.083333333334
BMW101731,5 Series,2023,42863.0,Manual,5527.0,Petrol,150.0,33.3,3.5,Blue,4,1,7.755201736927809,False,5527.0
BMW101732,5 Series,2012,17783.73,Manual,144543.0,Diesel,150.0,44.9,1.6,Green,5,12,0.12303418359934414,False,12045.25
BMW101733,3 Series,2011,21271.1,Semi-Auto,164094.0,Petrol,235.0,39.0,2.5,Silver,3,13,0.1296275305617512,False,12622.615384615385
BMW101734,M4,2006,28655.18,Manual,218389.0,Hybrid,20.0,17.8,4.4,Green,5,18,0.13121164527517412,True,12132.722222222223
BMW101735,3 Series,2023,39959.99,Automatic,3838.0,Diesel,235.0,,2.5,Red,2,1,10.41167014069828,False,3838.0
BMW101736,3 Series,2020,33525.21,Manual,33921.0,Hybrid,235.0,43.7,2.0,Silver,5,4,0.9883320067214999,False,8480.25
BMW101737,X3,2020,32650.41,  Semi-Auto  ,41806.0,Hybrid,30.0,32.6,1.5,White,4,4,0.7809981820791274,False,10451.5
BMW101738,X1,2009,11904.7,Automatic,177209.0,Petrol,150.0,37.2,1.6,Red,4,15,0.06717886789045703,False,11813.933333333332
BMW101739,3 Series,2018,29145.7,Semi-Auto,78177.0,Petrol,30.0,28.1,1.6,Silver,4,6,0.37281681312918125,False,13029.5
BMW101740,X1,2006,8285.73,Automatic,224008.0,Diesel,205.0,48.5,2.0,Blue,4,18,0.036988545051962425,False,12444.888888888889
BMW101741,1 Series,2010,19198.53,Manual,176974.0,Hybrid,125.0,26.5,3.5,Blue,2,14,0.10848220642580265,False,12641.0
BMW101742,4 Series,2008,13615.63,Automatic,185125.0,Diesel,20.0,42.0,2.5,Green,4,16,0.07354830519918973,False,11570.3125
BMW101743,6 Series,2009,8045.53,Manual,186994.0,Petrol,205.0,39.9,1.5,Blue,4,15,0.04302560509962886,False,12466.266666666666
BMW101744,6 Series,2017,32056.89,Manual,78656.0,Petrol,145.0,0.0,2.5,Red,5,7,0.40755810109845403,False,11236.57142857143
BMW101745,3 Series,2010,18141.89,Automatic,180600.0,petrol,125.0,41.6,3.5,Black,4,14,0.10045343300110741,False,12900.0
BMW101746,6 Series,2013,23404.52,Automatic,128719.0,Petrol,20.0,34.5,,Green,4,11,0.1818264591862895,False,11701.727272727272
BMW101747,5 Series,2014,22136.76,Manual,124847.0,Hybrid,30.0,35.1,2.5,Silver,5,10,0.17731110879716772,False,12484.7
BMW101748,4 Series,2020,36664.77,Manual,48204.0,Petrol,145.0,27.9,3.0,Silver,3,4,0.7606167537963654,False,12051.0
BMW101749,X5,2022,73326.79,Manual,28832.0,Diesel,125.0,30.8,3.5,Blue,5,2,2.54324327136515,True,14416.0
BMW101750, X2 ,2019,32128.64,Automatic,69827.0,Diesel,145.0,45.5,2.0,Red,4,5,0.46011771950678104,False,13965.4
BMW101751,6 Series,2023,44350.4,Automatic,15856.0,Petrol,150.0,37.3,3.5,White,4,1,2.7970736629667003,False,15856.0
BMW101752,3 Series,2011,18279.41,Automatic,150968.0,Hybrid,150.0,43.7,3.0,Blue,4,13,0.12108135498913677,False,11612.923076923076
BMW101753,1 Series,2011,17758.91,Automatic,159995.0,Hybrid,145.0,29.3,2.0,Black,4,13,0.11099665614550455,False,12307.307692307691
BMW101754,5 Series,2012,36826.28,Automatic,137981.0,Electric,235.0,29.1,4.4,Silver,3,12,0.26689384770366936,False,11498.416666666666
BMW101755,8 Series,2018,54398.04,Manual,52911.0,Petrol,125.0,42.3,2.5,Blue,5,6,1.0281045529285027,True,8818.5
BMW101756,X1,2007,11821.17,Manual,200105.0,Diesel,125.0,32.3,1.6,Green,4,17,0.05907483571125159,False,11770.882352941177
BMW101757,X2,2014,21496.35,Automatic,105522.0,Petrol,125.0,33.3,3.5,Green,3,10,0.20371439131176436,False,10552.2
BMW101758,2 Series,2022,38330.97,Automatic,23432.0,Diesel,125.0,41.2,2.0,Grey,3,2,1.6358385967907136,False,11716.0
BMW101759,3 Series,2012,15117.89,Manual,148052.0,Petrol,145.0,30.8,2.0,Red,3,12,0.10211202820630588,False,12337.666666666666
BMW101760,3 Series,2009,11856.21,Semi-Auto,179463.0,Petrol,235.0,24.7,2.0,Silver,5,15,0.06606492703231306,False,11964.2
BMW101761,5 Series,2017,33261.44,Automatic,87519.0,Diesel,,28.9,2.5,Green,4,7,0.3800482181012123,False,12502.714285714286
BMW101762,X4,2008,5038.14,Manual,189653.0,Diesel,150.0,28.1,1.5,Silver,4,16,0.026565042472304685,False,11853.3125
BMW101763,3 Series,2008,7875.2,Automatic,196156.0,Petrol,125.0,,2.0,Silver,5,16,0.04014763759456759,False,12259.75
BMW101764,X3,2017,31567.77,Automatic,96285.0,Petrol,20.0,45.3,3.0,White,5,7,0.32785761021966037,False,13755.0
BMW101765,X1,2015,26071.36,Semi-Auto,104448.0,Diesel,150.0,21.5,2.5,Green,4,9,0.2496109068627451,False,11605.333333333334
BMW101766,X1,2014,20673.49,Automatic,121739.0,hybrid,0.0,38.1,1.5,Silver,4,10,0.16981813551943092,False,12173.9
BMW101767,5 Series,2010,10517.59,Manual,176577.0,Petrol,205.0,38.8,2.0,Silver,4,14,0.05956375971955578,False,12612.642857142857
BMW101768,M3,2007,25892.73,Automatic,201308.0,  Diesel  ,145.0,46.5,2.5,Silver,4,17,0.12862245911737238,True,11841.64705882353
BMW101769,X1,2021,34416.91,Automatic,30368.0,Diesel,125.0,35.0,2.0,White,4,3,1.1333281743940993,False,10122.666666666666
BMW101770,3 Series,2015,33169.26,Semi-Auto,92890.0,Petrol,205.0,27.2,4.4,Silver,5,9,0.3570810636236409,False,10321.111111111111
BMW101771,3 Series,2013,25879.33,Automatic,125821.0,Diesel,145.0,26.3,3.5,Green,4,11,0.2056837093966826,False,11438.272727272728
BMW101772,3 Series,2015,27500.11,Semi-Auto,103563.0,Petrol,,36.0,2.0,Grey,5,9,0.26553991290325696,False,11507.0
BMW101773,X1,2022,31939.5,Manual,30112.0,Diesel,150.0,28.9,1.5,Green,4,2,1.0606900903294367,False,15056.0
BMW101774, 3 Series ,2018,34367.88,Automatic,69923.0,Petrol,125.0,30.9,3.0,Red,5,6,0.49151037569898315,False,11653.833333333334
BMW101775,3 Series,2015,25823.97,Automatic,125379.0,Petrol,145.0,24.7,3.5,Green,4,9,0.20596726724571102,False,13931.0
BMW101776,1 Series,2012,19273.17,Manual,150682.0,Petrol,20.0,30.6,3.0,Black,5,12,0.12790625290346558,False,12556.833333333334
BMW101777,X3,2008,10327.66,Automatic,185072.0,Diesel,125.0,30.2,3.0,Silver,5,16,0.05580347108152503,False,11567.0
BMW101778,X7,2022,62675.24,Automatic,19280.0,Petrol,30.0,42.0,2.5,White,5,2,3.250790456431535,True,9640.0
BMW101779,5 Series,2020,31931.54,Automatic,54391.0,Hybrid,125.0,49.9,2.0,Black,5,4,0.5870739644426468,False,13597.75
BMW101780,4 Series,2016,31306.35,Manual,88820.0,diesel,,33.8,3.0,White,4,8,0.35246960144111683,False,11102.5
BMW101781,3 Series,2017,28905.2,Automatic,66918.0,Hybrid,125.0,41.4,2.0,White,5,7,0.431949550195762,False,9559.714285714286
BMW101782,X1,2007,13107.52,AUTOMATIC,199188.0,Diesel,145.0,43.4,2.0,Red,2,17,0.06580476735546319,False,11716.941176470587
BMW101783,X3,2017,32334.22,Automatic,70757.0,Diesel,205.0,36.4,2.5,Blue,4,7,0.4569755642551267,False,10108.142857142857
BMW101784,2 Series,2015,25378.65,Automatic,110301.0,Petrol,235.0,32.4,1.5,Silver,4,9,0.23008540267087335,False,12255.666666666666
BMW101785,5 Series,2023,44662.73,Manual,500.0,Diesel,,36.0,2.0,,4,1,89.32546,False,500.0
BMW101786,6 Series,2017,28488.57,Manual,84931.0,Petrol,20.0,34.6,1.6,,4,7,0.33543193886802225,False,12133.0
BMW101787,X3,2011,14605.19,Automatic,160342.0,Petrol,150.0,36.5,1.6,Grey,5,13,0.09108773746117674,False,12334.0
BMW101788,X3,2005,10471.67,Semi-Auto,227792.0,Diesel,205.0,23.7,3.5,Grey,5,19,0.045970315024232634,False,11989.052631578947
BMW101789,3 Series,2005,10415.1,Automatic,214780.0,ELECTRIC,125.0,48.9,2.0,,4,19,0.04849194524629854,False,11304.21052631579
BMW101790,5 Series,2020,33810.03,Automatic,59366.0,Diesel,125.0,35.3,2.0,Grey,4,4,0.5695184112118047,False,14841.5
BMW101791,5 Series,2007,10255.27,Automatic,203290.0,Petrol,205.0,30.7,2.0,White,3,17,0.05044650499286733,False,11958.235294117647
BMW101792,2 Series,2011,20108.67,Manual,160105.0,Petrol,125.0,28.6,3.5,Blue,4,13,0.125596764623216,False,12315.76923076923
BMW101793,Z4,2009,11434.88,Manual,182437.0,Petrol,145.0,33.3,2.5,Black,4,15,0.06267851367869456,False,12162.466666666667
BMW101794,3 Series,2017,27411.3,Automatic,86812.0,Hybrid,30.0,32.9,2.0,White,4,7,0.3157547343685205,False,12401.714285714286
BMW101795,1 Series,2023,43232.69,Manual,13234.0,Petrol,150.0,37.7,2.0,Grey,4,1,3.266789330512317,False,13234.0
BMW101796,1 Series,2017,27782.08,Automatic,83921.0,Diesel,125.0,46.6,1.6,Grey,5,7,0.33105039263116504,False,11988.714285714286
BMW101797,X3,2015,26828.02,Automatic,114269.0,Petrol,145.0,50.2,3.0,Green,4,9,0.2347795115035574,False,12696.555555555555
BMW101798,1 Series,2014,19917.48,Semi-Auto,121927.0,Diesel,125.0,41.0,1.6,Blue,4,10,0.16335577845760169,False,12192.7
BMW101799,6 Series,2013,31906.85,Automatic,138934.0,Electric,235.0,41.4,2.0,Grey,4,11,0.22965472814429871,False,12630.363636363636
BMW101800,X4,2007,8288.18,Automatic,200757.0,Petrol,205.0,34.5,2.0,Black,5,17,0.04128463764650797,False,11809.235294117647
BMW101801,2 Series,2011,26773.35,Automatic,160737.0,Electric,145.0,38.3,2.0,Green,5,13,0.1665661919782004,False,12364.384615384615
BMW101802,1 Series,2016,25948.16,Automatic,110506.0,Diesel,125.0,25.1,2.0,Blue,5,8,0.23481222739036794,False,13813.25
BMW101803,1 Series,2013,22535.24,Semi-Auto,126946.0,Petrol,205.0,36.4,2.0,,4,11,0.17751831487404093,False,11540.545454545454
BMW101804,X2,2015,26529.72,Manual,117549.0,Petrol,30.0,28.2,2.5,Blue,5,9,0.225690733226144,False,13061.0
BMW101805, 7 Series ,2020,63720.72,Automatic,42511.0,Diesel,235.0,32.1,3.5,Red,2,4,1.4989231022558867,False,10627.75
BMW101806,X2,2006,8373.39,Automatic,224022.0,Diesel,235.0,45.5,1.5,Blue,5,18,0.03737753434930498,False,12445.666666666666
BMW101807,3 Series,2011,14501.41,Semi-Auto,162746.0,Petrol,125.0,33.2,2.5,Black,4,13,0.08910455556511374,False,12518.923076923076
BMW101808,4 Series,2023,40357.95,Automatic,22905.0,Diesel,145.0,,2.5,Red,5,1,1.7619711853307136,False,22905.0
BMW101809,2 Series,2023,38788.64,Manual,13166.0,Hybrid,,48.6,2.0,Grey,3,1,2.946121828953365,False,13166.0
BMW101810,X3,2006,9574.31,Manual,208125.0,Diesel,235.0,28.9,2.5,,4,18,0.04600269069069069,False,11562.5
BMW101811,6 Series,2015,33526.41,Manual,103705.0,Diesel,30.0,,3.5,Silver,4,9,0.3232863410635939,False,11522.777777777777
BMW101812,X6,2016,39797.53,Automatic,94534.0,Hybrid,20.0,37.4,1.5,Black,5,8,0.42098641758520744,True,11816.75
BMW101813,4 Series,2013,14102.04,Semi-Auto,139711.0,Diesel,150.0,36.2,2.0,Green,4,11,0.10093722040497885,False,12701.0
BMW101814, 1 Series ,2020,31210.0,Automatic,47395.0,Diesel,150.0,29.6,1.5,White,4,4,0.6585082814642895,False,11848.75
BMW101815, 2 Series ,2023,37673.43,Automatic,9777.0,Diesel,20.0,,2.0,Blue,2,1,3.8532709420067506,False,9777.0
BMW101816,3 Series,2021,39089.8,Semi-Auto,35404.0,Petrol,125.0,28.7,3.5,White,3,3,1.1041068805784657,False,11801.333333333334
BMW101817,X6,2014,45741.6,Automatic,123315.0,Petrol,145.0,39.0,3.0,Silver,4,10,0.3709329765235373,True,12331.5
BMW101818,4 Series,2006,8788.44,Automatic,210570.0,Diesel,145.0,36.6,1.6,White,4,18,0.041736429690839155,False,11698.333333333334
BMW101819,4 Series,2020,28728.57,Semi-Auto,47930.0,diesel,145.0,46.2,2.0,Silver,2,4,0.5993859795535156,False,11982.5
BMW101820,1 Series,2021,35742.34,Automatic,38365.0,Diesel,205.0,29.7,2.0,Blue,3,3,0.9316392545288673,False,12788.333333333334
BMW101821,1 Series,2011,14339.33,Manual,151844.0,Diesel,145.0,44.3,1.5,Red,3,13,0.0944346171070309,False,11680.307692307691
BMW101822,1 Series,2013,16742.88,Manual,125335.0,Petrol,205.0,35.0,2.5,White,4,11,0.13358503211393466,False,11394.09090909091
BMW101823,1 Series,2017,30092.39,Manual,78677.0,Diesel,150.0,30.2,1.6,Grey,5,7,0.3824801403205511,False,11239.57142857143
BMW101824,7 Series,2007,28098.57,Automatic,212436.0,Petrol,30.0,31.8,3.0,Black,5,17,0.1322684008360165,True,12496.235294117647
BMW101825,X3,2009,12835.95,Manual,188878.0,Hybrid,145.0,32.5,2.0,Silver,3,15,0.06795894704518261,False,12591.866666666667
BMW101826,X5,2012,31354.61,Automatic,144246.0,diesel,145.0,43.2,2.0,Red,4,12,0.21736900849936913,True,12020.5
BMW101827,3 Series,2008,10909.24,Automatic,186228.0,Petrol,150.0,30.3,1.5,Grey,5,16,0.05858002019030436,False,11639.25
BMW101828,X1,2022,46874.64,Automatic,32421.0,Diesel,150.0,32.3,3.5,Blue,5,2,1.445811048394559,False,16210.5
BMW101829,5 Series,2020,33944.27,Automatic,44962.0,Hybrid,235.0,49.6,1.5,Grey,5,4,0.7549546283528312,False,11240.5
BMW101830,2 Series,2011,16738.09,Automatic,155124.0,Petrol,235.0,37.1,1.6,Green,4,13,0.10790135633428741,False,11932.615384615385
BMW101831,5 Series,2015,27096.64,Automatic,106689.0,Diesel,125.0,37.4,3.0,Grey,5,9,0.25397782339322705,False,11854.333333333334
BMW101832,X6,2019,53904.9,Semi-Auto,47024.0,  Petrol  ,205.0,42.4,1.6,Silver,4,5,1.1463274072813883,True,9404.8
BMW101833,X1,2012,19785.41,Semi-Auto,145243.0,Petrol,30.0,39.8,2.0,Blue,4,12,0.1362228128033709,False,12103.583333333334
BMW101834,M4,2007,23601.98,Manual,201542.0,Petrol,30.0,38.2,2.0,White,3,17,0.11710700499151541,True,11855.411764705883
BMW101835, 1 Series ,2008,12333.16,Manual,194846.0,Hybrid,125.0,31.9,2.0,White,4,16,0.06329696272954025,False,12177.875
BMW101836,M3,2009,29599.92,Semi-Auto,189151.0,Diesel,150.0,27.4,,Red,5,15,0.1564883082828005,True,12610.066666666668
BMW101837,X1,2013,21084.02,Automatic,132504.0,Petrol,205.0,30.4,2.0,Red,4,11,0.15911987562639618,False,12045.818181818182
BMW101838,5 Series,2011,16962.4,Semi-Auto,156150.0,Petrol,125.0,33.6,2.0,Grey,4,13,0.10862888248479027,False,12011.538461538461
BMW101839,3 Series,2021,35414.91,Manual,34713.0,Petrol,150.0,24.6,2.0,White,4,3,1.0202203785325383,False,11571.0
BMW101840,X4,2013,23888.57,Automatic,137215.0,Hybrid,150.0,21.9,3.0,Green,5,11,0.17409590788179136,False,12474.09090909091
BMW101841,i3,2011,17615.33,Automatic,154275.0,Diesel,145.0,54.7,1.5,Grey,4,13,0.1141813644466051,False,11867.307692307691
BMW101842,3 Series,2006,13152.03,Semi-Auto,204117.0,Diesel,,20.0,3.5,Silver,4,18,0.06443378062581755,False,11339.833333333334
BMW101843,2 Series,2022,40281.45,Manual,16392.0,Petrol,125.0,43.8,1.6,Blue,5,2,2.457384699853587,False,8196.0
BMW101844,X5,2006,14049.37,Automatic,215811.0,Petrol,125.0,47.3,2.0,White,4,18,0.06510034242925523,True,11989.5
BMW101845,3 Series,2008,6698.48,Automatic,185707.0,Diesel,150.0,39.0,2.0,Blue,4,16,0.036070153521407376,False,11606.6875
BMW101846,X3,2019,38825.59,Semi-Auto,62549.0,Diesel,,37.2,4.4,Green,5,5,0.6207227933300292,False,12509.8
BMW101847,X1,2021,38963.04,Manual,35154.0,Petrol,,56.2,,Blue,3,3,1.108352961256187,False,11718.0
BMW101848,1 Series,2011,10320.74,Manual,161789.0,Diesel,145.0,40.3,1.5,Black,2,13,0.06379135787970752,False,12445.307692307691
BMW101849,5 Series,2009,,Semi-Auto,177332.0,Diesel,145.0,24.8,1.6,Grey,4,15,,False,11822.133333333333
BMW101850,X1,2019,30181.84,Automatic,67399.0,Petrol,125.0,36.2,2.0,White,4,5,0.44780842445733615,False,13479.8
BMW101851,X5,2015,47998.09,Manual,110264.0,Diesel,150.0,42.8,2.5,Blue,5,9,0.4353015490096495,True,12251.555555555555
BMW101852,2 Series,2020,38821.36,Semi-Auto,48275.0,Petrol,145.0,33.4,3.5,Red,4,4,0.8041711030554117,False,12068.75
BMW101853,X1,2006,7607.85,Semi-Auto,225826.0,Diesel,150.0,42.6,2.0,Silver,4,18,0.033688990638810416,False,12545.888888888889
BMW101854, X7 ,2019,56043.68,Semi-Auto,66581.0,Petrol,145.0,22.2,2.0,Silver,5,5,0.8417368318289001,False,13316.2
BMW101855,1 Series,2016,31371.73,Manual,98248.0,Petrol,,24.1,3.5,Grey,3,8,0.31931163993160167,False,12281.0
BMW101856,X3,2012,14556.66,Automatic,131787.0,Petrol,125.0,21.5,1.6,Grey,4,12,0.11045596303125498,False,10982.25
BMW101857,3 Series,2007,11131.69,Semi-Auto,202742.0,Hybrid,30.0,52.5,2.0,Black,4,17,0.05490569294966016,False,11926.0
BMW101858,7 Series,2017,58022.22,Automatic,70833.0,Diesel,,37.0,3.0,Green,3,7,0.8191410783109567,True,10119.0
BMW101859,X3,2008,5988.17,Manual,195204.0,Petrol,20.0,25.0,2.0,Grey,4,16,0.03067647179361079,False,12200.25
BMW101860,8 Series,2008,28216.81,Manual,182638.0,Diesel,0.0,31.5,2.5,Blue,4,16,0.15449583328770575,True,11414.875
BMW101861, 6 Series ,2006,11672.76,Manual,215277.0,Petrol,145.0,35.5,3.0,White,5,18,0.05422204880224084,False,11959.833333333334
BMW101862,7 Series,2006,25627.2,Manual,216992.0,Hybrid,145.0,39.1,3.0,Grey,2,18,0.11810204984515559,True,12055.111111111111
BMW101863,5 Series,2016,29622.92,Automatic,103954.0,Diesel,30.0,,3.0,,5,8,0.28496181003136,False,12994.25
BMW101864,3 Series,2005,10616.57,Semi-Auto,229140.0,Petrol,125.0,28.7,3.0,,5,19,0.046332242297285504,False,12060.0
BMW101865,8 Series,2016,46207.88,Automatic,,Petrol,125.0,30.7,2.0,Blue,5,8,,True,
BMW101866,3 Series,2021,42179.28,manual,38717.0,  Petrol  ,145.0,,3.5,Blue,4,3,1.0894253170441925,False,12905.666666666666
BMW101867,4 Series,2014,25696.9,Automatic,116331.0,Petrol,205.0,26.4,3.0,Black,4,10,0.2208946884321462,False,11633.1
BMW101868,3 Series,2013,26046.58,Automatic,127068.0,Hybrid,20.0,33.0,3.0,Grey,4,11,0.20498142726728996,False,11551.636363636364
BMW101869,i3,2006,6291.55,Automatic,213568.0,Diesel,30.0,45.2,,Grey,4,18,0.029459235465987416,False,11864.888888888889
BMW101870,1 Series,2023,45416.67,Semi-Auto,9494.0,Petrol,125.0,22.5,3.0,,3,1,4.783723404255319,False,9494.0
BMW101871,2 Series,2012,19517.93,Manual,134197.0,Diesel,150.0,40.2,2.0,Silver,4,12,0.14544237203514238,False,11183.083333333334
BMW101872,X1,2007,8617.56,Semi-Auto,202439.0,Diesel,125.0,36.9,2.0,White,5,17,0.0425686750082741,False,11908.176470588236
BMW101873, X2 ,2012,19006.98,Manual,150363.0,Petrol,145.0,16.3,2.0,White,4,12,0.1264072943476786,False,12530.25
BMW101874, 5 Series ,2016,17906.94,Manual,89807.0,Petrol,150.0,44.7,1.5,,4,8,0.19939358847305888,False,11225.875
BMW101875,3 Series,2020,35003.46,Semi-Auto,46702.0,Petrol,20.0,35.1,2.0,Blue,4,4,0.7495066592437154,False,11675.5
BMW101876,2 Series,2017,28431.13,Manual,102253.0,Petrol,145.0,33.1,2.0,Green,5,7,0.2780469032693417,False,14607.57142857143
BMW101877,5 Series,2005,14347.34,Semi-Auto,228840.0,Hybrid,0.0,25.3,4.4,White,4,19,0.06269594476490124,False,12044.21052631579
BMW101878,5 Series,2010,19834.18,Automatic,163542.0,Diesel,,43.1,2.5,Blue,4,14,0.12127881522789254,False,11681.57142857143
BMW101879,i3,2013,20449.59,Automatic,138886.0,Diesel,0.0,45.2,2.0,Black,5,11,0.14724011059430037,False,12626.0
BMW101880,X6,2020,66632.96,Manual,,Diesel,205.0,21.4,4.4,Silver,3,4,,True,
BMW101881,X1,2005,10230.81,Automatic,229684.0,Diesel,125.0,46.1,2.5,Red,4,19,0.0445429807909998,False,12088.631578947368
BMW101882,M2,2011,37103.79,Automatic,152140.0,Diesel,30.0,31.9,3.0,,5,13,0.24387925594846852,True,11703.076923076924
BMW101883,X4,2017,28676.92,Manual,89902.0,Petrol,205.0,19.9,1.6,Green,5,7,0.3189797779804676,False,12843.142857142857
BMW101884,6 Series,2012,17036.53,Manual,146084.0,Hybrid,125.0,28.9,3.0,Blue,3,12,0.11662146436296925,False,12173.666666666666
BMW101885,X5,2015,39948.32,  Manual  ,98444.0,Petrol,20.0,38.6,1.5,Grey,4,9,0.40579740766324,True,10938.222222222223
BMW101886,X1,2016,-500.0,Semi-Auto,89994.0,diesel,125.0,35.7,1.5,Grey,5,8,-0.0055559259506189305,False,11249.25
BMW101887,X1,2008,13458.5,Automatic,196491.0,Petrol,30.0,32.9,2.0,Red,5,16,0.06849423128794703,False,12280.6875
BMW101888,2 Series,2009,16102.95,Semi-Auto,168337.0,Diesel,150.0,,3.0,Red,3,15,0.0956590054474061,False,11222.466666666667
BMW101889,X1,2009,13732.25,Automatic,188196.0,Diesel,145.0,15.8,3.0,Silver,2,15,0.07296781015536993,False,12546.4
BMW101890,i3,2021,34849.93,Semi-Auto,23933.0,Diesel,125.0,35.3,1.5,,5,3,1.4561454894914971,False,7977.666666666667
BMW101891,4 Series,2013,20353.97,Automatic,118909.0,Diesel,0.0,41.6,2.0,Blue,4,11,0.1711726614469889,False,10809.90909090909
BMW101892,5 Series,2015,34708.91,Automatic,107063.0,Hybrid,235.0,18.0,4.4,Grey,5,9,0.3241914573662237,False,11895.888888888889
BMW101893,6 Series,2014,28578.3,Automatic,126564.0,Petrol,20.0,33.8,3.0,Blue,2,10,0.2258011756897696,False,12656.4
BMW101894,3 Series,2013,22163.8,Manual,129691.0,Petrol,125.0,35.2,2.0,Red,4,11,0.17089697820203406,False,11790.09090909091
BMW101895,1 Series,2018,32614.93,Manual,66748.0,Petrol,125.0,36.1,3.5,Red,5,6,0.4886278240546533,False,11124.666666666666
BMW101896,X1,2019,29081.47,Semi-Auto,58584.0,Petrol,,41.8,1.5,Black,5,5,0.49640635668441896,False,11716.8
BMW101897,4 Series,2015,27433.46,Automatic,106439.0,Petrol,125.0,27.2,2.0,Blue,3,9,0.25773879874857897,False,11826.555555555555
BMW101898,X2,2018,33071.81,Automatic,61399.0,Petrol,235.0,36.8,2.0,White,4,6,0.5386375999609114,False,10233.166666666666
BMW101899,5 Series,2016,22344.68,Semi-Auto,89231.0,Petrol,205.0,37.9,1.5,Black,4,8,0.25041386961930273,False,11153.875
BMW101900,5 Series,2005,6415.68,Automatic,251961.0,Petrol,145.0,41.6,1.5,Black,4,19,0.025462988319620895,False,13261.105263157895
BMW101901,5 Series,2008,13190.5,Manual,185879.0,Petrol,30.0,22.2,2.5,Black,5,16,0.07096283065865429,False,11617.4375
BMW101902,8 Series,2009,18245.32,Manual,,Petrol,235.0,44.0,1.6,Blue,3,15,,True,
BMW101903,M5,2013,50135.94,Automatic,127598.0,Diesel,0.0,49.8,3.0,Black,5,11,0.39292104891926205,True,11599.818181818182
BMW101904,2 Series,2005,7852.38,Automatic,239628.0,Diesel,125.0,22.0,3.0,Green,4,19,0.03276904201512344,False,12612.0
BMW101905,1 Series,2007,13132.68,Manual,196883.0,Hybrid,205.0,53.8,3.0,,4,17,0.06670296572075801,False,11581.35294117647
BMW101906, 2 Series ,2008,19222.29,Automatic,192296.0,DIESEL,150.0,36.5,4.4,Black,5,16,0.09996198568872988,False,12018.5
BMW101907,5 Series,2011,22101.76,Automatic,140812.0,Petrol,30.0,25.3,3.0,Blue,4,13,0.156959350055393,False,10831.692307692309
BMW101908,X3,2016,26741.37,Semi-Auto,93432.0,Petrol,150.0,39.9,2.0,Green,4,8,0.2862121114821474,False,11679.0
BMW101909,X1,2010,16390.51,Semi-Auto,169590.0,Hybrid,,41.4,2.0,Grey,3,14,0.0966478565953181,False,12113.57142857143
BMW101910,3 Series,2019,32180.16,Manual,67297.0,Petrol,30.0,24.8,2.5,Black,5,5,0.47818119678440346,False,13459.4
BMW101911,X3,2007,13960.52,Manual,208357.0,Petrol,145.0,30.6,3.0,Black,3,17,0.06700288447232394,False,12256.29411764706
BMW101912,3 Series,2023,39510.02,Automatic,3324.0,Diesel,125.0,59.1,1.5,Green,4,1,11.886287605294825,False,3324.0
BMW101913,X5,2017,48677.12,Automatic,83535.0,Petrol,125.0,39.1,1.6,Black,5,7,0.5827152690489017,True,11933.57142857143
BMW101914, 7 Series ,2020,57117.35,Automatic,54812.0,Petrol,150.0,40.4,1.5,Red,4,4,1.0420592206086259,False,13703.0
BMW101915,X1,2015,30439.02,Automatic,107279.0,Diesel,145.0,33.7,3.5,Blue,5,9,0.2837369848712236,False,11919.888888888889
BMW101916,X3,2009,13853.07,Manual,171510.0,Hybrid,125.0,32.5,2.0,Blue,2,15,0.08077120867587896,False,11434.0
BMW101917,X5,2020,69370.11,Manual,38944.0,Diesel,145.0,28.7,4.4,Blue,4,4,1.7812785024650781,True,9736.0
BMW101918,3 Series,2023,44168.05,Manual,22225.0,Hybrid,125.0,,2.0,Green,3,1,1.987313835770529,False,22225.0
BMW101919,5 Series,2007,10821.37,Manual,212102.0,Hybrid,0.0,46.0,2.5,Green,3,17,0.05101965092266929,False,12476.588235294117
BMW101920,8 Series,2016,51808.08,Automatic,87935.0,Petrol,150.0,32.6,2.5,Green,4,8,0.5891633592994826,True,10991.875
BMW101921,X1,2009,22265.8,Manual,178055.0,Diesel,125.0,,4.4,Grey,4,15,0.12505012496138834,False,11870.333333333334
BMW101922,5 Series,2020,34353.32,Automatic,49552.0,Petrol,20.0,49.2,2.0,White,4,4,0.6932781724249274,False,12388.0
BMW101923, i3 ,2022,38514.95,AUTOMATIC,30473.0,Diesel,125.0,29.1,2.0,Grey,4,2,1.2639041118367078,False,15236.5
BMW101924,1 Series,2019,34993.96,Manual,44100.0,Diesel,125.0,40.5,1.5,Red,3,5,0.7935138321995465,False,8820.0
BMW101925,7 Series,2013,37334.53,Automatic,137506.0,Diesel,,,2.0,Grey,4,11,0.2715120067487964,True,12500.545454545454
BMW101926,3 Series,2007,8723.46,Automatic,211150.0,Petrol,235.0,38.6,1.6,,3,17,0.04131404215013024,False,12420.588235294117
BMW101927, X1 ,2019,29380.63,Automatic,61365.0,Petrol,125.0,37.0,1.5,Black,4,5,0.47878481218935875,False,12273.0
BMW101928,4 Series,2015,22728.21,Semi-Auto,115112.0,Diesel,,37.8,3.0,Grey,4,9,0.19744431510181387,False,12790.222222222223
BMW101929,5 Series,2010,16015.74,Automatic,168212.0,Petrol,30.0,49.4,2.0,Green,5,14,0.09521163769528927,False,12015.142857142857
BMW101930,X5,2018,51558.66,Automatic,82830.0,Petrol,30.0,40.1,2.0,Silver,5,6,0.6224636001448751,True,13805.0
BMW101931,X1,2007,5279.5,Automatic,214454.0,Diesel,145.0,29.8,1.6,Black,5,17,0.0246183330690964,False,12614.941176470587
BMW101932,X5,2005,25973.07,Manual,229314.0,Diesel,20.0,25.5,4.4,Grey,4,19,0.11326421413433109,True,12069.157894736842
BMW101933, 5 Series ,2007,5130.54,Automatic,222238.0,Petrol,125.0,22.6,2.0,Silver,5,17,0.023085790908845473,False,13072.823529411764
BMW101934,3 Series,2011,,Automatic,166254.0,Hybrid,145.0,29.1,2.0,Black,4,13,,False,12788.76923076923
BMW101935,3 Series,2011,22979.23,Manual,160755.0,Petrol,235.0,39.5,3.0,Black,5,13,0.1429456626543498,False,12365.76923076923
BMW101936,3 Series,2021,36950.5,Semi-Auto,41368.0,Petrol,150.0,28.9,2.5,Green,5,3,0.8932145619802746,False,13789.333333333334
BMW101937, X2 ,2022,39665.2,Manual,15534.0,Petrol,150.0,34.5,2.0,Silver,5,2,2.553444058194927,False,7767.0
BMW101938,8 Series,2015,48814.76,Semi-Auto,112200.0,Diesel,125.0,38.3,3.0,Silver,5,9,0.4350691622103387,True,12466.666666666666
BMW101939,i3,2010,21690.32,Semi-Auto,169018.0,Petrol,125.0,,3.5,Silver,5,14,0.12833142032209588,False,12072.714285714286
BMW101940,3 Series,2012,19702.26,Automatic,147378.0,Petrol,125.0,57.3,1.6,Grey,5,12,0.13368521760371288,False,12281.5
BMW101941,7 Series,2018,60659.17,Automatic,68148.0,Diesel,125.0,15.3,3.0,White,4,6,0.890109320889828,True,11358.0
BMW101942, 3 Series ,2015,,Automatic,111667.0,Petrol,205.0,54.0,2.0,Silver,4,9,,False,12407.444444444445
BMW101943,3 Series,2009,8581.48,Automatic,177171.0,Diesel,150.0,29.4,1.6,Blue,5,15,0.04843614361266799,False,11811.4
BMW101944,2 Series,2014,25988.41,Semi-Auto,117199.0,Diesel,125.0,39.2,3.0,Silver,3,10,0.22174600465874283,False,11719.9
BMW101945,5 Series,2020,37032.99,Automatic,62020.0,Diesel,125.0,47.8,2.5,Silver,5,4,0.5971136730087069,False,15505.0
BMW101946,M4,2022,59025.22,Automatic,36993.0,Diesel,150.0,25.0,2.0,Silver,3,2,1.5955780823399022,True,18496.5
BMW101947, 4 Series ,2010,17014.07,Manual,175467.0,Petrol,125.0,32.7,3.0,,5,14,0.09696450044737757,False,12533.357142857143
BMW101948,5 Series,2008,13335.41,Automatic,191248.0,Hybrid,145.0,43.3,2.0,Silver,4,16,0.06972836317242533,False,11953.0
BMW101949,1 Series,2016,34001.02,Automatic,88901.0,Diesel,125.0,31.5,2.5,Silver,4,8,0.38245936491153076,False,11112.625
BMW101950,2 Series,2014,24910.74,Manual,113610.0,Hybrid,235.0,,3.0,Silver,4,10,0.2192653815685239,False,11361.0
BMW101951, X3 ,2006,5732.41,Automatic,222949.0,Diesel,145.0,23.9,2.5,Green,4,18,0.025711754706233263,False,12386.055555555555
BMW101952,i3,2020,38098.86,Automatic,47986.0,Hybrid,205.0,32.7,2.5,Red,4,4,0.7939578210311341,False,11996.5
BMW101953,5 Series,2023,39826.06,Automatic,5429.0,Petrol,125.0,39.2,2.5,Red,4,1,7.335800331552772,False,5429.0
BMW101954, 3 Series ,2022,38342.33,Manual,31119.0,Diesel,125.0,23.9,2.0,Blue,3,2,1.2321196053857773,False,15559.5
BMW101955,3 Series,2023,47499.62,Automatic,6848.0,Petrol,145.0,32.3,2.0,Red,4,1,6.93627628504673,False,6848.0
BMW101956,6 Series,2023,42449.69,Semi-Auto,16172.0,  Petrol  ,145.0,42.3,2.0,Silver,4,1,2.6248880781597825,False,16172.0
BMW101957,5 Series,2015,25556.6,MANUAL,100309.0,Petrol,125.0,27.6,3.0,Black,3,9,0.25477873371282733,False,11145.444444444445
BMW101958,5 Series,2021,31939.65,Semi-Auto,34763.0,Petrol,145.0,32.8,,Black,3,3,0.9187829013606421,False,11587.666666666666
BMW101959,3 Series,2007,9456.24,Manual,199889.0,Petrol,145.0,30.2,2.5,Green,4,17,0.04730745563787902,False,11758.176470588236
BMW101960,1 Series,2006,12929.03,Manual,210926.0,Petrol,150.0,33.2,3.0,Black,4,18,0.06129652105477751,False,11718.111111111111
BMW101961,X5,2020,67242.16,Automatic,38934.0,Petrol,20.0,23.8,3.5,,3,4,1.7270807006729338,True,9733.5
BMW101962,2 Series,2005,3691.07,Manual,233158.0,Diesel,150.0,38.9,2.0,Grey,3,19,0.0158307671192925,False,12271.473684210527
BMW101963,3 Series,2020,37109.07,Manual,56135.0,Petrol,150.0,44.7,2.5,Silver,4,4,0.6610683174490068,False,14033.75
BMW101964,X1,2019,35523.01,Semi-Auto,67591.0,diesel,235.0,34.6,3.0,Red,4,5,0.5255582843869746,False,13518.2
BMW101965,X1,2009,15069.16,Automatic,175109.0,Diesel,150.0,35.9,1.5,Black,4,15,0.0860558851915093,False,11673.933333333332
BMW101966,5 Series,2010,23995.34,Automatic,171658.0,Petrol,145.0,24.7,4.4,Grey,4,14,0.13978573675564204,False,12261.285714285714
BMW101967,1 Series,2015,27649.61,Manual,115646.0,Petrol,0.0,47.3,2.5,White,4,9,0.23908833855040382,False,12849.555555555555
BMW101968,2 Series,2023,44004.32,Automatic,3566.0,Diesel,145.0,50.4,2.0,,5,1,12.339966348850252,False,3566.0
BMW101969,5 Series,2015,24862.41,Automatic,103301.0,Diesel,30.0,25.0,2.0,Silver,4,9,0.2406792770641136,False,11477.888888888889
BMW101970,X5,2005,16994.12,Manual,228807.0,Petrol,125.0,32.4,2.0,Red,4,19,0.07427272767004506,True,12042.473684210527
BMW101971,2 Series,2017,25224.14,Semi-Auto,77022.0,Petrol,150.0,32.8,1.6,Blue,4,7,0.32749266443353847,False,11003.142857142857
BMW101972,X3,2010,15054.1,Automatic,156317.0,Petrol,125.0,39.9,1.6,Silver,4,14,0.09630494443982421,False,11165.5
BMW101973,3 Series,2020,33932.3,Semi-Auto,49793.0,Petrol,205.0,41.9,2.0,Silver,4,4,0.6814672745164984,False,12448.25
BMW101974,5 Series,2013,18958.66,Manual,117392.0,Diesel,150.0,56.3,2.0,Black,3,11,0.16149873926673028,False,10672.0
BMW101975,4 Series,2020,32713.08,Manual,62105.0,Diesel,30.0,32.8,2.0,Blue,5,4,0.5267382658401095,False,15526.25
BMW101976,X1,2012,28623.2,Automatic,142068.0,Petrol,125.0,21.8,3.5,Green,4,12,0.2014753498324746,False,11839.0
BMW101977,3 Series,2022,36402.84,Semi-Auto,33917.0,Petrol,150.0,34.9,2.5,Green,4,2,1.0732918595394638,False,16958.5
BMW101978,5 Series,2015,25135.57,Automatic,116527.0,Petrol,150.0,37.1,2.0,Grey,4,9,0.21570597372282818,False,12947.444444444445
BMW101979,2 Series,2023,49198.15,Automatic,9183.0,Petrol,145.0,38.6,3.5,Blue,4,1,5.3575247740389855,False,9183.0
BMW101980,X5,2007,18742.85,Manual,214910.0,Petrol,125.0,30.6,2.0,Green,4,17,0.08721255409241077,True,12641.764705882353
BMW101981,3 Series,2014,20062.08,Semi-Auto,114581.0,Diesel,125.0,50.1,1.6,Grey,4,10,0.17509080912193123,False,11458.1
BMW101982, 1 Series ,2023,39400.58,MANUAL,6172.0,Petrol,125.0,32.7,2.0,Red,5,1,6.383762151652625,False,6172.0
BMW101983,4 Series,2008,15617.69,Automatic,197760.0,Petrol,150.0,32.1,,Grey,4,16,0.07897294700647249,False,12360.0
BMW101984,X3,2011,11989.57,Semi-Auto,163270.0,  Petrol  ,235.0,42.4,1.6,Blue,4,13,0.0734340050223556,False,12559.23076923077
BMW101985,3 Series,2010,18304.04,Automatic,167523.0,Petrol,145.0,19.2,3.5,,3,14,0.10926284748959846,False,11965.92857142857
BMW101986, 1 Series ,2007,8170.33,Automatic,197577.0,Petrol,125.0,,1.5,Grey,3,17,0.04135263719967405,False,11622.176470588236
BMW101987,5 Series,2008,8502.84,Automatic,204354.0,Hybrid,150.0,44.8,1.5,Blue,5,16,0.04160838544878006,False,12772.125
BMW101988,X3,2007,14099.82,Manual,211848.0,Hybrid,20.0,39.8,3.5,Grey,5,17,0.06655630452022204,False,12461.64705882353
BMW101989,3 Series,2012,26098.36,  Manual  ,143644.0,Petrol,145.0,16.6,3.0,Red,5,12,0.18168778368744953,False,11970.333333333334
BMW101990,8 Series,2015,56243.29,Semi-Auto,105503.0,Hybrid,30.0,32.5,4.4,White,5,9,0.5330965944096376,True,11722.555555555555
BMW101991,3 Series,2008,10047.09,Automatic,202507.0,Diesel,125.0,28.2,1.5,Red,4,16,0.04961354422316266,False,12656.6875
BMW101992,1 Series,2011,15110.35,Automatic,167879.0,Petrol,30.0,31.1,2.5,White,3,13,0.09000738627225562,False,12913.76923076923
BMW101993,M4,2008,18348.58,Manual,183945.0,Petrol,150.0,52.6,1.5,Black,4,16,0.09975036016200496,True,11496.5625
BMW101994,4 Series,2013,14446.65,Manual,138516.0,Diesel,150.0,35.6,2.0,Silver,4,11,0.10429589361517803,False,12592.363636363636
BMW101995,3 Series,2011,18009.7,Manual,162864.0,Diesel,20.0,16.7,2.0,Black,4,13,0.11058122114156597,False,12528.0
BMW101996,5 Series,2013,24614.81,  Automatic  ,138116.0,Diesel,150.0,30.7,3.0,White,4,11,0.1782183816502071,False,12556.0
BMW101997,1 Series,2006,13001.82,Automatic,217407.0,Petrol,235.0,29.5,3.0,,2,18,0.059804054147290564,False,12078.166666666666
BMW101998,X3,2020,31924.31,Automatic,43328.0,Petrol,30.0,37.8,1.6,Green,4,4,0.7368055299113737,False,10832.0
BMW101999,2 Series,2008,12424.18,Automatic,196402.0,Petrol,125.0,35.2,2.0,Black,3,16,0.06325892811682163,False,12275.125
BMW102000,7 Series,2006,25874.06,Semi-Auto,205463.0,Petrol,125.0,45.3,3.0,Green,4,18,0.1259305081693541,True,11414.611111111111
BMW102001,3 Series,2014,22132.92,Automatic,111719.0,  Petrol  ,145.0,36.0,2.0,White,4,10,0.19811240702118707,False,11171.9
BMW102002, 5 Series ,2011,17055.07,  Automatic  ,166101.0,Petrol,145.0,59.1,1.6,Black,4,13,0.10267891222810217,False,12777.0
BMW102003,3 Series,2007,13182.38,Manual,198356.0,Petrol,145.0,41.1,2.5,Silver,4,17,0.0664581862913146,False,11668.0
BMW102004,7 Series,2023,65942.86,Automatic,3100.0,Petrol,20.0,42.8,1.5,Blue,3,1,21.271890322580646,True,3100.0
BMW102005,X5,2008,26104.91,Automatic,199508.0,petrol,125.0,38.2,2.5,Red,3,16,0.13084643222326925,True,12469.25
BMW102006,X3,2023,38692.46,Manual,12891.0,Diesel,20.0,,2.0,Red,5,1,3.00150958032736,False,12891.0
BMW102007,X3,2008,5325.19,Automatic,206308.0,Diesel,20.0,41.5,1.6,Red,5,16,0.025811844426779376,False,12894.25
BMW102008,1 Series,2019,34668.59,Manual,65653.0,Petrol,145.0,47.6,3.0,Red,4,5,0.5280579714559882,False,13130.6
BMW102009,M2,2016,57367.79,Semi-Auto,106597.0,Diesel,150.0,29.1,3.5,Black,4,8,0.5381745264876122,True,13324.625
BMW102010,8 Series,2021,60495.08,Semi-Auto,31133.0,Petrol,125.0,35.7,2.5,Blue,5,3,1.9431175922654418,True,10377.666666666666
BMW102011,i8,2021,61087.24,Automatic,43721.0,Petrol,30.0,34.4,2.0,Silver,4,3,1.3972059193522564,False,14573.666666666666
BMW102012,4 Series,2006,9560.35,Automatic,217419.0,Petrol,125.0,23.5,2.0,Black,5,18,0.04397200796618511,False,12078.833333333334
BMW102013,X5,2015,49677.08,Automatic,109158.0,Petrol,125.0,28.7,3.5,Red,4,9,0.455093350922516,True,12128.666666666666
BMW102014,4 Series,2008,14497.58,Manual,194644.0,Hybrid,150.0,40.2,2.0,Blue,3,16,0.07448254248782392,False,12165.25
BMW102015,i3,2013,23217.85,Manual,135026.0,Petrol,,48.5,3.0,White,4,11,0.17195095759335238,False,12275.09090909091
BMW102016,5 Series,2018,30914.22,Automatic,,Hybrid,205.0,43.1,1.5,Blue,4,6,,False,
BMW102017,X1,2012,20650.89,Manual,147689.0,Diesel,125.0,36.7,2.5,Red,4,12,0.13982686591418453,False,12307.416666666666
BMW102018,4 Series,2016,26149.24,Manual,105537.0,Diesel,125.0,31.9,3.0,Silver,4,8,0.2477731980253371,False,13192.125
BMW102019,3 Series,2021,46212.66,Semi-Auto,32368.0,Petrol,205.0,32.6,4.4,Silver,3,3,1.4277267671774594,False,10789.333333333334
BMW102020, 5 Series ,2020,35904.95,Automatic,43292.0,Hybrid,125.0,,2.5,Grey,2,4,0.8293668576180356,False,10823.0
BMW102021,2 Series,2022,37837.95,Automatic,15648.0,Petrol,125.0,49.2,2.0,White,3,2,2.4180694018404907,False,7824.0
BMW102022,X1,2019,34725.25,Automatic,44984.0,Diesel,0.0,28.7,2.0,,4,5,0.7719466921572115,False,8996.8
BMW102023,5 Series,2020,37264.53,Semi-Auto,50980.0,Petrol,205.0,,3.0,Red,3,4,0.7309637112593174,False,12745.0
BMW102024,3 Series,2016,22396.7,Semi-Auto,80776.0,Petrol,150.0,37.8,2.0,Black,5,8,0.2772692383876399,False,10097.0
BMW102025,X6,2012,31956.09,Automatic,151992.0,hybrid,150.0,37.9,1.5,Silver,4,12,0.21024849992104847,True,12666.0
BMW102026,X4,2021,34613.69,Automatic,45619.0,Petrol,125.0,35.3,2.0,Grey,4,3,0.758756000789145,False,15206.333333333334
BMW102027,5 Series,2007,6962.69,Semi-Auto,191996.0,Diesel,145.0,47.9,1.5,White,4,17,0.036264765932623594,False,11293.882352941177
BMW102028,X1,2013,22407.96,Automatic,148115.0,Petrol,150.0,47.9,2.0,Black,5,11,0.15128758059615838,False,13465.0
BMW102029,5 Series,2015,26503.24,Semi-Auto,111048.0,Diesel,,,3.0,Green,4,9,0.23866472156184715,False,12338.666666666666
BMW102030,5 Series,2007,,Semi-Auto,191952.0,Petrol,30.0,28.2,3.5,Red,3,17,,False,11291.29411764706
BMW102031,1 Series,2017,30070.56,Automatic,79150.0,Diesel,125.0,31.8,1.6,White,4,7,0.379918635502211,False,11307.142857142857
BMW102032,5 Series,2007,14865.67,MANUAL,206238.0,Petrol,205.0,33.0,1.6,Red,4,17,0.07208016951289287,False,12131.64705882353
BMW102033,X5,2010,23946.74,Automatic,155612.0,Petrol,145.0,36.2,1.5,Blue,4,14,0.15388748939670463,True,11115.142857142857
BMW102034,X2,2015,23639.21,Manual,114620.0,Diesel,145.0,38.0,2.0,Silver,5,9,0.2062398359797592,False,12735.555555555555
BMW102035,3 Series,2013,,Semi-Auto,119395.0,Diesel,30.0,29.3,2.0,Red,5,11,,False,10854.09090909091
BMW102036, X3 ,2022,37123.67,Semi-Auto,27352.0,Petrol,150.0,26.1,3.0,Blue,4,2,1.3572561421468265,False,13676.0
BMW102037,X5,2021,69171.78,Automatic,38208.0,Hybrid,125.0,32.3,3.5,Red,5,3,1.8104004396984925,True,12736.0
BMW102038,1 Series,2005,5153.62,Manual,225802.0,Diesel,150.0,37.2,2.5,Green,5,19,0.022823624237163533,False,11884.315789473685
BMW102039, X2 ,2006,3228.44,Automatic,,Petrol,145.0,35.1,1.5,Grey,4,18,,False,
BMW102040,2 Series,2010,17978.2,Automatic,162660.0,Petrol,145.0,,2.0,Red,4,14,0.11052625107586377,False,11618.57142857143
BMW102041,4 Series,2011,17782.47,Semi-Auto,148774.0,Petrol,205.0,46.8,1.6,Black,5,13,0.11952673182142041,False,11444.153846153846
BMW102042,4 Series,2021,50685.11,Semi-Auto,39898.0,Electric,30.0,46.6,1.6,Blue,4,3,1.2703671863251291,False,13299.333333333334
BMW102043,X2,2008,8413.68,Manual,181628.0,Petrol,235.0,47.5,3.0,Black,4,16,0.046323694584535426,False,11351.75
BMW102044,X1,2006,6270.95,Automatic,211738.0,Diesel,145.0,40.1,1.5,Red,4,18,0.029616554421029763,False,11763.222222222223
BMW102045,M3,2016,49776.86,Manual,97734.0,Petrol,205.0,42.6,2.0,Red,4,8,0.5093095545050852,True,12216.75
BMW102046,4 Series,2021,37638.47,Semi-Auto,48419.0,  Petrol  ,125.0,20.9,3.5,Blue,5,3,0.7773491811065905,False,16139.666666666666
BMW102047,2 Series,2017,34845.4,Semi-Auto,82040.0,Hybrid,150.0,,2.5,Green,4,7,0.42473671379814726,False,11720.0
BMW102048, 3 Series ,2022,40904.25,Manual,24208.0,Diesel,125.0,35.8,3.0,,3,2,1.689699686054197,False,12104.0
BMW102049,7 Series,2017,58421.83,Automatic,82278.0,Diesel,20.0,37.3,3.0,Red,2,7,0.7100540849315735,True,11754.0
BMW102050,5 Series,2014,27606.21,Semi-Auto,126069.0,Diesel,125.0,30.8,3.5,Silver,5,10,0.21897698879185207,False,12606.9
BMW102051,2 Series,2014,28777.23,Semi-Auto,126312.0,Diesel,30.0,18.7,3.5,Grey,4,10,0.2278265722971689,False,12631.2
BMW102052,X4,2015,27004.78,Manual,117806.0,Diesel,125.0,26.3,4.4,,5,9,0.2292309390014091,False,13089.555555555555
BMW102053,6 Series,2015,22401.75,Automatic,116244.0,Petrol,,22.4,2.0,Red,2,9,0.1927131722927635,False,12916.0
BMW102054,7 Series,2013,36082.58,Automatic,137083.0,Diesel,150.0,44.4,1.5,Grey,4,11,0.2632170290991589,True,12462.09090909091
BMW102055,5 Series,2007,4021.23,Automatic,188688.0,Petrol,125.0,27.5,2.0,Silver,5,17,0.021311530145001274,False,11099.29411764706
BMW102056,X5,2019,56101.23,Automatic,57080.0,Petrol,145.0,36.9,2.0,Blue,4,5,0.9828526629292222,True,11416.0
BMW102057,M2,2011,34940.16,Automatic,159516.0,Diesel,125.0,49.2,3.5,White,3,13,0.21903859174001356,True,12270.461538461539
BMW102058,X2,2018,29980.29,Manual,65903.0,Petrol,205.0,52.7,2.0,Green,5,6,0.45491540597544877,False,10983.833333333334
BMW102059,X5,2010,26347.95,Semi-Auto,180632.0,Diesel,30.0,51.2,1.6,Green,4,14,0.14586535054696842,True,12902.285714285714
BMW102060,7 Series,2006,20177.6,Automatic,222086.0,Petrol,235.0,37.1,2.0,Blue,4,18,0.09085489405005268,True,12338.111111111111
BMW102061,5 Series,2013,21661.98,Automatic,147655.0,Diesel,205.0,50.3,2.0,Blue,4,11,0.14670671497748128,False,13423.181818181818
BMW102062,7 Series,2020,54879.23,Manual,45554.0,Diesel,150.0,15.0,2.0,Red,3,4,1.2047071607323177,True,11388.5
BMW102063, X5 ,2006,13671.54,Automatic,222134.0,Hybrid,20.0,59.9,2.0,Silver,5,18,0.06154636390647087,False,12340.777777777777
BMW102064,5 Series,2016,29099.63,Manual,95511.0,Diesel,0.0,41.9,2.5,Silver,3,8,0.3046730743055774,False,11938.875
BMW102065,3 Series,2007,10237.64,Automatic,207050.0,Hybrid,205.0,51.9,2.0,Grey,4,17,0.049445254769379374,False,12179.411764705883
BMW102066,6 Series,2015,25370.93,Manual,93489.0,Diesel,30.0,37.1,2.0,Green,5,9,0.2713787718341195,False,10387.666666666666
BMW102067,5 Series,2018,26324.42,Semi-Auto,70472.0,Petrol,20.0,46.6,1.6,Green,5,6,0.3735443864229765,False,11745.333333333334
BMW102068,5 Series,2022,39983.0,Automatic,17683.0,Petrol,20.0,48.7,2.0,Blue,5,2,2.261098229938359,False,8841.5
BMW102069,X5,2013,47179.78,Automatic,148610.0,Diesel,20.0,38.8,3.5,Red,4,11,0.3174737904582464,True,13510.0
BMW102070,X3,2011,18281.04,Automatic,156089.0,diesel,150.0,34.5,2.0,White,4,13,0.1171193357635708,False,12006.846153846154
BMW102071,2 Series,2010,16669.69,Automatic,159256.0,Diesel,125.0,33.2,3.5,Red,4,14,0.10467228864218615,False,11375.42857142857
BMW102072,5 Series,2013,21931.5,Manual,130306.0,Petrol,30.0,36.7,2.0,Red,4,11,0.16830767577855202,False,11846.0
BMW102073, 3 Series ,2017,25920.49,Automatic,86991.0,Diesel,235.0,45.0,1.5,Green,5,7,0.2979674908898622,False,12427.285714285714
BMW102074,X1,2022,36450.62,Semi-Auto,31217.0,Hybrid,235.0,,2.0,Grey,4,2,1.1676528814428038,False,15608.5
BMW102075,5 Series,2018,27336.04,Automatic,75174.0,Petrol,125.0,36.7,3.0,Grey,5,6,0.3636368957352276,False,12529.0
BMW102076,i8,2019,59738.09,Automatic,49581.0,Diesel,205.0,31.8,3.0,Blue,5,5,1.204858514350255,False,9916.2
BMW102077,X4,2020,39842.04,Semi-Auto,53460.0,Petrol,30.0,29.1,3.0,Grey,5,4,0.7452682379349046,False,13365.0
BMW102078,X3,2006,6892.57,Manual,216179.0,Diesel,20.0,29.0,3.0,Green,5,18,0.031883624218818664,False,12009.944444444445
BMW102079, 3 Series ,2020,36343.89,Semi-Auto,36439.0,Petrol,205.0,36.9,3.0,Grey,4,4,0.9973898844644474,False,9109.75
BMW102080,6 Series,2012,18906.91,Automatic,158481.0,Diesel,145.0,35.5,2.0,White,4,12,0.11930079946492009,False,13206.75
BMW102081,4 Series,2015,21556.5,Automatic,114554.0,Petrol,30.0,51.6,2.0,Silver,4,9,0.1881776280182272,False,12728.222222222223
BMW102082,i3,2007,9055.21,Manual,196070.0,Diesel,205.0,48.7,,White,4,17,0.04618355689294639,False,11533.529411764706
BMW102083,2 Series,2006,7303.14,Automatic,231241.0,Petrol,30.0,42.0,3.5,Black,4,18,0.03158237509784165,False,12846.722222222223
BMW102084,1 Series,2022,37600.58,Manual,29512.0,Petrol,125.0,30.6,2.5,Red,4,2,1.274077663323394,False,14756.0
BMW102085,X3,2008,15305.24,Automatic,188239.0,Petrol,145.0,17.0,3.0,Red,5,16,0.08130748675885444,False,11764.9375
BMW102086,5 Series,2019,32276.92,Manual,63848.0,Hybrid,0.0,35.6,1.6,Blue,4,5,0.5055275028191956,False,12769.6
BMW102087,M4,2020,53750.32,Manual,48090.0,Diesel,150.0,27.1,1.5,Grey,4,4,1.1177026408816801,True,12022.5
BMW102088,i3,2022,43932.04,Semi-Auto,10473.0,Petrol,20.0,27.3,3.5,Green,4,2,4.194790413444094,False,5236.5
BMW102089,2 Series,2018,31776.29,Automatic,80780.0,Diesel,150.0,41.0,2.0,White,5,6,0.3933682842287695,False,13463.333333333334
BMW102090,5 Series,2012,17219.56,Automatic,140470.0,Petrol,125.0,42.5,2.0,Green,5,12,0.1225853207090482,False,11705.833333333334
BMW102091,3 Series,2009,6818.29,Manual,172055.0,Diesel,125.0,42.4,1.5,Silver,2,15,0.03962854901049083,False,11470.333333333334
BMW102092,X1,2020,37789.47,Manual,44154.0,Diesel,125.0,58.6,3.0,,5,4,0.8558560945780677,False,11038.5
BMW102093, 4 Series ,2023,42036.5,Automatic,17516.0,Diesel,125.0,32.8,3.0,Green,5,1,2.399891527746061,False,17516.0
BMW102094,X5,2019,61112.95,Semi-Auto,68355.0,Diesel,235.0,37.4,3.0,Green,3,5,0.894052373637627,True,13671.0
BMW102095,3 Series,2014,30871.62,Semi-Auto,105065.0,Petrol,125.0,37.6,4.4,Red,4,10,0.2938335316232808,False,10506.5
BMW102096,X4,2023,43842.37,Automatic,9420.0,Petrol,125.0,31.4,2.5,Blue,4,1,4.65417940552017,False,9420.0
BMW102097,X2,2007,6362.7,Manual,213443.0,Diesel,150.0,39.2,1.5,Green,4,17,0.029809832133169043,False,12555.470588235294
BMW102098,3 Series,2019,28869.18,Semi-Auto,60117.0,Petrol,125.0,38.4,1.5,Grey,5,5,0.4802165776735366,False,12023.4
BMW102099,X3,2009,13837.29,Automatic,171919.0,Diesel,30.0,41.4,2.5,Grey,3,15,0.08048726435123518,False,11461.266666666666
BMW102100,3 Series,2022,38440.39,Manual,23309.0,Petrol,125.0,26.5,2.0,Grey,4,2,1.6491651293491785,False,11654.5
BMW102101,M4,2006,16360.62,Manual,219000.0,Diesel,235.0,40.1,2.0,Grey,4,18,0.07470602739726027,True,12166.666666666666
BMW102102,7 Series,2006,16481.92,Semi-Auto,212562.0,Diesel,0.0,33.7,2.5,Blue,5,18,0.07753935322400052,True,11809.0
BMW102103,3 Series,2012,18611.47,Automatic,145980.0,Diesel,20.0,36.6,2.0,Red,4,12,0.1274932867516098,False,12165.0
BMW102104,3 Series,2008,16611.33,Manual,189566.0,PETROL,145.0,34.9,3.0,Blue,3,16,0.08762821392021777,False,11847.875
BMW102105,2 Series,2016,27664.77,Automatic,82436.0,Petrol,205.0,22.3,2.0,Red,4,8,0.33559088262409625,False,10304.5
BMW102106,5 Series,2012,21403.18,Manual,128854.0,Petrol,125.0,35.3,3.0,White,4,12,0.1661041178387943,False,10737.833333333334
BMW102107,M2,2012,40637.8,Automatic,142748.0,Diesel,145.0,37.4,3.0,Black,4,12,0.2846820971222014,True,11895.666666666666
BMW102108,X1,2015,23524.43,Automatic,99681.0,Diesel,150.0,46.4,2.0,White,3,9,0.23599713084740323,False,11075.666666666666
BMW102109,Z4,2023,41274.82,Automatic,5428.0,  Diesel  ,125.0,46.5,1.5,White,4,1,7.604056742815033,False,5428.0
BMW102110,X1,2020,34166.3,AUTOMATIC,51713.0,Diesel,145.0,26.5,2.0,Silver,4,4,0.660690735405024,False,12928.25
BMW102111,4 Series,2013,24482.87,Automatic,134212.0,Diesel,0.0,23.7,3.0,Grey,3,11,0.18241938127738205,False,12201.09090909091
BMW102112,4 Series,2019,32092.11,Manual,,Diesel,145.0,34.6,2.0,Red,4,5,,False,
BMW102113,3 Series,2013,30324.38,Manual,128371.0,Electric,30.0,,1.5,Grey,5,11,0.23622453669442475,False,11670.09090909091
BMW102114,X4,2015,29309.59,Semi-Auto,99859.0,Hybrid,235.0,,4.4,Blue,5,9,0.2935097487457315,False,11095.444444444445
BMW102115,i3,2020,32320.46,Automatic,47267.0,Petrol,30.0,38.1,2.0,Green,5,4,0.6837848816298897,False,11816.75
BMW102116,6 Series,2008,11536.26,Automatic,202219.0,Diesel,125.0,31.7,2.5,,5,16,0.05704834857258715,False,12638.6875
BMW102117,2 Series,2012,19430.49,Manual,146584.0,Petrol,145.0,40.3,2.5,White,4,12,0.13255532663865088,False,12215.333333333334
BMW102118,3 Series,2009,9702.06,Automatic,182896.0,Hybrid,125.0,26.0,2.0,Grey,4,15,0.05304686816551483,False,12193.066666666668
BMW102119,X1,2019,36560.91,Semi-Auto,68619.0,PETROL,20.0,31.4,3.5,Red,4,5,0.5328103003541294,False,13723.8
BMW102120,6 Series,2019,37144.2,Manual,55392.0,Diesel,150.0,42.7,3.0,Blue,4,5,0.6705697573656845,False,11078.4
BMW102121,M2,2020,59319.92,Manual,45408.0,Diesel,150.0,47.5,2.0,Blue,4,4,1.306375968992248,True,11352.0
BMW102122,X4,2018,30852.57,Manual,68432.0,Hybrid,150.0,41.4,2.0,,4,6,0.45085004091653025,False,11405.333333333334
BMW102123,i3,2008,13667.73,Manual,189990.0,Diesel,205.0,35.3,,White,4,16,0.07193920732670141,False,11874.375
BMW102124,X3,2009,12577.98,Manual,177707.0,Petrol,150.0,40.3,1.5,Red,4,15,0.07077931651538769,False,11847.133333333333
BMW102125,3 Series,2021,37137.49,Manual,50076.0,Petrol,30.0,25.2,3.0,Grey,4,3,0.7416225337487019,False,16692.0
BMW102126,1 Series,2011,19470.85,Manual,149260.0,Diesel,125.0,42.8,2.5,,4,13,0.1304492161329224,False,11481.538461538461
BMW102127,X3,2022,41018.61,Manual,16836.0,Petrol,150.0,27.3,2.5,Green,3,2,2.436363150392017,False,8418.0
BMW102128,2 Series,2010,15696.42,Manual,176470.0,Diesel,150.0,55.4,2.5,White,2,14,0.08894667648892163,False,12605.0
BMW102129,X2,2021,34489.01,Automatic,35859.0,Petrol,150.0,32.7,2.0,,5,3,0.9617950863102709,False,11953.0
BMW102130,3 Series,2006,6373.09,Automatic,204804.0,Petrol,205.0,54.3,1.5,Red,4,18,0.03111799574227066,False,11378.0
BMW102131,1 Series,2015,25399.52,Manual,105599.0,Diesel,125.0,29.7,3.0,Black,4,9,0.2405280353033646,False,11733.222222222223
BMW102132,5 Series,2017,26492.48,Automatic,84032.0,Petrol,150.0,43.3,2.0,Blue,4,7,0.31526656511805023,False,12004.57142857143
BMW102133,X1,2019,41357.83,Automatic,59193.0,Diesel,20.0,36.1,3.5,Silver,4,5,0.6986946091598669,False,11838.6
BMW102134,4 Series,2007,17400.59,Automatic,197969.0,Diesel,20.0,34.6,3.0,Red,5,17,0.08789552909799009,False,11645.235294117647
BMW102135,3 Series,2018,33701.42,Automatic,80487.0,Petrol,125.0,,2.5,Blue,3,6,0.4187187993092052,False,13414.5
BMW102136, X5 ,2023,63229.89,Automatic,21827.0,Diesel,125.0,32.7,2.0,Black,2,1,2.8968658084024375,False,21827.0
BMW102137,2 Series,2014,22411.4,Automatic,121420.0,Petrol,125.0,48.5,2.0,Red,5,10,0.18457749958820624,False,12142.0
BMW102138,X4,2016,,Manual,91645.0,Diesel,205.0,31.7,2.0,White,4,8,,False,11455.625
BMW102139,X7,2023,70727.39,Manual,4555.0,Petrol,150.0,31.0,2.5,Red,3,1,15.527418221734358,True,4555.0
BMW102140,6 Series,2007,17227.63,Automatic,208004.0,Diesel,235.0,39.2,3.5,Green,5,17,0.08282355147016404,False,12235.529411764706
BMW102141,3 Series,2011,20364.05,Semi-Auto,155437.0,Hybrid,125.0,23.5,2.5,Green,3,13,0.13101159955480354,False,11956.692307692309
BMW102142,X5,2020,77907.02,Automatic,57771.0,Electric,125.0,49.1,2.5,Blue,4,4,1.3485489259316958,True,14442.75
BMW102143,5 Series,2020,39413.18,Automatic,44914.0,Petrol,30.0,34.1,3.5,Red,5,4,0.8775254931647148,False,11228.5
BMW102144, X1 ,2006,6421.1,Automatic,,Diesel,145.0,36.5,2.5,Blue,4,18,,False,
BMW102145,X3,2014,22705.73,Manual,133187.0,Petrol,150.0,28.0,3.0,Green,5,10,0.1704800768843806,False,13318.7
BMW102146,1 Series,2006,13709.0,Manual,200830.0,Hybrid,145.0,34.1,3.0,Silver,4,18,0.06826171388736743,False,11157.222222222223
BMW102147,X3,2022,42611.38,Automatic,27652.0,  Diesel  ,205.0,30.3,3.5,Green,4,2,1.5409872703601908,False,13826.0
BMW102148,3 Series,2008,11609.57,Automatic,190083.0,Petrol,150.0,41.1,,Grey,3,16,0.06107631929209871,False,11880.1875
BMW102149,2 Series,2021,34553.29,Semi-Auto,44755.0,Petrol,125.0,37.8,1.5,Red,4,3,0.7720542956094292,False,14918.333333333334
BMW102150,1 Series,2022,39676.32,Automatic,33064.0,Petrol,145.0,38.8,1.6,Blue,3,2,1.1999854827002177,False,16532.0
BMW102151,1 Series,2020,41782.65,Semi-Auto,31984.0,Petrol,30.0,,3.5,Green,3,4,1.3063609929964983,False,7996.0
BMW102152,5 Series,2012,18775.24,Automatic,149796.0,Petrol,125.0,47.2,2.0,White,4,12,0.12533872733584342,False,12483.0
BMW102153,5 Series,2013,18927.26,Semi-Auto,137784.0,petrol,145.0,39.2,2.0,Black,2,11,0.1373690704290774,False,12525.818181818182
BMW102154,X5,2019,57759.64,Semi-Auto,48584.0,Diesel,150.0,36.1,3.0,Red,4,5,1.188861353532027,True,9716.8
BMW102155,M3,2020,54781.69,Automatic,44897.0,Petrol,150.0,31.1,2.0,White,4,4,1.2201637080428538,True,11224.25
BMW102156,X1,2012,12233.1,Manual,161727.0,Petrol,0.0,34.9,2.0,Grey,4,12,0.0756404310968484,False,13477.25
BMW102157,M4,2005,22713.29,Semi-Auto,226358.0,Petrol,145.0,23.7,4.4,Red,2,19,0.10034233382517958,True,11913.578947368422
BMW102158,X4,2015,33290.32,Automatic,92210.0,Hybrid,125.0,,3.5,Red,3,9,0.3610272204750027,False,10245.555555555555
BMW102159,X1,2017,31893.62,Automatic,88689.0,Diesel,125.0,32.2,2.5,Grey,4,7,0.3596119022652189,False,12669.857142857143
BMW102160, 1 Series ,2023,41785.15,Automatic,500.0,Petrol,150.0,39.1,2.0,Black,5,1,83.5703,False,500.0
BMW102161,5 Series,2016,27310.78,  Manual  ,96283.0,Electric,205.0,38.3,1.5,Blue,4,8,0.2836511118265945,False,12035.375
BMW102162, 1 Series ,2016,32053.34,Manual,107410.0,Diesel,150.0,41.3,2.5,Silver,4,8,0.2984204450237408,False,13426.25
BMW102163,X4,2013,14688.23,Automatic,129311.0,Petrol,30.0,43.9,1.6,Red,4,11,0.11358840315209069,False,11755.545454545454
BMW102164,3 Series,2010,13633.33,Automatic,159670.0,Diesel,150.0,35.2,2.0,White,5,14,0.08538441786184005,False,11405.0
BMW102165, 5 Series ,2018,32263.42,AUTOMATIC,89438.0,Diesel,30.0,15.8,3.5,Blue,4,6,0.3607350343254545,False,14906.333333333334
BMW102166,2 Series,2010,24647.32,Manual,161544.0,Petrol,145.0,29.0,3.5,White,5,14,0.15257341653048087,False,11538.857142857143
BMW102167,X5,2021,60917.49,Automatic,31705.0,Petrol,125.0,31.4,2.0,Silver,4,3,1.921384324239079,True,10568.333333333334
BMW102168,Z4,2013,22515.51,Automatic,131004.0,Diesel,125.0,,,,4,11,0.17186887423284783,False,11909.454545454546
BMW102169,X1,2011,23728.03,Manual,156357.0,Petrol,125.0,20.7,3.5,Black,3,13,0.15175546985424382,False,12027.461538461539
BMW102170,X1,2015,26863.78,Automatic,119384.0,PETROL,145.0,47.9,2.0,White,5,9,0.2250199356697715,False,13264.888888888889
BMW102171,X4,2009,13066.04,Automatic,176619.0,Petrol,125.0,34.8,2.0,Blue,2,15,0.07397867726575284,False,11774.6
BMW102172,5 Series,2018,38288.47,Manual,64555.0,Electric,145.0,27.6,1.5,Blue,4,6,0.5931139338548524,False,10759.166666666666
BMW102173,3 Series,2014,22171.73,Semi-Auto,110601.0,Petrol,150.0,15.0,2.0,,4,10,0.20046590898816466,False,11060.1
BMW102174,3 Series,2007,9345.03,Manual,206601.0,Petrol,145.0,37.8,2.0,Silver,4,17,0.04523225928238489,False,12153.0
BMW102175,3 Series,2017,25960.04,Semi-Auto,88329.0,Petrol,30.0,41.0,1.5,,4,7,0.293901663100454,False,12618.42857142857
BMW102176,3 Series,2009,12283.86,Semi-Auto,176709.0,Diesel,20.0,37.4,2.0,Silver,5,15,0.06951462574062442,False,11780.6
BMW102177,X3,2018,40980.25,Manual,71521.0,Hybrid,205.0,30.3,4.4,Green,3,6,0.5729820612127906,False,11920.166666666666
BMW102178,1 Series,2009,20309.32,Semi-Auto,178294.0,Petrol,145.0,30.8,4.4,Silver,4,15,0.11390916127295365,False,11886.266666666666
BMW102179, 7 Series ,2021,56038.18,Automatic,34474.0,Petrol,,52.3,1.5,Silver,4,3,1.625520102105935,False,11491.333333333334
BMW102180,X5,2016,72204.21,Semi-Auto,103412.0,Electric,125.0,33.9,3.5,Grey,4,8,0.6982188720844776,True,12926.5
BMW102181,X3,2018,38338.07,Automatic,72260.0,Diesel,145.0,15.0,4.4,White,4,6,0.5305572931082203,False,12043.333333333334
BMW102182,3 Series,2014,21232.39,Semi-Auto,119296.0,Diesel,145.0,35.8,2.5,Green,5,10,0.17798073699034334,False,11929.6
BMW102183,5 Series,2011,12821.4,Automatic,154576.0,Petrol,235.0,41.1,1.5,Red,4,13,0.08294560604492289,False,11890.461538461539
BMW102184,7 Series,2022,63214.03,Manual,20928.0,Diesel,235.0,35.1,2.0,Grey,4,2,3.0205480695718654,True,10464.0
BMW102185,4 Series,2005,3129.15,Automatic,234500.0,Diesel,235.0,43.1,1.5,Black,5,19,0.013343923240938166,False,12342.105263157895
BMW102186,X1,2013,26380.68,Manual,146784.0,Electric,30.0,46.6,2.0,Blue,5,11,0.1797244931327665,False,13344.0
BMW102187,5 Series,2007,10147.26,Manual,209364.0,Petrol,125.0,39.0,3.0,,4,17,0.04846707170287155,False,12315.529411764706
BMW102188,5 Series,2006,8170.92,Semi-Auto,210464.0,diesel,150.0,29.4,2.5,Red,4,18,0.03882336171506766,False,11692.444444444445
BMW102189,5 Series,2009,20096.75,Automatic,167666.0,Hybrid,,46.4,2.5,Grey,4,15,0.11986180859566042,False,11177.733333333334
BMW102190,X3,2012,18229.66,Semi-Auto,147281.0,Petrol,125.0,,2.0,Blue,4,12,0.12377468919955731,False,12273.416666666666
BMW102191,5 Series,2014,32946.52,Automatic,122321.0,ELECTRIC,30.0,30.8,2.0,Black,4,10,0.2693447568283451,False,12232.1
BMW102192,4 Series,2020,36570.61,Semi-Auto,51500.0,Hybrid,150.0,31.9,3.5,White,4,4,0.710108932038835,False,12875.0
BMW102193,4 Series,2021,36354.21,Automatic,43594.0,Petrol,205.0,40.9,2.0,Red,4,3,0.8339269165481488,False,14531.333333333334
BMW102194,4 Series,2016,22933.07,Automatic,104833.0,Diesel,150.0,30.3,1.5,Silver,4,8,0.21875812005761544,False,13104.125
BMW102195,X1,2014,20498.23,Automatic,118125.0,Diesel,145.0,43.8,1.6,Green,3,10,0.17352998941798942,False,11812.5
BMW102196,3 Series,2007,,Manual,191274.0,Diesel,205.0,28.5,2.5,Grey,4,17,,False,11251.411764705883
BMW102197,X4,2009,14463.77,Manual,165972.0,Petrol,125.0,27.5,1.6,Red,5,15,0.08714584387728051,False,11064.8
BMW102198,5 Series,2021,32503.72,Automatic,38475.0,Petrol,150.0,25.5,2.0,White,4,3,0.8448010396361274,False,12825.0
BMW102199,1 Series,2016,24209.3,Semi-Auto,92227.0,Diesel,145.0,42.2,3.0,Grey,4,8,0.2624968826916196,False,11528.375
BMW102200,5 Series,2014,22621.58,Manual,116356.0,Diesel,205.0,,2.5,Silver,3,10,0.19441696173811407,False,11635.6
BMW102201,M4,2017,46036.74,Manual,81406.0,Petrol,125.0,37.0,1.6,Blue,4,7,0.5655202319239367,True,11629.42857142857
BMW102202,1 Series,2020,38279.72,Automatic,53410.0,Hybrid,30.0,42.1,2.5,Grey,5,4,0.7167144729451413,False,13352.5
BMW102203,3 Series,2017,29820.23,Semi-Auto,80906.0,Petrol,125.0,47.7,1.5,Grey,4,7,0.3685787209848466,False,11558.0
BMW102204,3 Series,2015,31637.31,Manual,105949.0,Diesel,145.0,29.1,4.4,,5,9,0.29860885897932027,False,11772.111111111111
BMW102205,5 Series,2010,19031.38,Manual,174125.0,Diesel,20.0,36.7,3.5,Green,4,14,0.10929722900215363,False,12437.5
BMW102206,3 Series,2012,19832.62,Automatic,126913.0,Petrol,125.0,16.6,2.0,Black,4,12,0.15626941290490334,False,10576.083333333334
BMW102207,3 Series,2017,28851.61,Manual,83021.0,Petrol,,35.6,2.0,Silver,2,7,0.3475218318256827,False,11860.142857142857
BMW102208,6 Series,2013,20781.68,Semi-Auto,145771.0,Petrol,125.0,15.0,2.5,Green,5,11,0.14256388444889587,False,13251.90909090909
BMW102209,X4,2018,37227.43,Semi-Auto,64053.0,Petrol,30.0,29.0,3.5,Red,4,6,0.5811972897444304,False,10675.5
BMW102210,X5,2021,70545.42,Automatic,39442.0,Diesel,20.0,,3.5,Green,4,3,1.7885862785862785,True,13147.333333333334
BMW102211,4 Series,2019,27036.13,Manual,64648.0,Diesel,145.0,40.9,1.5,Grey,4,5,0.4182052035639154,False,12929.6
BMW102212,3 Series,2013,25550.3,AUTOMATIC,146029.0,Electric,125.0,41.9,1.5,Red,4,11,0.1749673010155517,False,13275.363636363636
BMW102213,4 Series,2009,15132.5,Automatic,175354.0,Petrol,125.0,38.3,2.0,White,3,15,0.08629686234702373,False,11690.266666666666
BMW102214,M3,2022,61652.52,Manual,20336.0,Petrol,125.0,29.5,1.5,Silver,5,2,3.031693548387097,True,10168.0
BMW102215,X3,2012,20507.68,Semi-Auto,162069.0,Diesel,145.0,42.0,2.5,,4,12,0.12653672201346342,False,13505.75
BMW102216,X1,2019,44000.19,Automatic,61115.0,Petrol,205.0,37.2,4.4,Red,3,5,0.7199572936267692,False,12223.0
BMW102217,2 Series,2023,45482.72,Manual,500.0,Diesel,30.0,40.6,2.0,Blue,5,1,90.96544,False,500.0
BMW102218,4 Series,2021,38225.53,Manual,26645.0,Petrol,30.0,24.1,2.0,Silver,4,3,1.4346230061925314,False,8881.666666666666
BMW102219,5 Series,2005,1500.0,Automatic,244273.0,Hybrid,125.0,47.4,2.0,Grey,4,19,0.006140670479340737,False,12856.473684210527
BMW102220,1 Series,2014,24407.72,Manual,108686.0,Hybrid,150.0,26.2,2.0,Red,3,10,0.22457096590177208,False,10868.6
BMW102221,Z4,2009,19774.01,Semi-Auto,178625.0,Diesel,20.0,31.7,2.0,White,5,15,0.1107012456263121,False,11908.333333333334
BMW102222,X6,2017,49638.63,Semi-Auto,64651.0,Petrol,150.0,39.2,1.5,White,3,7,0.7677936922862755,True,9235.857142857143
BMW102223,i3,2020,32133.02,Semi-Auto,49091.0,  Diesel  ,125.0,48.7,2.0,Red,5,4,0.654560306369803,False,12272.75
BMW102224,1 Series,2013,20103.64,Semi-Auto,127043.0,Diesel,150.0,,2.0,Red,4,11,0.15824279968199742,False,11549.363636363636
BMW102225,3 Series,2015,32375.74,Semi-Auto,115680.0,Hybrid,30.0,39.1,4.4,White,5,9,0.27987327109266946,False,12853.333333333334
BMW102226,4 Series,2017,34131.84,Automatic,76907.0,Diesel,125.0,30.7,3.5,Silver,4,7,0.4438066755951994,False,10986.714285714286
BMW102227,1 Series,2017,29890.94,Automatic,,Petrol,0.0,50.4,2.5,White,4,7,,False,
BMW102228,3 Series,2005,2924.24,Manual,230265.0,Petrol,0.0,41.9,2.0,Black,3,19,0.012699454975788765,False,12119.21052631579
BMW102229,X3,2005,1529.6,Automatic,244286.0,Petrol,0.0,40.9,1.5,White,5,19,0.00626151314442907,False,12857.157894736842
BMW102230,X2,2007,9705.49,Semi-Auto,208118.0,Diesel,235.0,41.2,2.5,Black,4,17,0.046634553474471215,False,12242.235294117647
BMW102231,X3,2015,31300.02,Semi-Auto,106328.0,Hybrid,,33.8,3.0,Silver,4,9,0.29437231961477694,False,11814.222222222223
BMW102232,1 Series,2023,43169.65,Automatic,500.0,Petrol,125.0,33.7,2.0,Grey,5,1,86.33930000000001,False,500.0
BMW102233,3 Series,2016,,Automatic,100373.0,Petrol,235.0,30.2,3.5,Silver,4,8,,False,12546.625
BMW102234,3 Series,2013,23925.12,Semi-Auto,118634.0,Petrol,20.0,48.5,1.5,Blue,4,11,0.20167169614107253,False,10784.90909090909
BMW102235,X7,2015,43039.51,Semi-Auto,113183.0,PETROL,205.0,40.0,2.0,Black,3,9,0.3802647924158222,True,12575.888888888889
BMW102236,6 Series,2008,9155.14,Manual,189785.0,Petrol,145.0,,1.5,,5,16,0.04823953420976368,False,11861.5625
BMW102237,4 Series,2011,14910.13,Semi-Auto,157876.0,Petrol,205.0,40.8,2.0,Blue,4,13,0.09444203045428057,False,12144.307692307691
BMW102238,3 Series,2023,35312.22,Semi-Auto,,Diesel,145.0,44.9,2.0,Green,4,1,,False,
BMW102239,3 Series,2005,6479.26,Semi-Auto,241294.0,Petrol,205.0,24.2,3.5,White,5,19,0.026852138884514327,False,12699.684210526315
BMW102240,4 Series,2008,12981.51,Manual,191682.0,Diesel,205.0,15.9,3.5,Black,5,16,0.06772419945534792,False,11980.125
BMW102241,3 Series,2007,5226.9,Semi-Auto,197078.0,Diesel,150.0,37.2,1.5,White,4,17,0.02652198621865454,False,11592.823529411764
BMW102242,i3,2018,30168.85,Manual,78358.0,Petrol,0.0,44.7,2.0,,5,6,0.3850130171775696,False,13059.666666666666
BMW102243,5 Series,2021,31686.95,Automatic,40803.0,Petrol,150.0,36.2,2.0,Black,4,3,0.7765838296203711,False,13601.0
BMW102244, X1 ,2012,19594.71,Manual,137084.0,Diesel,30.0,38.4,2.0,White,4,12,0.14293943859239588,False,11423.666666666666
BMW102245,3 Series,2018,33932.78,Manual,68042.0,Diesel,0.0,40.0,2.5,Blue,3,6,0.49870344787043297,False,11340.333333333334
BMW102246,X1,2005,13233.35,Manual,227532.0,Petrol,125.0,,4.4,Blue,3,19,0.05816039062637343,False,11975.368421052632
BMW102247,1 Series,2005,14802.91,Semi-Auto,219177.0,Hybrid,235.0,28.2,3.5,Red,4,19,0.06753861034688859,False,11535.631578947368
BMW102248,3 Series,2005,6115.12,Automatic,231818.0,Petrol,,38.1,2.0,Black,2,19,0.02637896970899585,False,12200.947368421053
BMW102249,2 Series,2019,31072.95,Semi-Auto,61603.0,Diesel,20.0,38.4,1.5,Red,3,5,0.5044064412447445,False,12320.6
BMW102250,5 Series,2014,21875.26,  Manual  ,113983.0,Petrol,145.0,45.7,2.0,,4,10,0.19191686479562742,False,11398.3
BMW102251,X3,2020,38861.62,  Automatic  ,44986.0,Petrol,20.0,33.4,2.0,Grey,3,4,0.8638603120970969,False,11246.5
BMW102252,X3,2016,32334.8,Semi-Auto,106206.0,Diesel,125.0,22.4,4.4,White,4,8,0.3044536090239723,False,13275.75
BMW102253,X1,2016,30234.08,Manual,95095.0,Diesel,235.0,,2.0,White,5,8,0.31793553814606446,False,11886.875
BMW102254,i3,2021,,Manual,27000.0,Petrol,150.0,43.3,1.5,,4,3,,False,9000.0
BMW102255,7 Series,2021,56985.65,AUTOMATIC,34915.0,Diesel,30.0,46.1,1.5,Black,5,3,1.632125161105542,True,11638.333333333334
BMW102256,1 Series,2022,38887.99,Semi-Auto,29619.0,Diesel,0.0,44.8,2.0,Red,4,2,1.3129406799689387,False,14809.5
BMW102257,X4,2009,23434.74,Automatic,177350.0,Electric,145.0,29.3,3.0,Silver,3,15,0.13213837045390472,False,11823.333333333334
BMW102258,Z4,2006,4899.57,Manual,223379.0,PETROL,205.0,47.9,2.0,Green,4,18,0.021933888145259848,False,12409.944444444445
BMW102259,X3,2016,33010.81,Semi-Auto,97318.0,diesel,30.0,27.0,2.0,Blue,4,8,0.3392055940319365,False,12164.75
BMW102260,X1,2022,43550.31,Automatic,20463.0,Petrol,150.0,,3.0,Black,3,2,2.1282465914088844,False,10231.5
BMW102261,X1,2023,48506.0,Manual,8680.0,diesel,125.0,,3.5,Grey,4,1,5.588248847926267,False,8680.0
BMW102262,1 Series,2010,18500.29,manual,183303.0,Petrol,145.0,28.9,3.0,Green,4,14,0.10092737161966799,False,13093.07142857143
BMW102263,X3,2006,8370.25,Manual,213501.0,Diesel,125.0,40.6,1.5,Red,5,18,0.039204734404054316,False,11861.166666666666
BMW102264,7 Series,2013,32856.89,Manual,146841.0,Petrol,150.0,46.8,1.6,Silver,4,11,0.2237582827684366,True,13349.181818181818
BMW102265,i3,2011,18803.58,Semi-Auto,156855.0,Petrol,125.0,42.7,2.0,Green,4,13,0.11987874151286221,False,12065.76923076923
BMW102266,M2,2009,22779.45,Semi-Auto,174455.0,Diesel,30.0,41.5,2.0,Blue,5,15,0.13057493336390474,True,11630.333333333334
BMW102267, X1 ,2009,11038.32,  Semi-Auto  ,170920.0,Hybrid,150.0,42.3,2.0,Red,5,15,0.06458179265153288,False,11394.666666666666
BMW102268,6 Series,2006,3524.85,AUTOMATIC,221370.0,Diesel,145.0,36.2,1.5,Blue,5,18,0.015922889280390297,False,12298.333333333334
BMW102269,4 Series,2014,24203.83,Manual,127025.0,Diesel,125.0,36.4,1.6,White,4,10,0.19054382995473335,False,12702.5
BMW102270,5 Series,2011,19281.39,semi-auto,164505.0,Petrol,150.0,39.9,2.5,White,2,13,0.11720853469499407,False,12654.23076923077
BMW102271,1 Series,2013,23019.35,Semi-Auto,132765.0,  Petrol  ,150.0,38.7,2.0,Grey,4,11,0.17338417504613413,False,12069.545454545454
BMW102272,3 Series,2014,22736.15,Automatic,125509.0,petrol,145.0,45.1,2.5,,4,10,0.18115155088479712,False,12550.9
BMW102273,X1,2008,10845.6,Manual,193780.0,Diesel,205.0,21.6,2.5,Green,4,16,0.055968624213025085,False,12111.25
BMW102274,X1,2010,15277.07,Semi-Auto,158885.0,Petrol,30.0,32.4,2.0,Blue,4,14,0.09615174497277905,False,11348.92857142857
BMW102275,1 Series,2014,20454.36,Semi-Auto,114944.0,Diesel,145.0,42.0,2.0,Blue,5,10,0.17795065423162584,False,11494.4
BMW102276,X3,2015,27717.49,  Automatic  ,109845.0,Petrol,125.0,33.8,2.5,Black,5,9,0.2523327415904229,False,12205.0
BMW102277,2 Series,2023,42435.26,Manual,18268.0,Diesel,20.0,39.9,1.6,White,5,1,2.322928618349026,False,18268.0
BMW102278,7 Series,2017,54206.73,Automatic,83731.0,Hybrid,20.0,40.6,3.0,Green,4,7,0.6473914082000694,True,11961.57142857143
BMW102279,4 Series,2023,36801.58,Semi-Auto,17300.0,Petrol,145.0,54.5,1.5,Silver,3,1,2.1272589595375724,False,17300.0
BMW102280,5 Series,2007,6743.21,SEMI-AUTO,222478.0,Diesel,150.0,46.3,1.5,Grey,5,17,0.030309558697938672,False,13086.941176470587
BMW102281,X3,2005,4830.56,Automatic,230729.0,Hybrid,205.0,37.7,2.0,White,3,19,0.020936076522673788,False,12143.631578947368
BMW102282,X3,2023,42218.72,Automatic,12432.0,Petrol,145.0,43.3,2.0,Green,4,1,3.395971685971686,False,12432.0
BMW102283,7 Series,2016,44603.18,Automatic,92452.0,Hybrid,20.0,36.8,2.0,White,4,8,0.4824468913598408,True,11556.5
BMW102284, 4 Series ,2022,33625.46,Automatic,23859.0,Diesel,205.0,39.1,1.5,Grey,4,2,1.4093407100046105,False,11929.5
BMW102285,3 Series,2011,16462.36,Automatic,151546.0,Hybrid,235.0,54.0,2.0,White,5,13,0.10862945904213903,False,11657.384615384615
BMW102286,Z4,2018,45094.18,Semi-Auto,78802.0,Electric,125.0,31.4,2.5,Red,4,6,0.5722466434862059,False,13133.666666666666
BMW102287,8 Series,2011,34559.42,Semi-Auto,158775.0,Petrol,0.0,,3.0,White,3,13,0.2176628562431113,True,12213.461538461539
BMW102288,3 Series,2005,11302.79,Manual,232957.0,Petrol,235.0,26.7,3.5,Green,4,19,0.0485187824362436,False,12260.894736842105
BMW102289,X4,2020,40663.93,Automatic,51749.0,Petrol,145.0,33.8,3.5,Black,5,4,0.7857916094997005,False,12937.25
BMW102290,5 Series,2015,20525.74,Automatic,106741.0,Petrol,125.0,45.7,1.5,Black,2,9,0.19229480705633265,False,11860.111111111111
BMW102291,3 Series,2016,26945.38,Manual,103739.0,Diesel,30.0,36.0,2.0,Silver,3,8,0.2597420449397045,False,12967.375
BMW102292,X3,2007,9798.79,Automatic,210314.0,Diesel,150.0,41.7,3.0,White,4,17,0.04659123976530331,False,12371.411764705883
BMW102293,X1,2022,41983.52,Automatic,23860.0,Petrol,0.0,24.2,2.0,Blue,4,2,1.759577535624476,False,11930.0
BMW102294,3 Series,2006,4851.82,Automatic,212798.0,Diesel,150.0,45.0,1.5,Silver,5,18,0.022800120301882536,False,11822.111111111111
BMW102295,X1,2023,42538.29,Automatic,8094.0,Diesel,205.0,44.9,2.5,Grey,3,1,5.255533728687917,False,8094.0
BMW102296,1 Series,2017,26553.18,Manual,97273.0,Petrol,,32.6,2.0,Green,4,7,0.2729758514695753,False,13896.142857142857
BMW102297,5 Series,2018,33227.63,Semi-Auto,83737.0,Diesel,205.0,33.7,,Black,4,6,0.396809415192806,False,13956.166666666666
BMW102298,X3,2013,31834.8,Automatic,130999.0,Electric,30.0,32.3,3.0,Grey,3,11,0.24301559553889723,False,11909.0
BMW102299,Z4,2022,40161.1,Semi-Auto,27343.0,  Petrol  ,205.0,45.0,2.5,Blue,5,2,1.4687890867863804,False,13671.5
BMW102300,X4,2020,36465.63,Semi-Auto,48719.0,Diesel,145.0,26.6,2.5,White,4,4,0.7484888852398448,False,12179.75
BMW102301,i8,2023,69351.08,Semi-Auto,11014.0,Petrol,125.0,40.2,2.0,Red,4,1,6.29662974396223,False,11014.0
BMW102302,4 Series,2013,21450.46,Automatic,135649.0,Diesel,145.0,37.3,3.0,Grey,5,11,0.15813209091110145,False,12331.727272727272
BMW102303,X6,2020,63742.75,Semi-Auto,50469.0,Petrol,150.0,30.3,3.5,Black,5,4,1.2630079850997642,True,12617.25
BMW102304,1 Series,2011,21306.33,Semi-Auto,144089.0,Hybrid,125.0,40.5,2.0,Red,5,13,0.1478692335986786,False,11083.76923076923
BMW102305,1 Series,2013,16589.34,Automatic,137922.0,Diesel,150.0,38.8,2.0,Red,3,11,0.12028059337886632,False,12538.363636363636
BMW102306,1 Series,2017,29190.88,Automatic,84451.0,Petrol,125.0,31.8,2.0,Silver,4,7,0.3456546399687393,False,12064.42857142857
BMW102307,5 Series,2014,25096.92,Automatic,124789.0,Diesel,20.0,40.5,2.0,Red,4,10,0.20111484185304793,False,12478.9
BMW102308,6 Series,2006,6009.41,Automatic,,Petrol,,42.8,2.0,Blue,2,18,,False,
BMW102309,i8,2007,23140.45,Automatic,199055.0,Hybrid,20.0,34.8,3.0,Blue,4,17,0.11625153851950466,False,11709.117647058823
BMW102310, M4 ,2023,60211.49,Automatic,4375.0,Diesel,205.0,22.1,2.0,Silver,3,1,13.762626285714285,False,4375.0
BMW102311,1 Series,2017,27782.08,Automatic,83921.0,Diesel,125.0,46.6,1.6,Grey,5,7,0.33105039263116504,False,11988.714285714286
BMW102312,5 Series,2007,6465.49,Automatic,194157.0,DIESEL,30.0,43.9,2.0,Green,4,17,0.03330031881415555,False,11421.0
BMW102313,M4,2015,45150.16,Automatic,108215.0,Diesel,125.0,30.2,3.0,Grey,5,9,0.41722644735018255,True,12023.888888888889
BMW102314,X1,2007,15536.76,SEMI-AUTO,193830.0,Petrol,150.0,32.6,3.0,Black,4,17,0.08015663210029407,False,11401.764705882353
BMW102315,X2,2010,12943.35,Manual,161644.0,Diesel,205.0,38.4,1.5,Blue,5,14,0.08007318551879439,False,11546.0
BMW102316,5 Series,2008,9166.8,Semi-Auto,184766.0,Hybrid,145.0,23.1,2.0,Black,4,16,0.0496130240412197,False,11547.875
BMW102317,X1,2008,7904.17,Semi-Auto,190120.0,Petrol,235.0,35.2,2.0,White,4,16,0.041574637071323375,False,11882.5
BMW102318,5 Series,2012,21705.89,Semi-Auto,135671.0,Diesel,125.0,,3.5,Red,5,12,0.15998916496524682,False,11305.916666666666
BMW102319,5 Series,2008,13958.96,Automatic,189367.0,Petrol,150.0,34.5,3.0,Grey,4,16,0.07371379385003722,False,11835.4375
BMW102320,X5,2013,40692.25,Semi-Auto,117271.0,Diesel,150.0,34.1,2.5,Grey,5,11,0.34699328904844334,True,10661.0
BMW102321,5 Series,2018,32727.17,Semi-Auto,66264.0,Petrol,145.0,38.0,2.5,White,4,6,0.4938906495231196,False,11044.0
BMW102322,5 Series,2018,36371.69,Manual,59086.0,Diesel,125.0,30.8,2.5,Grey,5,6,0.6155720475239482,False,9847.666666666666
BMW102323,X5,2005,10692.85,Automatic,221656.0,Petrol,145.0,41.8,1.5,Grey,5,19,0.04824074241166492,True,11666.105263157895
BMW102324,2 Series,2005,5498.49,Automatic,231156.0,Diesel,30.0,45.4,2.0,Silver,3,19,0.023786923116856148,False,12166.105263157895
BMW102325, i3 ,2007,10985.67,Automatic,196772.0,Petrol,205.0,32.2,3.0,Green,5,17,0.05582943711503669,False,11574.823529411764
BMW102326,3 Series,2016,35065.3,Automatic,93844.0,Diesel,20.0,42.5,3.0,Grey,5,8,0.3736552150377222,False,11730.5
BMW102327,X3,2009,15016.11,Semi-Auto,171660.0,Hybrid,125.0,35.8,2.5,Red,5,15,0.08747588255854596,False,11444.0
BMW102328,X4,2005,1989.23,Automatic,229437.0,Diesel,30.0,40.9,2.0,Grey,4,19,0.008670048858728104,False,12075.631578947368
BMW102329,6 Series,2018,32406.08,Semi-Auto,86281.0,Diesel,235.0,29.0,2.0,Silver,5,6,0.3755876728364298,False,14380.166666666666
BMW102330,X3,2016,28571.81,Automatic,77075.0,Petrol,145.0,34.9,2.0,Red,5,8,0.3707013947453779,False,9634.375
BMW102331,3 Series,2022,35989.07,Semi-Auto,16478.0,Diesel,235.0,,1.6,Green,4,2,2.1840678480398106,False,8239.0
BMW102332,2 Series,2017,29648.87,Semi-Auto,81982.0,Petrol,145.0,25.4,3.5,Grey,5,7,0.3616509721646215,False,11711.714285714286
BMW102333,i3,2023,41204.31,Semi-Auto,17848.0,Diesel,125.0,,1.5,,5,1,2.308623375168086,False,17848.0
BMW102334,X6,2022,71258.66,Semi-Auto,18994.0,Petrol,20.0,34.8,3.5,Black,4,2,3.7516405180583345,True,9497.0
BMW102335,i3,2009,15524.1,Automatic,174464.0,  Diesel  ,150.0,,3.0,White,3,15,0.08898168103448276,False,11630.933333333332
BMW102336,M5,2005,16915.45,Automatic,235789.0,Petrol,125.0,41.9,2.0,Green,3,19,0.07173977581651392,True,12409.947368421053
BMW102337,X4,2007,13321.6,Semi-Auto,202955.0,Hybrid,150.0,40.2,2.0,Green,2,17,0.06563819565913627,False,11938.529411764706
BMW102338,X3,2009,11668.7,Manual,183417.0,Diesel,150.0,53.0,1.6,Green,5,15,0.06361842141131957,False,12227.8
BMW102339,X1,2019,33440.87,Semi-Auto,61794.0,Diesel,0.0,41.5,3.0,Green,4,5,0.5411669417742824,False,12358.8
BMW102340,5 Series,2008,10217.59,Automatic,186098.0,Diesel,125.0,52.0,2.0,Black,5,16,0.05490435147073048,False,11631.125
BMW102341,3 Series,2016,23627.51,Semi-Auto,93301.0,Diesel,235.0,46.1,2.5,Blue,4,8,0.25323962229772456,False,11662.625
BMW102342,3 Series,2011,20092.96,Automatic,140637.0,Petrol,30.0,33.4,2.5,Blue,2,13,0.14287107944566507,False,10818.23076923077
BMW102343,X6,2008,22295.87,Manual,190344.0,Hybrid,145.0,43.3,2.0,Silver,2,16,0.1171346089185895,True,11896.5
BMW102344,X1,2006,1500.0,AUTOMATIC,221283.0,Petrol,0.0,44.2,1.5,Green,4,18,0.006778649964073155,False,12293.5
BMW102345, X1 ,2020,37051.5,Semi-Auto,36275.0,Petrol,150.0,29.6,2.0,Silver,5,4,1.021405926946933,False,9068.75
BMW102346,7 Series,2015,42775.7,Automatic,99400.0,Petrol,20.0,44.1,2.0,Blue,5,9,0.43033903420523134,True,11044.444444444445
BMW102347,2 Series,2018,29305.4,Automatic,67358.0,Petrol,205.0,45.4,2.0,Black,4,6,0.43506933103714485,False,11226.333333333334
BMW102348,5 Series,2020,33177.36,Semi-Auto,55232.0,Petrol,150.0,34.1,2.0,Green,4,4,0.6006909038238702,False,13808.0
BMW102349,M4,2006,15071.61,Manual,235478.0,Diesel,30.0,51.2,2.0,Red,5,18,0.06400432312148056,True,13082.111111111111
BMW102350,4 Series,2008,12083.97,Manual,195701.0,Diesel,0.0,31.4,2.0,Green,3,16,0.06174710400049054,False,12231.3125
BMW102351,X3,2015,31563.4,Semi-Auto,113507.0,Petrol,125.0,34.3,3.0,White,5,9,0.2780744799880184,False,12611.888888888889
BMW102352,M5,2010,36417.42,Automatic,168091.0,Electric,205.0,37.4,1.5,Black,4,14,0.21665300343266444,True,12006.5
BMW102353,2 Series,2023,49198.15,Automatic,9183.0,Petrol,145.0,38.6,3.5,Blue,4,1,5.3575247740389855,False,9183.0
BMW102354,3 Series,2014,26796.98,Manual,121447.0,Petrol,125.0,25.0,4.4,Grey,3,10,0.22064752525793144,False,12144.7
BMW102355, X1 ,2007,4408.42,Manual,196539.0,Petrol,20.0,29.1,2.0,Green,5,17,0.02243025557268532,False,11561.117647058823
BMW102356,X3,2011,17454.55,Automatic,,Petrol,205.0,43.4,1.5,Black,4,13,,False,
BMW102357,X3,2021,38914.94,Semi-Auto,23129.0,Diesel,125.0,36.6,2.0,Silver,5,3,1.6825171862164383,False,7709.666666666667
BMW102358,X2,2022,45008.75,Manual,15363.0,Diesel,30.0,20.1,,White,5,2,2.929684957365098,False,7681.5
BMW102359,1 Series,2012,20311.89,Automatic,141378.0,Hybrid,145.0,15.7,2.0,Red,5,12,0.14367079743665917,False,11781.5
BMW102360,5 Series,2010,21485.01,Automatic,151131.0,Diesel,150.0,26.5,3.5,Red,4,14,0.14216150227286262,False,10795.07142857143
BMW102361,X1,2011,9910.87,Semi-Auto,151339.0,Hybrid,205.0,43.5,2.0,Grey,5,13,0.0654878782072037,False,11641.461538461539
BMW102362,5 Series,2005,4269.6,Manual,219338.0,Diesel,150.0,42.1,1.5,White,5,19,0.019465847231213928,False,11544.105263157895
BMW102363,X1,2020,32467.91,Manual,63657.0,Diesel,125.0,35.3,2.0,Black,4,4,0.510044614103712,False,15914.25
BMW102364,3 Series,2022,35817.22,Automatic,13100.0,Petrol,,38.1,2.0,Silver,3,2,2.73413893129771,False,6550.0
BMW102365,X1,2011,15021.5,Manual,156462.0,Hybrid,235.0,36.3,2.0,Silver,4,13,0.09600733724482621,False,12035.538461538461
BMW102366,X1,2016,24233.32,Manual,101916.0,Petrol,235.0,36.8,2.0,Green,5,8,0.23777738529769613,False,12739.5
BMW102367,7 Series,2015,55009.78,Automatic,115668.0,DIESEL,20.0,34.9,4.4,Blue,3,9,0.4755833938513677,True,12852.0
BMW102368,1 Series,2018,34485.39,Automatic,69386.0,Petrol,145.0,30.3,2.5,White,3,6,0.49700789784682786,False,11564.333333333334
BMW102369,5 Series,2007,11486.42,Manual,208594.0,Petrol,145.0,35.5,3.0,Grey,5,17,0.05506591752399398,False,12270.235294117647
BMW102370,X1,2018,34907.81,manual,72307.0,Petrol,205.0,38.3,3.0,Black,3,6,0.48277220739347504,False,12051.166666666666
BMW102371,1 Series,2014,17936.81,AUTOMATIC,129781.0,Diesel,0.0,46.6,1.5,Blue,4,10,0.13820828934898022,False,12978.1
BMW102372,6 Series,2016,28802.44,Automatic,81808.0,  Petrol  ,125.0,26.4,2.0,Black,5,8,0.35207363583023665,False,10226.0
BMW102373,X2,2009,12049.89,Automatic,185638.0,Hybrid,125.0,37.4,2.0,Black,4,15,0.06491068638964005,False,12375.866666666667
BMW102374,1 Series,2006,4929.87,Semi-Auto,218105.0,Hybrid,150.0,16.5,2.0,White,5,18,0.02260319570848903,False,12116.944444444445
BMW102375,X4,2010,23368.09,Manual,153039.0,Petrol,150.0,27.3,4.4,Silver,4,14,0.15269369245747816,False,10931.357142857143
BMW102376,5 Series,2006,8858.01,Automatic,206881.0,Hybrid,0.0,39.0,2.0,Grey,5,18,0.04281693340616103,False,11493.388888888889
BMW102377, X5 ,2019,52772.91,Automatic,66087.0,Petrol,145.0,38.2,2.0,Red,4,5,0.798536928594126,False,13217.4
BMW102378,5 Series,2016,28398.22,Manual,103472.0,Petrol,20.0,36.9,3.0,Grey,4,8,0.2744531854028143,False,12934.0
BMW102379,4 Series,2013,24154.91,Automatic,132094.0,Hybrid,20.0,22.7,3.0,Green,2,11,0.18286152285493665,False,12008.545454545454
BMW102380,3 Series,2013,24508.83,Manual,140283.0,Petrol,150.0,46.5,2.5,,5,11,0.1747099078291739,False,12753.0
BMW102381,2 Series,2006,5907.42,Automatic,211316.0,Petrol,205.0,35.6,2.0,Silver,5,18,0.027955384353290806,False,11739.777777777777
BMW102382,X3,2008,7802.49,Manual,203435.0,Diesel,20.0,33.8,2.0,Grey,3,16,0.03835372477695578,False,12714.6875
BMW102383,3 Series,2011,18605.28,Automatic,160507.0,Petrol,125.0,31.2,2.0,Green,4,13,0.1159156921504981,False,12346.692307692309
BMW102384,7 Series,2011,28621.69,Manual,145779.0,Petrol,125.0,35.0,1.5,White,4,13,0.19633616638884888,True,11213.76923076923
BMW102385,2 Series,2006,11824.36,Automatic,209736.0,Hybrid,150.0,29.6,3.5,Blue,5,18,0.056377350574055005,False,11652.0
BMW102386,X1,2023,40570.03,Automatic,6232.0,Petrol,150.0,50.3,1.5,Black,5,1,6.509953465982028,False,6232.0
BMW102387,5 Series,2017,32787.63,Semi-Auto,67397.0,Petrol,145.0,31.0,2.0,Silver,3,7,0.4864850067510423,False,9628.142857142857
BMW102388,1 Series,2019,30829.79,Semi-Auto,79167.0,Diesel,150.0,31.0,3.0,White,5,5,0.3894272866219511,False,15833.4
BMW102389,1 Series,2020,32853.61,Manual,45370.0,Diesel,145.0,40.1,2.0,Silver,4,4,0.7241262949085299,False,11342.5
BMW102390,3 Series,2013,18884.16,Manual,,Diesel,125.0,30.3,2.0,Green,5,11,,False,
BMW102391,M3,2011,40990.2,Semi-Auto,158229.0,Petrol,125.0,41.3,4.4,Red,2,13,0.2590561780710236,True,12171.461538461539
BMW102392,X1,2012,22339.86,Automatic,148904.0,Petrol,0.0,25.7,2.5,White,4,12,0.1500286090366948,False,12408.666666666666
BMW102393,X5,2015,50034.68,Semi-Auto,107435.0,Hybrid,145.0,30.4,3.0,Silver,4,9,0.4657204821519989,True,11937.222222222223
BMW102394,X1,2023,45024.14,Automatic,18574.0,Petrol,0.0,34.9,2.5,Blue,5,1,2.424041132766232,False,18574.0
BMW102395,5 Series,2021,34797.0,Semi-Auto,31785.0,Petrol,125.0,35.2,1.6,Black,5,3,1.0947616800377538,False,10595.0
BMW102396,7 Series,2009,32466.64,Automatic,187571.0,  Hybrid  ,0.0,28.7,3.5,Blue,4,15,0.1730898699692383,True,12504.733333333334
BMW102397,M4,2020,54170.99,Manual,30086.0,Hybrid,145.0,30.6,2.0,Silver,3,4,1.800538124044406,True,7521.5
BMW102398,3 Series,2012,17585.05,Automatic,146394.0,diesel,145.0,50.5,1.6,Grey,5,12,0.12012138475620585,False,12199.5
BMW102399,1 Series,2020,35041.1,Automatic,27153.0,Diesel,0.0,33.7,2.0,Blue,5,4,1.2905056531506647,False,6788.25
BMW102400,5 Series,2008,13040.51,Semi-Auto,187695.0,  Diesel  ,145.0,35.0,3.0,Red,4,16,0.06947713045099763,False,11730.9375
BMW102401,X3,2009,18547.02,Manual,185324.0,Diesel,20.0,30.7,3.0,Blue,4,15,0.10007888886490687,False,12354.933333333332
BMW102402,3 Series,2013,19444.44,Automatic,128018.0,Diesel,125.0,31.6,2.5,Black,5,11,0.15188832820384632,False,11638.0
BMW102403,3 Series,2020,36189.53,Automatic,33901.0,diesel,150.0,42.1,2.0,Blue,5,4,1.067506268251674,False,8475.25
BMW102404,4 Series,2007,10601.25,Automatic,184154.0,Diesel,125.0,15.0,3.0,Black,4,17,0.05756730779673534,False,10832.588235294117
BMW102405, 1 Series ,2018,30841.49,Manual,83113.0,petrol,20.0,36.1,2.5,Black,4,6,0.3710790129101344,False,13852.166666666666
BMW102406,X3,2021,36615.59,Automatic,41043.0,Diesel,125.0,52.1,2.5,White,4,3,0.8921275247910727,False,13681.0
BMW102407,3 Series,2012,23773.24,Manual,151198.0,Petrol,145.0,30.8,3.0,Red,4,12,0.1572325030754375,False,12599.833333333334
BMW102408,X2,2020,32204.86,Automatic,46967.0,Petrol,145.0,28.1,2.0,Silver,5,4,0.685691230012562,False,11741.75
BMW102409, 3 Series ,2013,14758.12,Automatic,141027.0,Diesel,150.0,42.7,1.5,,5,11,0.10464747885156743,False,12820.636363636364
BMW102410,X5,2005,16092.11,Manual,229801.0,Diesel,145.0,38.5,2.5,Black,4,19,0.07002628361060222,True,12094.78947368421
BMW102411,M5,2017,49383.28,Automatic,70154.0,Petrol,205.0,51.8,2.0,Blue,3,7,0.7039267896342333,True,10022.0
BMW102412,4 Series,2016,23454.33,Semi-Auto,96096.0,Petrol,145.0,35.8,1.5,Green,4,8,0.24407186563436564,False,12012.0
BMW102413,i3,2010,17379.81,Semi-Auto,160506.0,Diesel,145.0,31.8,2.0,Green,4,14,0.10828137265896602,False,11464.714285714286
BMW102414,X1,2019,29283.54,Semi-Auto,48655.0,Petrol,0.0,51.5,1.6,Blue,4,5,0.6018608570547734,False,9731.0
BMW102415,4 Series,2019,33536.64,Manual,70400.0,Diesel,125.0,46.4,2.0,Blue,4,5,0.4763727272727273,False,14080.0
BMW102416,X2,2017,28940.99,Semi-Auto,76683.0,Petrol,205.0,,1.5,Grey,3,7,0.37741076901008047,False,10954.714285714286
BMW102417,Z4,2014,19970.96,Semi-Auto,,Hybrid,125.0,29.4,2.0,Silver,5,10,,False,
BMW102418,5 Series,2009,7703.48,Semi-Auto,190901.0,Petrol,205.0,51.9,1.5,Silver,5,15,0.04035327211486582,False,12726.733333333334
BMW102419,M3,2017,55587.69,Automatic,83651.0,Diesel,,31.7,2.5,Grey,3,7,0.6645191330647572,True,11950.142857142857
BMW102420,X5,2010,38926.07,Automatic,,Diesel,150.0,37.8,3.5,White,5,14,,True,
BMW102421,1 Series,2009,20128.65,Semi-Auto,174796.0,Diesel,145.0,37.7,4.4,Silver,4,15,0.11515509508226733,False,11653.066666666668
BMW102422,X1,2008,8679.16,Manual,192450.0,diesel,150.0,40.1,2.0,White,4,16,0.04509825928812679,False,12028.125
BMW102423,4 Series,2020,42016.71,Manual,65647.0,Diesel,125.0,17.0,3.5,Green,4,4,0.6400400627599129,False,16411.75
BMW102424,4 Series,2022,47345.25,Manual,10884.0,Diesel,30.0,33.5,3.5,Green,4,2,4.349986218302095,False,5442.0
BMW102425,X2,2022,43276.62,Semi-Auto,32461.0,Petrol,125.0,33.2,3.5,Silver,4,2,1.3331881334524507,False,16230.5
BMW102426,1 Series,2015,26174.24,Automatic,115067.0,Diesel,0.0,39.2,2.0,Silver,4,9,0.22746956121216336,False,12785.222222222223
BMW102427,M3,2019,55690.5,Semi-Auto,57797.0,Diesel,150.0,,1.6,Red,4,5,0.9635534716334758,True,11559.4
BMW102428,X5,2015,50039.41,Automatic,107786.0,Petrol,20.0,45.8,2.5,Black,3,9,0.4642477687269219,True,11976.222222222223
BMW102429,2 Series,2015,33171.99,Manual,112858.0,Diesel,125.0,30.2,4.4,Silver,5,9,0.2939267929610661,False,12539.777777777777
BMW102430,i3,2017,38238.69,Automatic,95613.0,Electric,205.0,38.7,2.0,Red,4,7,0.3999319130243796,False,13659.0
BMW102431,5 Series,2007,12296.59,Manual,203222.0,Petrol,205.0,,3.0,Silver,4,17,0.06050816348623673,False,11954.235294117647
BMW102432,X5,2019,58733.06,Semi-Auto,57702.0,Petrol,125.0,58.5,2.0,Silver,4,5,1.017868704724273,True,11540.4
BMW102433,3 Series,2005,8669.23,Semi-Auto,213223.0,Diesel,30.0,47.6,2.0,Black,4,19,0.04065804345685034,False,11222.263157894737
BMW102434, 7 Series ,2009,28784.56,Semi-Auto,177759.0,Diesel,,26.1,2.0,Grey,4,15,0.1619302538830664,False,11850.6
BMW102435,X6,2005,10629.93,Automatic,220689.0,DIESEL,145.0,35.1,1.6,Green,4,19,0.04816701330832076,True,11615.21052631579
BMW102436,1 Series,2011,24032.89,Automatic,156478.0,Petrol,205.0,29.7,3.0,Red,4,13,0.15358638275029077,False,12036.76923076923
BMW102437,X2,2011,23848.7,Automatic,155966.0,Petrol,150.0,32.6,2.0,Green,5,13,0.15290960850441762,False,11997.384615384615
BMW102438,X1,2006,5374.59,Automatic,209354.0,Hybrid,145.0,35.9,3.0,Grey,2,18,0.02567225847129742,False,11630.777777777777
BMW102439,X3,2018,32208.28,Manual,83090.0,Hybrid,150.0,46.4,1.5,Black,4,6,0.3876312432302323,False,13848.333333333334
BMW102440,4 Series,2016,30182.87,Semi-Auto,100258.0,Petrol,150.0,35.6,2.5,Blue,5,8,0.3010519858764388,False,12532.25
BMW102441,X5,2015,49147.17,Semi-Auto,96115.0,Petrol,125.0,31.1,3.0,White,4,9,0.511337148207876,True,10679.444444444445
BMW102442,3 Series,2018,33921.05,Semi-Auto,72664.0,Petrol,235.0,25.7,1.6,Black,4,6,0.4668205713971155,False,12110.666666666666
BMW102443,4 Series,2013,16798.75,Semi-Auto,123349.0,Petrol,145.0,37.4,2.0,White,4,11,0.13618878142506222,False,11213.545454545454
BMW102444,3 Series,2014,18604.38,Semi-Auto,124240.0,Diesel,150.0,41.6,1.6,Blue,5,10,0.14974549259497746,False,12424.0
BMW102445,5 Series,2012,17157.79,Automatic,134550.0,Diesel,145.0,23.7,1.5,Grey,4,12,0.12751980676328503,False,11212.5
BMW102446,2 Series,2017,30085.08,Semi-Auto,82753.0,Petrol,125.0,18.7,3.5,Green,4,7,0.363552741290346,False,11821.857142857143
BMW102447,2 Series,2022,38161.87,Manual,23697.0,Diesel,30.0,48.5,3.0,,5,2,1.6104093345149175,False,11848.5
BMW102448,1 Series,2008,17579.62,Semi-Auto,198326.0,Petrol,125.0,50.7,3.0,Grey,4,16,0.08864001694180289,False,12395.375
BMW102449,X1,2015,30004.01,Automatic,112940.0,Diesel,125.0,29.2,2.5,Black,4,9,0.2656632725340889,False,12548.888888888889
BMW102450,5 Series,2021,38552.93,Semi-Auto,43127.0,Petrol,125.0,37.3,1.5,Silver,4,3,0.8939395274422056,False,14375.666666666666
BMW102451, X1 ,2019,40705.24,Automatic,67908.0,Petrol,150.0,16.5,4.4,Silver,4,5,0.5994174471343582,False,13581.6
BMW102452,5 Series,2012,31005.24,Semi-Auto,123783.0,Petrol,125.0,,3.0,Black,3,12,0.25048059911296383,False,10315.25
BMW102453,7 Series,2012,31744.21,Semi-Auto,141084.0,Diesel,125.0,44.9,1.5,Red,3,12,0.22500219727254683,True,11757.0
BMW102454,X3,2018,36599.98,MANUAL,73200.0,Diesel,125.0,43.6,3.5,Red,4,6,0.49999972677595633,False,12200.0
BMW102455,X1,2022,39752.84,Automatic,12754.0,Petrol,20.0,43.6,2.5,Blue,4,2,3.116891955464952,False,6377.0
BMW102456,X1,2018,38326.31,Manual,76392.0,Hybrid,125.0,45.0,4.4,White,4,6,0.5017058068907738,False,12732.0
BMW102457,X4,2010,21072.62,SEMI-AUTO,169742.0,Petrol,0.0,30.5,3.0,Black,5,14,0.12414499652413663,False,12124.42857142857
BMW102458,M3,2008,33995.3,Automatic,202268.0,Petrol,30.0,27.6,4.4,Blue,4,16,0.1680705796270295,True,12641.75
BMW102459,1 Series,2015,20439.33,Automatic,96924.0,Diesel,145.0,28.8,1.5,Silver,4,9,0.2108799678098304,False,10769.333333333334
BMW102460,M2,2005,16868.68,Semi-Auto,220189.0,Petrol,145.0,24.5,2.0,Red,3,19,0.07661000322450259,True,11588.894736842105
BMW102461,X1,2014,27158.65,Automatic,119419.0,Diesel,125.0,42.1,3.0,Black,4,10,0.22742319061455885,False,11941.9
BMW102462,X5,2008,23842.84,semi-auto,192651.0,Diesel,125.0,53.9,1.6,Green,4,16,0.12376182838396894,True,12040.6875
BMW102463,3 Series,2017,33257.46,Semi-Auto,66760.0,Petrol,145.0,37.3,3.5,Blue,4,7,0.49816446974236067,False,9537.142857142857
BMW102464,3 Series,2011,15365.52,Automatic,138578.0,Petrol,30.0,44.3,2.0,Blue,3,13,0.11087993765244122,False,10659.846153846154
BMW102465,i3,2023,39969.48,Automatic,12036.0,Diesel,125.0,37.1,1.6,,4,1,3.320827517447657,False,12036.0
BMW102466,2 Series,2020,,Semi-Auto,34475.0,Hybrid,205.0,37.4,2.0,Red,4,4,,False,8618.75
BMW102467,i8,2010,31808.64,Semi-Auto,169549.0,Diesel,150.0,37.0,2.5,Green,4,14,0.18760735834478529,False,12110.642857142857
BMW102468,X2,2021,40832.07,Automatic,52665.0,  Petrol  ,145.0,32.5,2.5,Grey,5,3,0.7753170037026488,False,17555.0
BMW102469,2 Series,2021,31886.08,Semi-Auto,42214.0,Diesel,145.0,38.4,2.0,Grey,4,3,0.755343724830625,False,14071.333333333334
BMW102470,4 Series,2013,20197.05,Automatic,123023.0,Petrol,0.0,27.9,3.5,Red,5,11,0.16417295952789315,False,11183.90909090909
BMW102471,3 Series,2005,11018.15,Automatic,228748.0,Electric,205.0,34.1,1.5,Green,5,19,0.04816719709024778,False,12039.368421052632
BMW102472,3 Series,2016,26442.36,Manual,,Diesel,125.0,33.7,1.5,Red,3,8,,False,
BMW102473,X3,2022,45139.11,Automatic,20703.0,Diesel,,43.0,3.0,Grey,4,2,2.1803173453122735,False,10351.5
BMW102474,5 Series,2009,14248.81,Semi-Auto,177092.0,Diesel,145.0,42.8,2.5,Blue,4,15,0.08045993043164004,False,11806.133333333333
BMW102475,7 Series,2015,46665.3,Automatic,95409.0,Diesel,30.0,33.6,3.0,White,3,9,0.4891079457912776,True,10601.0
BMW102476,X3,2005,5605.74,Automatic,224706.0,Diesel,145.0,19.7,2.5,Grey,4,19,0.024946997409949,False,11826.631578947368
BMW102477,1 Series,2008,8298.85,Automatic,194626.0,Petrol,0.0,35.5,2.0,Green,4,16,0.04263998643552249,False,12164.125
BMW102478,1 Series,2013,24466.43,Manual,123403.0,Petrol,205.0,39.8,2.5,Black,5,11,0.19826446682819704,False,11218.454545454546
BMW102479,M4,2017,54993.51,Manual,,Diesel,20.0,32.1,2.5,Blue,2,7,,True,
BMW102480,2 Series,2009,12426.18,Automatic,165476.0,Diesel,125.0,22.4,2.0,White,4,15,0.07509354830912036,False,11031.733333333334
BMW102481,3 Series,2020,35207.01,Automatic,59995.0,Diesel,150.0,27.9,3.0,Silver,5,4,0.5868324027002251,False,14998.75
BMW102482,i8,2005,16183.4,Automatic,246432.0,Diesel,125.0,27.2,3.0,Blue,4,19,0.06567085443448903,False,12970.105263157895
BMW102483,X1,2014,26637.5,Semi-Auto,120792.0,diesel,,39.1,2.5,White,5,10,0.22052371017948208,False,12079.2
BMW102484,8 Series,2018,48408.31,Automatic,68945.0,Petrol,150.0,36.8,2.0,Silver,5,6,0.7021293784901008,True,11490.833333333334
BMW102485,M2,2016,47456.33,Semi-Auto,93808.0,Diesel,145.0,29.9,3.0,White,5,8,0.505887877366536,True,11726.0
BMW102486,4 Series,2015,31007.38,Automatic,115143.0,Petrol,150.0,39.3,3.5,Silver,4,9,0.2692945294112538,False,12793.666666666666
BMW102487,3 Series,2016,27151.47,Automatic,93873.0,Petrol,,34.3,2.0,Black,4,8,0.28923620210284107,False,11734.125
BMW102488,M3,2015,55871.23,Automatic,107689.0,Diesel,145.0,20.7,4.4,,5,9,0.5188202137637085,True,11965.444444444445
BMW102489,X1,2010,17076.43,Automatic,168791.0,Petrol,125.0,24.9,2.0,Green,3,14,0.1011690789200846,False,12056.5
BMW102490,7 Series,2006,14291.19,Manual,225573.0,Petrol,145.0,28.7,2.0,White,4,18,0.06335505579125161,True,12531.833333333334
BMW102491,3 Series,2010,15305.92,Automatic,172710.0,Diesel,205.0,42.7,2.5,,3,14,0.08862208326095768,False,12336.42857142857
BMW102492, 2 Series ,2008,17573.55,Manual,179581.0,Diesel,125.0,23.3,3.5,White,5,16,0.09785862646939264,False,11223.8125
BMW102493,1 Series,2022,42694.13,Automatic,22599.0,Diesel,205.0,42.1,2.0,Silver,5,2,1.88920438957476,False,11299.5
BMW102494, 7 Series ,2015,52423.83,Manual,106544.0,Diesel,145.0,26.0,3.0,Blue,4,9,0.4920392513890975,False,11838.222222222223
BMW102495,1 Series,2019,36167.23,Semi-Auto,73635.0,Diesel,205.0,25.3,3.0,White,5,5,0.49116900930264146,False,14727.0
BMW102496,5 Series,2014,27523.01,Semi-Auto,110657.0,Petrol,150.0,34.2,2.5,,4,10,0.2487236234490362,False,11065.7
BMW102497,X2,2017,26567.89,Semi-Auto,86525.0,Diesel,125.0,31.4,2.0,White,5,7,0.3070544929211211,False,12360.714285714286
BMW102498,4 Series,2018,35162.64,Manual,54244.0,Petrol,20.0,45.0,2.0,Blue,5,6,0.6482309564191431,False,9040.666666666666
BMW102499,3 Series,2018,34153.12,Manual,67635.0,Petrol,0.0,27.3,3.0,Green,4,6,0.5049622237007467,False,11272.5
BMW102500,X3,2016,25852.23,Manual,107233.0,Petrol,20.0,30.7,2.0,Grey,3,8,0.24108464744994546,False,13404.125
BMW102501,8 Series,2014,38259.87,Semi-Auto,127825.0,Diesel,205.0,45.0,2.5,,4,10,0.2993144533541952,True,12782.5
BMW102502,X5,2015,46866.45,AUTOMATIC,117924.0,Diesel,145.0,30.9,2.5,Green,2,9,0.3974292764831586,True,13102.666666666666
BMW102503,2 Series,2017,28717.91,Automatic,116206.0,Hybrid,0.0,26.6,2.0,White,4,7,0.24712932206598626,False,16600.85714285714
BMW102504,7 Series,2005,12134.68,Semi-Auto,220530.0,Petrol,150.0,32.0,2.0,Green,4,19,0.05502507595338503,True,11606.842105263158
BMW102505,2 Series,2020,35922.56,Semi-Auto,53785.0,Petrol,235.0,50.6,2.0,Black,5,4,0.6678917913916519,False,13446.25
BMW102506,6 Series,2006,11193.62,Manual,224998.0,Diesel,145.0,27.2,3.5,Blue,4,18,0.0497498644432395,False,12499.888888888889
BMW102507,1 Series,2011,20829.63,Semi-Auto,160516.0,Electric,235.0,38.2,1.6,Green,4,13,0.1297666899249919,False,12347.384615384615
BMW102508,6 Series,2012,17298.09,Semi-Auto,161147.0,Petrol,30.0,48.4,2.0,Silver,4,12,0.10734354347272987,False,13428.916666666666
BMW102509,3 Series,2021,34792.38,Semi-Auto,30156.0,Petrol,150.0,51.6,1.6,Black,4,3,1.1537465181058495,False,10052.0
BMW102510,Z4,2008,12934.79,Manual,202819.0,Petrol,150.0,54.2,2.0,Grey,4,16,0.06377504079992506,False,12676.1875
BMW102511,3 Series,2022,36312.51,Automatic,20659.0,Diesel,145.0,37.6,1.6,White,2,2,1.7577089888184327,False,10329.5
BMW102512,1 Series,2010,20977.81,Automatic,165693.0,Diesel,125.0,28.8,3.5,Grey,4,14,0.12660649514463496,False,11835.214285714286
BMW102513,3 Series,2011,15517.3,  Manual  ,163172.0,Diesel,205.0,38.5,1.5,Red,4,13,0.09509781089892873,False,12551.692307692309
BMW102514,8 Series,2006,20701.7,Automatic,213135.0,Diesel,0.0,15.0,2.5,Blue,3,18,0.09712951884955545,True,11840.833333333334
BMW102515,5 Series,2019,37567.85,Semi-Auto,55470.0,Diesel,205.0,30.9,3.5,Silver,5,5,0.677264287001983,False,11094.0
BMW102516,X1,2010,17176.04,Semi-Auto,173200.0,Diesel,20.0,36.2,3.0,,5,14,0.0991688221709007,False,12371.42857142857
BMW102517,7 Series,2006,14927.51,Semi-Auto,225185.0,Hybrid,145.0,28.6,2.0,Black,5,18,0.0662899837911051,True,12510.277777777777
BMW102518,X1,2018,32780.08,Automatic,59704.0,Petrol,125.0,36.9,,Grey,5,6,0.5490432801822324,False,9950.666666666666
BMW102519,X1,2007,16393.88,Manual,210494.0,Petrol,235.0,26.0,4.4,White,5,17,0.07788288502285101,False,12382.0
BMW102520,X3,2019,31384.72,Automatic,73286.0,Petrol,150.0,51.6,1.6,Silver,4,5,0.42824987037087575,False,14657.2
BMW102521,5 Series,2009,16997.23,Automatic,182929.0,Diesel,125.0,39.8,3.0,Red,4,15,0.09291708805055512,False,12195.266666666666
BMW102522,X5,2013,35320.85,Manual,140619.0,Diesel,,40.0,1.6,,4,11,0.2511812059536762,True,12783.545454545454
BMW102523,1 Series,2021,39673.04,Automatic,29427.0,Petrol,150.0,29.8,2.5,Silver,4,3,1.348185000169912,False,9809.0
BMW102524,6 Series,2011,11407.69,Manual,155988.0,Diesel,30.0,43.9,1.5,Blue,5,13,0.07313184347513911,False,11999.076923076924
BMW102525,1 Series,2013,20707.33,Manual,130557.0,Petrol,125.0,30.5,2.0,Blue,4,11,0.15860758136292963,False,11868.818181818182
BMW102526,X3,2013,26810.56,Manual,135624.0,Diesel,125.0,28.2,1.6,Grey,4,11,0.19768300595764762,False,12329.454545454546
BMW102527,5 Series,2019,41398.57,Automatic,71519.0,Diesel,0.0,22.3,4.4,Blue,5,5,0.578847159496078,False,14303.8
BMW102528,i3,2022,36240.15,Automatic,24792.0,Petrol,125.0,24.3,1.5,Blue,5,2,1.4617679090029043,False,12396.0
BMW102529,i3,2015,20648.26,Automatic,99989.0,PETROL,145.0,52.8,2.0,Blue,5,9,0.2065053155847143,False,11109.888888888889
BMW102530,4 Series,2014,26911.6,AUTOMATIC,123720.0,Diesel,125.0,28.2,4.4,Green,2,10,0.217520206918849,False,12372.0
BMW102531,X5,2011,26403.8,Automatic,148514.0,Petrol,125.0,36.7,1.6,Black,5,13,0.17778660597654092,True,11424.153846153846
BMW102532,X1,2015,23592.58,Automatic,113609.0,Diesel,20.0,29.8,1.5,Red,4,9,0.20766470966208664,False,12623.222222222223
BMW102533,1 Series,2007,10055.58,Manual,192102.0,Electric,,43.8,1.5,White,5,17,0.05234500421650998,False,11300.117647058823
BMW102534,M5,2010,36984.91,Manual,175057.0,Petrol,20.0,28.5,3.5,Blue,3,14,0.21127352805086344,True,12504.07142857143
BMW102535,X5,2016,51107.0,Semi-Auto,92604.0,Hybrid,20.0,,2.5,Green,4,8,0.5518876074467626,True,11575.5
BMW102536,1 Series,2009,14992.27,Semi-Auto,171678.0,Diesel,20.0,25.2,1.5,Silver,3,15,0.08732784631694218,False,11445.2
BMW102537,5 Series,2008,18087.88,Automatic,184227.0,Hybrid,150.0,51.8,3.5,Black,2,16,0.09818256824461127,False,11514.1875
BMW102538,X1,2017,39219.79,Semi-Auto,87722.0,Petrol,145.0,,4.4,Grey,5,7,0.4470918355714644,False,12531.714285714286
BMW102539, X1 ,2021,38909.23,Manual,52762.0,Petrol,125.0,27.3,3.0,Grey,3,3,0.7374479739206248,False,17587.333333333332
BMW102540,1 Series,2018,40217.78,Semi-Auto,74934.0,Petrol,235.0,29.7,3.0,Silver,5,6,0.5367093709130701,False,12489.0
BMW102541,X5,2014,45527.43,Manual,137058.0,Diesel,145.0,31.7,3.0,Silver,3,10,0.3321763778838156,True,13705.8
BMW102542,X3,2021,42449.81,Manual,39191.0,Diesel,,39.8,3.5,White,3,3,1.083151999183486,False,13063.666666666666
BMW102543, 7 Series ,2020,53246.64,Manual,55761.0,Diesel,125.0,28.1,1.5,Green,5,4,0.9549082692204228,False,13940.25
BMW102544,X1,2008,12458.21,Automatic,202578.0,Hybrid,0.0,45.2,2.0,White,4,16,0.061498336443246544,False,12661.125
BMW102545,7 Series,2009,19027.94,Semi-Auto,180273.0,Petrol,150.0,37.3,2.0,Blue,4,15,0.10555069256072733,True,12018.2
BMW102546,3 Series,2009,23193.58,Automatic,175805.0,Electric,205.0,27.1,3.5,Silver,2,15,0.13192787463382727,False,11720.333333333334
BMW102547,3 Series,2013,19771.3,Automatic,142777.0,Petrol,30.0,43.3,2.0,Silver,5,11,0.1384767854766524,False,12979.727272727272
BMW102548,8 Series,2022,61279.02,Automatic,27236.0,Diesel,,45.8,2.0,White,4,2,2.2499273021001613,True,13618.0
BMW102549,1 Series,2013,18044.15,Automatic,116848.0,Diesel,125.0,59.3,2.0,Grey,4,11,0.154424123647816,False,10622.545454545454
BMW102550,X1,2008,15245.15,Manual,190181.0,Diesel,150.0,40.1,3.0,Black,4,16,0.08016126742419064,False,11886.3125
BMW102551,X1,2022,44753.09,Automatic,12311.0,Petrol,0.0,29.1,3.5,Grey,3,2,3.6352115993826657,False,6155.5
BMW102552,5 Series,2011,23720.12,Manual,160879.0,Petrol,205.0,15.0,4.4,Red,4,13,0.14744074739400417,False,12375.307692307691
BMW102553,i3,2006,8808.28,Semi-Auto,207502.0,Diesel,235.0,29.7,2.0,Green,3,18,0.04244913302040462,False,11527.888888888889
BMW102554,1 Series,2020,35218.62,Automatic,54320.0,Petrol,125.0,42.4,2.5,White,5,4,0.6483545655375553,False,13580.0
BMW102555,4 Series,2005,16253.53,Semi-Auto,227727.0,Diesel,125.0,25.8,4.4,,5,19,0.07137287190363902,False,11985.631578947368
BMW102556,1 Series,2020,39425.64,Automatic,54025.0,Petrol,125.0,32.3,3.0,Grey,5,4,0.7297665895418788,False,13506.25
BMW102557,X2,2005,4946.45,Manual,226319.0,Diesel,145.0,38.2,,Grey,4,19,0.021856096925136643,False,11911.526315789473
BMW102558, 3 Series ,2013,14758.12,Automatic,141027.0,Diesel,150.0,42.7,1.5,,5,11,0.10464747885156743,False,12820.636363636364
BMW102559,1 Series,2005,4119.21,Automatic,233830.0,Petrol,205.0,45.0,2.0,White,2,19,0.01761625967583287,False,12306.842105263158
BMW102560,1 Series,2015,25946.28,Automatic,111750.0,Petrol,30.0,23.5,2.0,Green,5,9,0.2321814765100671,False,12416.666666666666
BMW102561,X3,2023,41481.49,Manual,19227.0,Diesel,205.0,29.1,2.0,White,4,1,2.1574603422270764,False,19227.0
BMW102562,X3,2006,7893.96,automatic,213488.0,Electric,125.0,48.1,1.5,Blue,5,18,0.03697612980589073,False,11860.444444444445
BMW102563,3 Series,2011,17798.68,Automatic,142541.0,Petrol,205.0,47.5,2.0,Black,4,13,0.12486709087209996,False,10964.692307692309
BMW102564,3 Series,2021,38125.33,Semi-Auto,36285.0,Diesel,145.0,22.1,2.5,Green,5,3,1.050718754306187,False,12095.0
BMW102565,2 Series,2014,31195.25,Automatic,116428.0,Electric,30.0,36.4,3.0,White,4,10,0.2679359775998901,False,11642.8
BMW102566,3 Series,2005,14109.05,Automatic,222841.0,petrol,145.0,22.4,4.4,Black,4,19,0.0633144259808563,False,11728.473684210527
BMW102567,5 Series,2006,2820.3,Automatic,208627.0,Petrol,20.0,25.0,2.0,Grey,5,18,0.013518384485229622,False,11590.388888888889
BMW102568,5 Series,2017,31710.6,Automatic,86141.0,Diesel,145.0,26.1,3.5,Grey,2,7,0.36812435425639356,False,12305.857142857143
BMW102569,5 Series,2008,6560.26,Manual,186966.0,Diesel,150.0,31.0,1.5,Green,5,16,0.035087983911513326,False,11685.375
BMW102570,4 Series,2012,20608.75,Automatic,133402.0,Diesel,,40.1,1.5,Black,4,12,0.15448606467669151,False,11116.833333333334
BMW102571,3 Series,2016,30585.05,Automatic,106298.0,Petrol,150.0,25.0,2.5,Silver,4,8,0.28772930817136727,False,13287.25
BMW102572,1 Series,2016,30478.22,Manual,97516.0,Diesel,20.0,27.3,3.0,,5,8,0.3125458386316092,False,12189.5
BMW102573,5 Series,2018,43216.99,Manual,62375.0,Diesel,205.0,41.8,4.4,Green,3,6,0.6928575551102204,False,10395.833333333334
BMW102574,X5,2011,55116.27,Automatic,174743.0,Electric,0.0,31.3,,Black,2,13,0.3154133212775333,True,13441.76923076923
BMW102575,X7,2014,53242.81,Manual,118146.0,Diesel,30.0,21.5,4.4,Red,4,10,0.4506526670390872,True,11814.6
BMW102576,3 Series,2011,20152.1,Semi-Auto,163511.0,Diesel,20.0,44.7,2.5,Red,4,13,0.12324614246136345,False,12577.76923076923
BMW102577,8 Series,2012,36176.08,Manual,147657.0,Diesel,205.0,31.0,3.5,Blue,5,12,0.24500077883202287,True,12304.75
BMW102578,i3,2007,11296.69,Automatic,200363.0,Hybrid,150.0,38.1,3.0,Grey,5,17,0.056381118270339335,False,11786.058823529413
BMW102579,7 Series,2014,36850.48,Automatic,111205.0,Diesel,145.0,39.5,2.5,,5,10,0.3313743087091408,True,11120.5
BMW102580,X3,2008,6473.18,Automatic,193857.0,Petrol,125.0,41.4,2.0,,4,16,0.03339152055381028,False,12116.0625
BMW102581, 1 Series ,2008,6564.71,Semi-Auto,182487.0,Diesel,,48.0,2.0,Silver,4,16,0.03597357619994849,False,11405.4375
BMW102582,X1,2019,35202.7,Automatic,63600.0,Diesel,125.0,28.7,3.5,Black,4,5,0.553501572327044,False,12720.0
BMW102583,X1,2019,34037.35,Automatic,66926.0,Petrol,145.0,36.2,2.0,Grey,5,5,0.5085818665391626,False,13385.2
BMW102584,X3,2005,14164.69,Automatic,237712.0,Petrol,150.0,19.1,4.4,Blue,4,19,0.05958761021740594,False,12511.157894736842
BMW102585,1 Series,2006,11103.18,Manual,217539.0,Diesel,150.0,47.7,2.5,,3,18,0.05103995145698013,False,12085.5
BMW102586,X4,2023,37436.01,Semi-Auto,14019.0,PETROL,205.0,31.3,2.0,,5,1,2.6703766317141024,False,14019.0
BMW102587,1 Series,2005,9310.58,Automatic,225281.0,Diesel,205.0,31.6,3.5,Red,3,19,0.041328740550690024,False,11856.894736842105
BMW102588,X1,2018,31275.94,Manual,61244.0,Diesel,150.0,32.5,3.0,White,3,6,0.5106776173992554,False,10207.333333333334
BMW102589,X3,2009,13763.57,Automatic,165302.0,Diesel,20.0,30.0,2.5,Red,4,15,0.08326317890890612,False,11020.133333333333
BMW102590,M3,2010,28316.26,Manual,167925.0,Diesel,145.0,48.0,1.6,Black,5,14,0.16862444543695101,True,11994.642857142857
BMW102591,3 Series,2010,12553.63,Automatic,165335.0,Petrol,30.0,40.4,1.6,Red,4,14,0.07592844830193243,False,11809.642857142857
BMW102592,8 Series,2012,40653.46,Semi-Auto,133793.0,Diesel,145.0,28.4,2.5,Silver,5,12,0.30385341535057886,True,11149.416666666666
BMW102593,M3,2015,40359.53,Automatic,103339.0,Diesel,125.0,47.0,2.0,Blue,2,9,0.3905546792595245,True,11482.111111111111
BMW102594,X2,2013,23400.68,Automatic,142196.0,Petrol,150.0,39.5,2.5,Green,2,11,0.16456637317505415,False,12926.90909090909
BMW102595,4 Series,2009,6839.97,Semi-Auto,187716.0,Petrol,125.0,46.1,1.6,Black,3,15,0.036437863581154514,False,12514.4
BMW102596,X5,2014,35732.79,Manual,122399.0,Petrol,125.0,34.3,1.5,White,5,10,0.2919369439292805,True,12239.9
BMW102597,1 Series,2006,9602.94,Manual,211694.0,Diesel,235.0,27.3,3.5,Silver,5,18,0.0453623626555311,False,11760.777777777777
BMW102598,4 Series,2015,26347.07,  Manual  ,117567.0,Petrol,30.0,49.9,3.5,Red,3,9,0.22410259681713407,False,13063.0
BMW102599,3 Series,2012,19235.35,MANUAL,158466.0,Petrol,150.0,33.6,2.5,Black,4,12,0.12138471344010701,False,13205.5
BMW102600,X3,2021,39356.64,Automatic,44870.0,Petrol,,29.1,2.5,Blue,3,3,0.8771259193224872,False,14956.666666666666
BMW102601,7 Series,2022,65300.61,Semi-Auto,27028.0,Diesel,125.0,22.4,2.5,Blue,5,2,2.416035592718662,True,13514.0
BMW102602,5 Series,2008,9035.8,Automatic,198219.0,Hybrid,145.0,36.4,2.0,Red,4,16,0.04558493383580787,False,12388.6875
BMW102603,1 Series,2018,25106.24,Manual,62535.0,Petrol,20.0,39.0,2.0,,5,6,0.4014750139921644,False,10422.5
BMW102604,3 Series,2016,31706.33,Manual,112977.0,Petrol,150.0,40.5,3.5,White,4,8,0.2806441134036131,False,14122.125
BMW102605,X1,2008,11472.97,Manual,183840.0,Diesel,125.0,46.4,2.0,Grey,3,16,0.06240736510008703,False,11490.0
BMW102606,X1,2010,19310.73,Automatic,173127.0,Diesel,235.0,32.0,3.5,White,5,14,0.11154083418530905,False,12366.214285714286
BMW102607,X1,2011,21297.96,automatic,164879.0,Petrol,145.0,29.9,2.5,Black,4,13,0.1291732725210609,False,12683.0
BMW102608,3 Series,2005,7227.6,Automatic,238032.0,Diesel,150.0,33.3,3.5,White,3,19,0.030363984674329502,False,12528.0
BMW102609,X3,2018,33457.48,Manual,51108.0,Diesel,30.0,25.7,3.0,White,5,6,0.6546427173827972,False,8518.0
BMW102610,6 Series,2009,12208.94,Automatic,180807.0,Diesel,125.0,51.9,2.0,Grey,4,15,0.06752470866725294,False,12053.8
BMW102611,3 Series,2014,21672.45,Semi-Auto,130943.0,Diesel,30.0,43.0,2.5,Red,5,10,0.1655105656659768,False,13094.3
BMW102612,4 Series,2011,14248.89,Automatic,157450.0,Petrol,125.0,44.4,2.0,Red,5,13,0.09049787234042553,False,12111.538461538461
BMW102613, 3 Series ,2010,17364.52,Semi-Auto,159111.0,Hybrid,20.0,33.3,3.5,Red,4,14,0.109134629283959,False,11365.07142857143
BMW102614,7 Series,2011,30576.78,Automatic,152078.0,Petrol,145.0,49.0,2.0,Grey,3,13,0.20105985086600298,True,11698.307692307691
BMW102615,5 Series,2014,22562.71,manual,117011.0,Diesel,125.0,45.7,1.6,Silver,4,10,0.1928255463161583,False,11701.1
BMW102616,1 Series,2012,20322.38,Automatic,148444.0,Petrol,150.0,42.3,3.0,,5,12,0.13690267036727655,False,12370.333333333334
BMW102617,X1,2021,37175.95,Automatic,30318.0,Diesel,125.0,55.9,2.0,Red,3,3,1.2262006069001912,False,10106.0
BMW102618,3 Series,2013,24752.99,Automatic,124399.0,diesel,125.0,34.8,2.5,Green,5,11,0.1989806188152638,False,11309.0
BMW102619,4 Series,2022,39162.7,Manual,35641.0,Diesel,205.0,38.3,2.0,Silver,4,2,1.0988103588563731,False,17820.5
BMW102620,5 Series,2022,39456.52,Semi-Auto,26039.0,Petrol,125.0,37.2,2.5,Black,4,2,1.5152855332386035,False,13019.5
BMW102621,3 Series,2013,27060.8,Automatic,124567.0,Petrol,125.0,40.9,3.5,Grey,5,11,0.21723891560365105,False,11324.272727272728
BMW102622, M5 ,2009,34058.45,Automatic,175296.0,Hybrid,,21.8,3.5,White,4,15,0.19429108479372031,False,11686.4
BMW102623,7 Series,2011,33103.62,Semi-Auto,168581.0,Diesel,150.0,61.8,2.0,,4,13,0.19636625717014375,True,12967.76923076923
BMW102624,X3,2011,13988.64,Manual,149588.0,Diesel,20.0,35.2,1.6,Red,4,13,0.09351445303099179,False,11506.76923076923
BMW102625,7 Series,2009,25668.32,Semi-Auto,176834.0,Petrol,205.0,46.7,1.5,Grey,4,15,0.14515489102774354,True,11788.933333333332
BMW102626,5 Series,2009,14352.0,  Automatic  ,174659.0,Diesel,30.0,25.4,2.5,Green,5,15,0.0821715456976165,False,11643.933333333332
BMW102627,1 Series,2012,24473.48,Automatic,131043.0,Hybrid,145.0,33.4,3.0,Grey,5,12,0.18675915539174165,False,10920.25
BMW102628,M3,2020,55337.88,Manual,54759.0,Diesel,125.0,33.6,2.0,Green,4,4,1.0105714129184242,True,13689.75
BMW102629,X1,2020,36115.4,Automatic,42625.0,Petrol,235.0,43.2,2.0,,4,4,0.8472821114369502,False,10656.25
BMW102630,X5,2016,49902.81,Semi-Auto,78854.0,  Diesel  ,150.0,39.5,2.0,Green,4,8,0.632850711441398,True,9856.75
BMW102631,3 Series,2006,10714.05,Semi-Auto,217107.0,Petrol,205.0,25.2,3.0,White,4,18,0.04934916884301289,False,12061.5
BMW102632,3 Series,2017,37373.96,Manual,93040.0,Petrol,20.0,,4.4,Blue,2,7,0.40169776440240756,False,13291.42857142857
BMW102633, X7 ,2005,10602.59,Semi-Auto,237261.0,Diesel,20.0,25.4,1.5,Red,3,19,0.044687453900978245,False,12487.421052631578
BMW102634,6 Series,2019,39501.8,Automatic,54869.0,Diesel,125.0,29.5,3.0,Black,4,5,0.7199292861178443,False,10973.8
BMW102635,5 Series,2007,10147.26,Manual,209364.0,Petrol,125.0,39.0,3.0,,4,17,0.04846707170287155,False,12315.529411764706
BMW102636,X1,2016,31043.1,Automatic,96921.0,Diesel,20.0,32.6,3.5,Grey,4,8,0.32029281579843377,False,12115.125
BMW102637,1 Series,2008,10035.68,Manual,177038.0,Petrol,30.0,35.3,2.0,Green,3,16,0.056686587060405115,False,11064.875
BMW102638,M2,2010,21333.21,Semi-Auto,158703.0,Diesel,150.0,38.8,1.6,,4,14,0.1344222226422941,True,11335.92857142857
BMW102639,5 Series,2009,13327.45,Semi-Auto,173407.0,Petrol,30.0,52.9,1.5,Red,4,15,0.07685647061537308,False,11560.466666666667
BMW102640, 5 Series ,2005,3581.49,Automatic,235433.0,Petrol,205.0,45.6,1.5,Red,4,19,0.015212353408400691,False,12391.21052631579
BMW102641,X6,2010,34187.63,Manual,170816.0,Petrol,20.0,31.0,3.5,White,4,14,0.20014301938928436,True,12201.142857142857
BMW102642,3 Series,2015,26256.59,Manual,111507.0,Diesel,125.0,35.8,2.5,Silver,4,9,0.23547032921699984,False,12389.666666666666
BMW102643,2 Series,2012,16986.34,Semi-Auto,154601.0,Diesel,125.0,31.5,2.0,Silver,3,12,0.10987212243129087,False,12883.416666666666
BMW102644,4 Series,2021,33976.17,Automatic,38602.0,Diesel,150.0,37.6,1.5,Green,4,3,0.8801660535723537,False,12867.333333333334
BMW102645,4 Series,2008,21034.07,Automatic,199848.0,Hybrid,235.0,21.3,4.4,Black,4,16,0.10525034025859653,False,12490.5
BMW102646,7 Series,2015,39888.8,Automatic,102698.0,Petrol,145.0,39.7,2.0,White,5,9,0.388408732399852,True,11410.888888888889
BMW102647,i3,2020,40267.47,Manual,57215.0,Diesel,,33.1,3.0,Blue,5,4,0.7037921873634536,False,14303.75
BMW102648,X3,2018,32557.29,Manual,66375.0,Diesel,205.0,46.6,2.0,Black,3,6,0.4905053107344633,False,11062.5
BMW102649,X1,2019,39515.52,Automatic,57608.0,Petrol,150.0,18.0,4.4,White,4,5,0.6859380641577558,False,11521.6
BMW102650,X1,2019,29856.86,Semi-Auto,49189.0,Petrol,145.0,30.0,1.6,Blue,4,5,0.6069824554270263,False,9837.8
BMW102651,3 Series,2018,32499.93,Automatic,,Petrol,150.0,27.0,2.5,Grey,4,6,,False,
BMW102652,X3,2013,27922.86,Automatic,134009.0,Diesel,150.0,33.2,3.5,Black,4,11,0.20836555753718033,False,12182.636363636364
BMW102653,X3,2009,16843.94,Automatic,183045.0,Hybrid,125.0,38.3,3.5,Blue,4,15,0.09202075992242344,False,12203.0
BMW102654,M3,2010,41562.86,Semi-Auto,170843.0,Diesel,20.0,38.6,3.5,Blue,5,14,0.24328102409814858,True,12203.07142857143
BMW102655,X5,2018,50379.29,Semi-Auto,87483.0,Petrol,235.0,39.1,2.0,White,5,6,0.5758751986100157,True,14580.5
BMW102656,3 Series,2012,15121.04,Semi-Auto,166208.0,Petrol,20.0,35.9,1.5,Grey,5,12,0.09097660762418175,False,13850.666666666666
BMW102657,X5,2013,32310.83,Semi-Auto,136324.0,Hybrid,30.0,50.4,1.6,White,4,11,0.23701497902056864,True,12393.09090909091
BMW102658,X1,2011,18400.89,Semi-Auto,165283.0,Petrol,145.0,36.3,2.5,Blue,4,13,0.11132959832529661,False,12714.076923076924
BMW102659,4 Series,2010,18300.08,Manual,158287.0,Diesel,205.0,46.4,2.0,Green,3,14,0.11561328472963668,False,11306.214285714286
BMW102660,5 Series,2020,47957.15,Automatic,39008.0,Electric,235.0,35.9,2.5,Black,5,4,1.2294183244462675,False,9752.0
BMW102661,X3,2015,20757.33,Automatic,110639.0,Petrol,145.0,33.4,2.0,Black,5,9,0.18761313822431513,False,12293.222222222223
BMW102662,2 Series,2017,28548.21,Automatic,95523.0,Diesel,150.0,36.2,2.0,Grey,5,7,0.29886215885179485,False,13646.142857142857
BMW102663,4 Series,2013,23266.9,Manual,141629.0,Petrol,150.0,48.0,2.0,Grey,2,11,0.1642806204943903,False,12875.363636363636
BMW102664,i3,2011,17050.44,Automatic,161058.0,Hybrid,30.0,30.5,2.0,Blue,4,13,0.10586521625749729,False,12389.076923076924
BMW102665,7 Series,2011,30831.28,Manual,148348.0,Petrol,125.0,51.8,2.0,Grey,4,13,0.2078307762827945,True,11411.384615384615
BMW102666,X5,2007,19601.53,Automatic,191709.0,Diesel,145.0,34.9,2.5,Blue,2,17,0.10224626908491515,True,11277.0
BMW102667,X7,2009,39494.14,Semi-Auto,183314.0,Diesel,205.0,37.0,4.4,White,5,15,0.2154453015045223,True,12220.933333333332
BMW102668,3 Series,2018,32359.25,Manual,71209.0,Hybrid,205.0,19.6,3.0,Silver,4,6,0.4544264067744246,False,11868.166666666666
BMW102669,3 Series,2016,29284.6,Automatic,91133.0,Petrol,,45.7,2.5,Grey,4,8,0.3213391416940076,False,11391.625
BMW102670,X5,2015,50039.41,Automatic,107786.0,Petrol,20.0,45.8,2.5,Black,3,9,0.4642477687269219,True,11976.222222222223
BMW102671,6 Series,2023,36938.1,Automatic,500.0,Diesel,145.0,41.5,2.0,Black,5,1,73.8762,False,500.0
BMW102672,1 Series,2013,22290.71,Automatic,129989.0,petrol,235.0,27.5,3.0,Blue,5,11,0.17148150997392086,False,11817.181818181818
BMW102673,X1,2007,1500.0,Manual,219860.0,Petrol,20.0,37.1,1.5,Silver,3,17,0.006822523423997089,False,12932.941176470587
BMW102674,3 Series,2020,38432.96,Automatic,38167.0,Petrol,150.0,31.6,2.5,Red,4,4,1.006968323420756,False,9541.75
BMW102675,5 Series,2023,39151.09,Automatic,5376.0,Petrol,145.0,,1.6,Green,4,1,7.282568824404761,False,5376.0
BMW102676,X3,2019,35248.01,Automatic,71479.0,Diesel,20.0,18.2,2.0,White,3,5,0.49312399445991134,False,14295.8
BMW102677,X3,2012,27329.05,Automatic,145673.0,Diesel,145.0,28.7,3.5,Black,5,12,0.1876054588015624,False,12139.416666666666
BMW102678, X1 ,2016,28605.93,Semi-Auto,94885.0,Diesel,0.0,38.8,2.0,White,5,8,0.3014800021078147,False,11860.625
BMW102679,X1,2015,24747.41,Automatic,100684.0,Hybrid,125.0,30.1,1.5,Grey,2,9,0.24579287672321323,False,11187.111111111111
BMW102680,5 Series,2014,19634.37,Semi-Auto,122433.0,Hybrid,145.0,36.2,2.0,Green,4,10,0.16036828306093945,False,12243.3
BMW102681,3 Series,2022,41437.01,Automatic,18579.0,Diesel,30.0,31.9,3.5,Grey,5,2,2.230314333387158,False,9289.5
BMW102682,X3,2017,33237.54,Manual,80007.0,Diesel,,47.9,3.5,Blue,5,7,0.41543289962128316,False,11429.57142857143
BMW102683,i3,2015,26049.33,Semi-Auto,117503.0,Diesel,20.0,37.4,2.5,Blue,5,9,0.2216907653421615,False,13055.888888888889
BMW102684,3 Series,2020,35347.28,Automatic,50265.0,Petrol,205.0,45.0,1.5,Black,3,4,0.7032185417288371,False,12566.25
BMW102685,4 Series,2020,38176.23,Manual,47938.0,Diesel,125.0,30.0,3.5,Blue,4,4,0.7963667654053153,False,11984.5
BMW102686,X1,2022,37745.88,Automatic,32671.0,Diesel,30.0,35.8,2.0,Red,4,2,1.1553328640078355,False,16335.5
BMW102687,2 Series,2011,16428.44,Semi-Auto,168329.0,Diesel,235.0,,2.5,Black,3,13,0.09759720547261612,False,12948.384615384615
BMW102688, 7 Series ,2008,21270.81,Manual,192108.0,Petrol,30.0,24.7,,Red,2,16,0.1107231869573365,False,12006.75
BMW102689,7 Series,2008,29569.29,Automatic,188638.0,Petrol,145.0,48.8,3.0,Green,4,16,0.15675150287852926,True,11789.875
BMW102690,3 Series,2010,19470.61,Automatic,168004.0,Diesel,125.0,23.0,3.5,Silver,5,14,0.11589372872074474,False,12000.285714285714
BMW102691,5 Series,2007,17401.08,Automatic,208424.0,Petrol,125.0,31.3,4.4,Silver,4,17,0.08348884965263119,False,12260.235294117647
BMW102692,X3,2006,7488.52,Semi-Auto,221328.0,  Petrol  ,20.0,,1.6,Blue,5,18,0.03383448998771055,False,12296.0
BMW102693,X7,2012,33031.38,Automatic,141685.0,Diesel,145.0,44.6,2.0,,4,12,0.23313251226311887,True,11807.083333333334
BMW102694,3 Series,2007,12622.33,Semi-Auto,203120.0,Diesel,150.0,25.8,2.5,Green,2,17,0.06214223119338322,False,11948.235294117647
BMW102695,3 Series,2008,11905.04,Automatic,202397.0,Petrol,150.0,41.8,1.5,Red,4,16,0.058820239430426344,False,12649.8125
BMW102696,X1,2019,33380.47,Semi-Auto,53802.0,Petrol,125.0,44.1,,White,4,5,0.6204317683357496,False,10760.4
BMW102697, 2 Series ,2007,16718.47,Manual,196144.0,Diesel,125.0,32.5,3.5,Green,5,17,0.08523569418386492,False,11537.882352941177
BMW102698,3 Series,2022,41286.38,Automatic,19535.0,Petrol,125.0,23.8,2.0,Grey,5,2,2.113456872280522,False,9767.5
BMW102699,X5,2010,30920.17,Manual,164445.0,Diesel,125.0,41.2,2.0,Silver,4,14,0.18802742558302166,True,11746.07142857143
BMW102700,2 Series,2005,3913.58,Manual,223955.0,Diesel,145.0,60.7,2.0,Silver,3,19,0.01747484985823045,False,11787.105263157895
BMW102701,3 Series,2017,31328.92,Manual,92923.0,Diesel,125.0,28.2,3.5,White,5,7,0.3371492526069972,False,13274.714285714286
BMW102702,X1,2017,32753.92,Automatic,78649.0,Hybrid,145.0,,3.5,Red,4,7,0.41645691617185215,False,11235.57142857143
BMW102703,2 Series,2020,35857.76,Manual,30419.0,Diesel,205.0,59.1,2.5,Grey,2,4,1.1787948321772577,False,7604.75
BMW102704,6 Series,2007,10174.62,Automatic,202755.0,Petrol,20.0,36.5,2.0,White,5,17,0.05018184508396834,False,11926.764705882353
BMW102705,3 Series,2015,25015.26,Automatic,106606.0,Hybrid,145.0,43.9,2.0,Silver,2,9,0.2346515205523141,False,11845.111111111111
BMW102706,7 Series,2007,20801.36,Manual,202478.0,Diesel,125.0,39.0,2.0,Grey,5,17,0.10273392664882111,True,11910.470588235294
BMW102707,4 Series,2007,10443.68,Automatic,202347.0,Petrol,20.0,41.5,2.0,Silver,4,17,0.051612724675927986,False,11902.764705882353
BMW102708,1 Series,2017,29294.17,Automatic,78931.0,Diesel,125.0,36.0,2.0,Blue,5,7,0.3711364356209854,False,11275.857142857143
BMW102709,5 Series,2015,25902.87,Manual,110106.0,Diesel,125.0,34.7,2.5,Black,4,9,0.23525393711514359,False,12234.0
BMW102710,3 Series,2023,40983.26,Automatic,12350.0,Petrol,235.0,27.0,2.5,Grey,2,1,3.3184825910931175,False,12350.0
BMW102711,X3,2005,10471.67,Semi-Auto,227792.0,Diesel,205.0,23.7,3.5,Grey,5,19,0.045970315024232634,False,11989.052631578947
BMW102712,2 Series,2010,10841.97,Semi-Auto,175633.0,Petrol,125.0,41.1,2.0,White,4,14,0.061730825072736896,False,12545.214285714286
BMW102713,4 Series,2016,27096.29,Semi-Auto,91296.0,Petrol,30.0,29.4,3.0,Blue,5,8,0.29679602611286365,False,11412.0
BMW102714,X5,2010,36017.42,Manual,162927.0,Petrol,30.0,32.7,3.0,Grey,4,14,0.22106477133931146,True,11637.642857142857
BMW102715,X3,2007,6366.9,Manual,198261.0,Petrol,145.0,29.8,2.0,Black,3,17,0.03211372887254679,False,11662.411764705883
BMW102716,3 Series,2021,39616.53,Manual,40061.0,Petrol,205.0,40.1,2.5,Blue,5,3,0.988905169616335,False,13353.666666666666
BMW102717,X3,2018,,Automatic,72220.0,Petrol,30.0,33.5,2.0,Silver,3,6,,False,12036.666666666666
BMW102718,X1,2005,7650.06,Automatic,231559.0,Petrol,125.0,42.2,2.0,Blue,4,19,0.03303719570390268,False,12187.315789473685
BMW102719, X4 ,2005,15313.49,Manual,229788.0,Hybrid,145.0,27.8,4.4,Grey,5,19,0.06664181767542256,False,12094.105263157895
BMW102720, i3 ,2023,42092.39,Manual,11690.0,Diesel,145.0,42.4,1.5,Silver,4,1,3.6007177074422585,False,11690.0
BMW102721,1 Series,2021,36032.8,Automatic,42067.0,Petrol,125.0,53.6,1.5,Black,4,3,0.8565573965341005,False,14022.333333333334
BMW102722,5 Series,2016,24985.43,Automatic,104952.0,Diesel,125.0,31.6,2.0,Red,3,8,0.23806530604466805,False,13119.0
BMW102723,X3,2009,7569.0,Automatic,168330.0,Petrol,150.0,50.8,1.5,Blue,4,15,0.04496524683657102,False,11222.0
BMW102724,6 Series,2020,,Automatic,55395.0,Petrol,145.0,39.5,2.0,Black,4,4,,False,13848.75
BMW102725,X2,2020,34840.37,Automatic,53954.0,  Petrol  ,0.0,36.6,1.6,Green,4,4,0.6457421136523706,False,13488.5
BMW102726,3 Series,2017,32056.26,Semi-Auto,76081.0,Diesel,145.0,35.4,2.0,Blue,4,7,0.4213438309170489,False,10868.714285714286
BMW102727,3 Series,2009,12845.81,MANUAL,187169.0,Petrol,205.0,46.7,,Green,5,15,0.06863214528046845,False,12477.933333333332
BMW102728,5 Series,2005,1500.0,Automatic,235947.0,Diesel,150.0,26.3,2.0,Blue,4,19,0.00635735991557426,False,12418.263157894737
BMW102729,X2,2011,18216.48,Semi-Auto,158791.0,Diesel,30.0,38.2,2.0,Red,4,13,0.11471985188077409,False,12214.692307692309
BMW102730,X6,2013,51222.86,Manual,124225.0,Petrol,,25.0,4.4,Black,5,11,0.41233938418192795,True,11293.181818181818
BMW102731, 5 Series ,2013,17663.49,Manual,122446.0,Petrol,150.0,32.1,2.0,Green,2,11,0.1442553452134002,False,11131.454545454546
BMW102732, 5 Series ,2017,32019.99,Automatic,68044.0,Diesel,125.0,,3.0,Grey,5,7,0.4705777144200812,False,9720.57142857143
BMW102733,4 Series,2022,44394.76,Semi-Auto,19986.0,Hybrid,150.0,28.4,3.5,,4,2,2.2212929050335237,False,9993.0
BMW102734,X3,2016,33271.3,Automatic,90965.0,Diesel,150.0,36.0,3.5,Green,5,8,0.3657593579948332,False,11370.625
BMW102735,X4,2022,36709.79,Semi-Auto,21783.0,PETROL,125.0,29.9,1.5,Black,5,2,1.6852495064958912,False,10891.5
BMW102736,3 Series,2011,16035.8,Manual,143844.0,Petrol,,45.9,1.6,Blue,4,13,0.11148049275604126,False,11064.923076923076
BMW102737,5 Series,2014,23749.66,Automatic,108544.0,Petrol,30.0,51.4,1.5,Red,4,10,0.21880214475235849,False,10854.4
BMW102738,X3,2019,32898.48,Semi-Auto,63295.0,Petrol,20.0,40.5,2.0,Red,4,5,0.519764278379019,False,12659.0
BMW102739,X3,2017,27054.56,Semi-Auto,95859.0,Petrol,150.0,39.1,2.0,Silver,4,7,0.28223286285064525,False,13694.142857142857
BMW102740,X5,2017,48107.73,Semi-Auto,68913.0,Diesel,145.0,42.6,2.0,Grey,4,7,0.6980936833398633,True,9844.714285714286
BMW102741,3 Series,2018,31649.36,Automatic,58427.0,Petrol,235.0,30.2,2.0,Silver,5,6,0.5416906567169288,False,9737.833333333334
BMW102742,i3,2006,3507.5,Automatic,210680.0,Petrol,145.0,42.4,,Red,5,18,0.016648471615720525,False,11704.444444444445
BMW102743,1 Series,2007,10042.47,Manual,185926.0,Petrol,30.0,40.9,2.0,Grey,4,17,0.054013263341329346,False,10936.823529411764
BMW102744,X2,2021,35147.88,Automatic,47384.0,Petrol,205.0,44.8,2.0,White,5,3,0.7417668411278068,False,15794.666666666666
BMW102745,4 Series,2020,32635.08,Manual,53023.0,Diesel,205.0,,2.0,Green,4,4,0.615489127359825,False,13255.75
BMW102746,3 Series,2006,8261.67,Automatic,213199.0,Diesel,145.0,38.2,3.0,Grey,3,18,0.03875097913217229,False,11844.388888888889
BMW102747,3 Series,2005,9067.85,Manual,205363.0,Petrol,145.0,35.8,2.5,Black,4,19,0.04415522757263967,False,10808.578947368422
BMW102748,i3,2021,36979.73,Automatic,39223.0,Petrol,,41.2,2.0,Red,5,3,0.9428072814420111,False,13074.333333333334
BMW102749,1 Series,2019,31804.95,automatic,72686.0,Petrol,125.0,,1.6,Blue,4,5,0.4375663814214567,False,14537.2
BMW102750,8 Series,2008,30996.12,Semi-Auto,195197.0,Diesel,145.0,26.8,3.5,Grey,5,16,0.15879403884281007,True,12199.8125
BMW102751,3 Series,2019,33646.34,Automatic,66666.0,Petrol,125.0,38.6,1.6,Red,3,5,0.5047001470014699,False,13333.2
BMW102752,1 Series,2005,8140.22,SEMI-AUTO,213534.0,Diesel,145.0,36.0,2.5,Black,4,19,0.0381214232862214,False,11238.631578947368
BMW102753,3 Series,2022,37801.84,Manual,28957.0,Petrol,205.0,41.9,1.6,Silver,4,2,1.3054473875056116,False,14478.5
BMW102754,Z4,2006,10243.2,Semi-Auto,209249.0,Hybrid,0.0,27.1,2.5,Blue,4,18,0.04895220526740869,False,11624.944444444445
BMW102755,X3,2009,14291.37,Manual,196882.0,Diesel,30.0,20.0,3.0,Grey,4,15,0.07258850478967098,False,13125.466666666667
BMW102756,1 Series,2008,11700.62,Automatic,201693.0,Diesel,150.0,26.8,3.5,,5,16,0.05801202818144408,False,12605.8125
BMW102757,X1,2008,8190.35,Automatic,199730.0,Hybrid,145.0,38.0,1.5,Blue,4,16,0.041007109597957246,False,12483.125
BMW102758,8 Series,2010,26804.92,Automatic,180317.0,Petrol,235.0,35.7,,Blue,5,14,0.14865442526217715,True,12879.785714285714
BMW102759,7 Series,2013,42779.85,Automatic,128732.0,Diesel,30.0,41.4,3.0,Black,4,11,0.33231713948357827,True,11702.90909090909
BMW102760,3 Series,2022,37246.97,Automatic,24554.0,Petrol,,20.1,3.5,Black,4,2,1.5169410279384214,False,12277.0
BMW102761,5 Series,2006,7684.96,Automatic,215422.0,Petrol,125.0,32.0,1.5,Blue,4,18,0.03567397944499633,False,11967.888888888889
BMW102762,5 Series,2005,10136.3,Manual,226710.0,Diesel,150.0,27.3,3.5,Silver,3,19,0.04471042300736624,False,11932.105263157895
BMW102763,5 Series,2007,12695.81,Automatic,202493.0,Diesel,0.0,52.6,2.5,White,4,17,0.06269752534655519,False,11911.35294117647
BMW102764,X5,2015,,Automatic,114183.0,Diesel,20.0,19.0,4.4,Black,5,9,,True,12687.0
BMW102765,X3,2021,33191.13,Semi-Auto,34589.0,Diesel,20.0,45.0,1.5,Blue,4,3,0.9595862846569718,False,11529.666666666666
BMW102766,5 Series,2013,22745.84,Manual,130623.0,Diesel,20.0,35.2,3.5,Green,4,11,0.17413349869471687,False,11874.818181818182
BMW102767,X1,2006,13962.06,Semi-Auto,214347.0,Hybrid,145.0,35.3,3.5,White,4,18,0.06513765063191927,False,11908.166666666666
BMW102768,i3,2011,18170.78,Automatic,157381.0,Diesel,30.0,18.0,3.0,White,5,13,0.11545726612488165,False,12106.23076923077
BMW102769,X7,2021,56516.09,Manual,42104.0,Hybrid,125.0,43.2,2.0,Silver,5,3,1.3422974064221926,True,14034.666666666666
BMW102770,3 Series,2018,36307.66,Semi-Auto,78999.0,Petrol,205.0,35.3,2.5,White,5,6,0.45959645058798215,False,13166.5
BMW102771,5 Series,2019,32587.4,Manual,59681.0,Diesel,30.0,31.3,2.5,Blue,5,5,0.546026373552722,False,11936.2
BMW102772,3 Series,2020,37051.97,Automatic,45442.0,Diesel,145.0,30.8,3.0,Black,3,4,0.8153683816733419,False,11360.5
BMW102773,3 Series,2022,36302.02,Automatic,22059.0,Diesel,20.0,23.6,2.0,Black,5,2,1.64567840790607,False,11029.5
BMW102774,X6,2007,20509.39,Automatic,212850.0,  Diesel  ,150.0,38.5,2.0,Grey,5,17,0.09635607235142118,True,12520.588235294117
BMW102775,3 Series,2013,17855.64,Automatic,139941.0,Petrol,125.0,51.3,2.5,Green,5,11,0.12759405749565889,False,12721.90909090909
BMW102776,1 Series,2010,20998.95,Manual,165988.0,Diesel,125.0,30.1,4.4,,4,14,0.1265088440128202,False,11856.285714285714
BMW102777,7 Series,2017,57391.75,Semi-Auto,92848.0,Hybrid,205.0,25.2,3.0,Black,4,7,0.6181258616232983,True,13264.0
BMW102778,X4,2021,42182.65,Semi-Auto,33131.0,Petrol,125.0,43.6,3.0,Red,4,3,1.273207871781715,False,11043.666666666666
BMW102779,3 Series,2022,39512.72,Automatic,14219.0,Petrol,,36.9,2.0,Black,5,2,2.7788677122160492,False,7109.5
BMW102780,X1,2010,14971.22,Semi-Auto,162517.0,Petrol,150.0,49.0,1.5,Silver,5,14,0.09212094734704676,False,11608.357142857143
BMW102781,M2,2018,53852.91,Manual,73710.0,Diesel,145.0,37.9,2.5,Silver,4,6,0.7306052096052097,True,12285.0
BMW102782,X3,2017,30171.41,Manual,94609.0,Petrol,150.0,34.5,2.0,Black,5,7,0.3189063408343815,False,13515.57142857143
BMW102783,1 Series,2021,44125.67,Manual,34524.0,Petrol,20.0,33.2,3.0,White,4,3,1.2781158034990152,False,11508.0
BMW102784,X3,2012,32945.73,Manual,,Electric,150.0,23.9,3.5,Grey,4,12,,False,
BMW102785,X4,2015,31351.72,Automatic,114716.0,Petrol,150.0,35.9,3.0,Grey,5,9,0.27329858084312564,False,12746.222222222223
BMW102786,3 Series,2020,34924.8,Automatic,39276.0,Petrol,20.0,40.9,1.5,,3,4,0.8892147876565842,False,9819.0
BMW102787,5 Series,2009,12851.67,Automatic,183499.0,Petrol,205.0,25.6,3.5,Black,4,15,0.07003673044539753,False,12233.266666666666
BMW102788,5 Series,2014,21774.84,  Automatic  ,120932.0,Hybrid,145.0,44.0,2.0,Blue,3,10,0.1800585452981841,False,12093.2
BMW102789,3 Series,2009,8446.57,Semi-Auto,164377.0,Diesel,125.0,36.9,2.0,Green,4,15,0.05138535196529928,False,10958.466666666667
BMW102790,X4,2009,13130.05,Manual,,Diesel,0.0,21.2,2.0,Grey,5,15,,False,
BMW102791,X2,2008,9862.02,Semi-Auto,201320.0,Diesel,205.0,36.8,1.5,Grey,4,16,0.04898678720445063,False,12582.5
BMW102792,5 Series,2006,3032.79,Semi-Auto,199412.0,Petrol,125.0,32.9,1.6,Black,5,18,0.015208663470603574,False,11078.444444444445
BMW102793,X6,2011,27833.93,Semi-Auto,154421.0,Petrol,235.0,23.5,2.0,Red,4,13,0.18024705189061074,True,11878.538461538461
BMW102794,Z4,2008,14398.13,Automatic,198362.0,Diesel,125.0,43.4,,Blue,3,16,0.07258512215041187,False,12397.625
BMW102795,4 Series,2014,21166.64,Automatic,111111.0,Petrol,,44.5,2.0,White,4,10,0.1904999504999505,False,11111.1
BMW102796,2 Series,2006,6613.36,AUTOMATIC,210838.0,Petrol,150.0,35.2,2.0,Silver,4,18,0.031367021125224104,False,11713.222222222223
BMW102797,X4,2023,37790.83,Automatic,13656.0,Diesel,150.0,49.4,2.0,Black,5,1,2.767342560046866,False,13656.0
BMW102798,3 Series,2012,25058.11,Semi-Auto,126872.0,Diesel,20.0,43.2,1.6,Silver,4,12,0.19750701494419573,False,10572.666666666666
BMW102799,X3,2006,9396.41,Automatic,205814.0,Petrol,30.0,36.0,2.5,Grey,4,18,0.04565486312884449,False,11434.111111111111
BMW102800,1 Series,2006,3208.15,Automatic,233172.0,Diesel,145.0,37.1,1.5,Silver,4,18,0.013758727462988696,False,12954.0
BMW102801,X1,2006,13962.06,Semi-Auto,214347.0,Hybrid,145.0,35.3,3.5,White,4,18,0.06513765063191927,False,11908.166666666666
BMW102802,4 Series,2014,30953.61,Semi-Auto,118400.0,Petrol,205.0,27.4,4.4,White,3,10,0.2614325168918919,False,11840.0
BMW102803,1 Series,2012,16420.96,Manual,148867.0,Petrol,125.0,35.0,1.6,Blue,2,12,0.1103062465153459,False,12405.583333333334
BMW102804,8 Series,2008,25697.42,Automatic,180758.0,Diesel,125.0,39.7,2.0,Red,4,16,0.14216477279013928,True,11297.375
BMW102805,7 Series,2008,29564.61,Automatic,186995.0,Diesel,150.0,28.3,3.5,White,5,16,0.15810374608946764,True,11687.1875
BMW102806,3 Series,2011,14643.17,Automatic,157921.0,Petrol,145.0,40.2,1.5,White,4,13,0.0927246534659735,False,12147.76923076923
BMW102807,M3,2020,54590.73,Automatic,33031.0,Diesel,145.0,52.3,1.5,Red,4,4,1.6527119978202296,True,8257.75
BMW102808,X1,2022,42776.24,Automatic,32331.0,Diesel,125.0,36.5,1.6,Green,3,2,1.323071974266184,False,16165.5
BMW102809,4 Series,2019,29107.72,Manual,63741.0,Diesel,125.0,26.3,1.6,White,4,5,0.4566561553787986,False,12748.2
BMW102810,4 Series,2015,26711.93,Automatic,115268.0,Petrol,30.0,23.0,2.5,White,2,9,0.2317376028039005,False,12807.555555555555
BMW102811,3 Series,2014,25928.66,Automatic,113736.0,Diesel,125.0,38.9,3.5,Silver,5,10,0.22797232186818597,False,11373.6
BMW102812,M5,2016,58089.96,Automatic,94280.0,Petrol,125.0,30.3,4.4,Green,2,8,0.616142978362325,True,11785.0
BMW102813,1 Series,2021,41672.21,Manual,40719.0,Diesel,30.0,29.1,3.0,Silver,3,3,1.02340946486898,False,13573.0
BMW102814, X3 ,2005,5361.95,Manual,216992.0,Diesel,20.0,38.9,2.0,Silver,4,19,0.024710357985547854,False,11420.631578947368
BMW102815,X1,2022,46874.64,Automatic,32421.0,Diesel,150.0,32.3,3.5,Blue,5,2,1.445811048394559,False,16210.5
BMW102816,3 Series,2013,22671.67,Automatic,122191.0,Petrol,,28.2,2.5,,5,11,0.18554287959014984,False,11108.272727272728
BMW102817,M5,2012,32462.87,Automatic,135687.0,Petrol,125.0,36.5,1.5,Grey,2,12,0.2392481962162919,True,11307.25
BMW102818,3 Series,2011,13790.4,Automatic,,Petrol,145.0,30.8,2.0,Blue,3,13,,False,
BMW102819,3 Series,2007,11053.43,Manual,202976.0,Diesel,20.0,37.0,,Red,5,17,0.054456832334857326,False,11939.764705882353
BMW102820,M3,2018,46565.93,Automatic,75942.0,Hybrid,145.0,37.6,,Black,2,6,0.6131775565563193,True,12657.0
BMW102821,1 Series,2019,29410.38,Semi-Auto,67614.0,Petrol,125.0,35.9,2.0,Green,3,5,0.4349747093797143,False,13522.8
BMW102822,6 Series,2005,4297.17,Semi-Auto,241426.0,Diesel,20.0,25.7,2.5,White,4,19,0.01779911857049365,False,12706.631578947368
BMW102823,1 Series,2016,34003.28,Manual,93193.0,Diesel,125.0,,4.4,Grey,5,8,0.36486946444475443,False,11649.125
BMW102824,X2,2017,31388.38,Manual,87094.0,Petrol,150.0,31.9,2.5,Red,5,7,0.3603965830022734,False,12442.0
BMW102825,3 Series,2021,37496.47,Semi-Auto,39080.0,Petrol,150.0,35.7,2.0,White,4,3,0.9594797850562948,False,13026.666666666666
BMW102826,5 Series,2021,37604.75,Automatic,42163.0,Petrol,205.0,45.8,2.5,Green,5,3,0.8918898085999573,False,14054.333333333334
BMW102827,3 Series,2010,13886.72,AUTOMATIC,181152.0,Petrol,30.0,33.8,2.0,White,3,14,0.07665783430489312,False,12939.42857142857
BMW102828,5 Series,2018,31358.77,Manual,60431.0,DIESEL,150.0,38.9,2.0,White,4,6,0.5189186013800864,False,10071.833333333334
BMW102829,X4,2009,17443.74,Automatic,179118.0,Diesel,205.0,33.3,3.0,Silver,5,15,0.09738686229189697,False,11941.2
BMW102830,X4,2023,40565.0,Semi-Auto,24223.0,Diesel,0.0,30.6,1.5,Grey,4,1,1.6746480617594848,False,24223.0
BMW102831,X1,2007,22998.41,Automatic,204398.0,Petrol,145.0,36.8,4.4,Red,4,17,0.11251778393134962,False,12023.411764705883
BMW102832,X1,2013,19528.96,Manual,118729.0,Hybrid,145.0,31.4,1.6,Red,3,11,0.1644834876062293,False,10793.545454545454
BMW102833,1 Series,2012,18676.85,Semi-Auto,133476.0,Diesel,205.0,44.9,2.5,Silver,4,12,0.13992665348077557,False,11123.0
BMW102834,7 Series,2006,16320.85,Automatic,214284.0,Hybrid,125.0,42.3,2.5,Red,4,18,0.07616457598327453,True,11904.666666666666
BMW102835,3 Series,2015,19462.73,Automatic,93403.0,Petrol,20.0,37.0,1.6,Red,3,9,0.20837371390640558,False,10378.111111111111
BMW102836,X3,2008,19041.57,Manual,193583.0,Petrol,125.0,23.1,4.4,White,5,16,0.09836385426406244,False,12098.9375
BMW102837,2 Series,2016,30342.62,Automatic,95457.0,Diesel,30.0,34.0,,Red,5,8,0.31786689294656234,False,11932.125
BMW102838,3 Series,2005,1500.0,Semi-Auto,233956.0,Diesel,125.0,42.9,1.6,Grey,5,19,0.006411461984304741,False,12313.473684210527
BMW102839,X1,2016,22516.64,Automatic,87680.0,Diesel,125.0,42.6,2.0,Grey,4,8,0.2568047445255474,False,10960.0
BMW102840,7 Series,2015,53963.36,Manual,113878.0,Hybrid,205.0,43.1,4.4,Blue,3,9,0.47386993097876673,True,12653.111111111111
BMW102841,3 Series,2008,19586.31,Semi-Auto,177979.0,Petrol,145.0,29.3,3.0,Red,3,16,0.11004843268026004,False,11123.6875
BMW102842,5 Series,2008,15273.84,Manual,180370.0,Diesel,20.0,37.4,3.0,Black,5,16,0.08468060098686034,False,11273.125
BMW102843,X3,2017,33237.54,Manual,80007.0,Diesel,,47.9,3.5,Blue,5,7,0.41543289962128316,False,11429.57142857143
BMW102844,1 Series,2021,35881.05,Automatic,41298.0,Diesel,205.0,38.5,2.0,Green,5,3,0.8688326311201512,False,13766.0
BMW102845,5 Series,2018,34622.44,Semi-Auto,80806.0,Petrol,125.0,26.7,3.0,,5,6,0.4284637279409945,False,13467.666666666666
BMW102846,X6,2009,21127.6,Manual,205807.0,Petrol,145.0,27.4,2.0,White,5,15,0.10265734401648145,True,13720.466666666667
BMW102847,5 Series,2014,21147.93,Semi-Auto,136070.0,Diesel,150.0,21.5,2.5,,5,10,0.15541948996839863,False,13607.0
BMW102848, X1 ,2008,13769.58,Manual,192721.0,Hybrid,125.0,,2.0,Grey,3,16,0.0714482594008956,False,12045.0625
BMW102849,X1,2010,14961.59,Automatic,161254.0,Diesel,145.0,30.3,,White,4,14,0.09278275267590261,False,11518.142857142857
BMW102850,3 Series,2018,27499.42,Manual,68072.0,Petrol,235.0,54.3,1.6,Silver,4,6,0.40397549653308257,False,11345.333333333334
BMW102851,6 Series,2006,9426.16,Manual,208913.0,Diesel,145.0,43.8,2.0,Silver,4,18,0.04512002603954756,False,11606.277777777777
BMW102852,3 Series,2008,7160.03,Automatic,184444.0,Diesel,0.0,40.3,1.5,Black,5,16,0.03881953330008024,False,11527.75
BMW102853,3 Series,2008,12503.99,Semi-Auto,188126.0,Petrol,,34.3,2.0,Black,4,16,0.06646603871873107,False,11757.875
BMW102854,3 Series,2019,29709.51,Manual,67935.0,Hybrid,235.0,35.9,2.0,White,5,5,0.4373225877677191,False,13587.0
BMW102855,X5,2017,58237.83,Manual,80004.0,Diesel,150.0,,3.0,Red,4,7,0.7279364781760912,True,11429.142857142857
BMW102856,6 Series,2014,27780.91,Manual,118906.0,Petrol,20.0,32.2,3.5,Grey,4,10,0.2336375792642928,False,11890.6
BMW102857,1 Series,2012,19498.91,Automatic,138418.0,Petrol,20.0,40.5,2.0,Red,4,12,0.1408697568235345,False,11534.833333333334
BMW102858,2 Series,2012,19517.93,Manual,134197.0,Diesel,150.0,40.2,2.0,Silver,4,12,0.14544237203514238,False,11183.083333333334
BMW102859,3 Series,2013,21509.53,Automatic,120333.0,Petrol,125.0,35.0,2.5,Red,4,11,0.17875005193920204,False,10939.363636363636
BMW102860,2 Series,2022,39593.4,Automatic,22334.0,Petrol,205.0,24.6,2.0,White,4,2,1.772785886988448,False,11167.0
BMW102861,7 Series,2021,61545.72,Automatic,45337.0,Petrol,145.0,29.7,2.5,,5,3,1.357516377351832,True,15112.333333333334
BMW102862, Z4 ,2022,50405.14,Automatic,24408.0,  Hybrid  ,0.0,39.4,4.4,Red,2,2,2.0651073418551293,False,12204.0
BMW102863, 6 Series ,2005,12263.49,Automatic,226748.0,Diesel,30.0,35.3,3.0,,5,19,0.05408422566020428,False,11934.105263157895
BMW102864,X1,2005,3732.69,Automatic,228561.0,Diesel,125.0,27.1,2.0,Grey,4,19,0.01633126386391379,False,12029.526315789473
BMW102865,5 Series,2022,40746.53,Semi-Auto,22428.0,Diesel,145.0,23.7,2.0,Blue,4,2,1.816770554663813,False,11214.0
BMW102866,5 Series,2009,13263.32,Automatic,180826.0,Hybrid,0.0,23.8,3.0,White,5,15,0.07334852288940749,False,12055.066666666668
BMW102867,5 Series,2010,14130.01,  Manual  ,172050.0,Diesel,30.0,38.5,2.0,Black,3,14,0.08212734670154025,False,12289.285714285714
BMW102868,X1,2022,34166.78,Manual,31156.0,diesel,125.0,36.7,2.0,Silver,4,2,1.0966356400051354,False,15578.0
BMW102869,i3,2006,3507.5,Automatic,210680.0,Petrol,145.0,42.4,,Red,5,18,0.016648471615720525,False,11704.444444444445
BMW102870,5 Series,2016,25325.92,Manual,94602.0,Petrol,30.0,39.8,1.6,Silver,4,8,0.2677101964017674,False,11825.25
BMW102871,5 Series,2007,10992.26,Automatic,199909.0,Petrol,125.0,42.0,2.0,Grey,4,17,0.05498631877504265,False,11759.35294117647
BMW102872,5 Series,2017,31628.91,Automatic,92501.0,Petrol,20.0,43.9,3.0,Black,5,7,0.3419304656165879,False,13214.42857142857
BMW102873,X1,2015,37314.11,Automatic,114361.0,Hybrid,125.0,15.0,4.4,Blue,4,9,0.32628352322907284,False,12706.777777777777
BMW102874,X1,2009,-500.0,Semi-Auto,188171.0,Hybrid,,34.0,2.0,Grey,5,15,-0.002657157585387759,False,12544.733333333334
BMW102875,5 Series,2010,10822.78,Automatic,172500.0,Petrol,30.0,46.1,1.5,Silver,5,14,0.06274075362318841,False,12321.42857142857
BMW102876,3 Series,2012,19373.35,Automatic,146629.0,  Diesel  ,205.0,34.3,2.0,Green,4,12,0.13212495481794187,False,12219.083333333334
BMW102877,1 Series,2008,6595.47,Manual,191045.0,Diesel,125.0,44.5,2.0,White,3,16,0.034523122824465444,False,11940.3125
BMW102878,X1,2022,39118.34,  Automatic  ,15269.0,Diesel,145.0,,1.5,Green,3,2,2.5619451175584516,False,7634.5
BMW102879,X5,2005,11085.78,Automatic,245265.0,Petrol,,33.4,2.0,Grey,5,19,0.045199192709926,True,12908.684210526315
BMW102880,M3,2015,62673.99,Manual,115845.0,Electric,145.0,38.9,2.5,Silver,4,9,0.5410159264534508,True,12871.666666666666
BMW102881,3 Series,2018,33128.98,Semi-Auto,79409.0,Diesel,150.0,27.7,2.5,,2,6,0.41719427268949366,False,13234.833333333334
BMW102882,5 Series,2022,37887.31,Automatic,17027.0,Hybrid,30.0,43.9,2.5,White,3,2,2.2251312621131145,False,8513.5
BMW102883,X5,2023,70708.0,Semi-Auto,7614.0,Diesel,20.0,30.3,3.0,Red,4,1,9.286577357499343,True,7614.0
BMW102884,X7,2022,64192.07,Automatic,19449.0,Diesel,125.0,27.2,2.5,Grey,4,2,3.3005331893670626,True,9724.5
BMW102885,5 Series,2015,19394.12,Manual,110581.0,Petrol,150.0,29.7,1.5,Red,5,9,0.17538383628290574,False,12286.777777777777
BMW102886,5 Series,2018,29797.52,Manual,69248.0,PETROL,150.0,19.2,1.6,Green,4,6,0.43030152495378926,False,11541.333333333334
BMW102887,1 Series,2006,5696.95,Manual,214379.0,Diesel,145.0,48.8,2.0,Green,5,18,0.026574198032456538,False,11909.944444444445
BMW102888,X3,2020,41004.67,Automatic,52886.0,Diesel,205.0,27.0,3.0,Green,3,4,0.775340732897175,False,13221.5
BMW102889,X5,2018,55525.46,Semi-Auto,75143.0,Diesel,205.0,33.6,2.5,White,5,6,0.7389305723753377,True,12523.833333333334
BMW102890,X1,2009,10965.15,Manual,174567.0,Diesel,145.0,31.9,2.0,Silver,4,15,0.0628134183436732,False,11637.8
BMW102891,3 Series,2023,37777.72,Automatic,20059.0,Diesel,145.0,43.4,2.5,Black,5,1,1.8833301759808565,False,20059.0
BMW102892,4 Series,2014,25696.9,Automatic,116331.0,Petrol,205.0,26.4,3.0,Black,4,10,0.2208946884321462,False,11633.1
BMW102893,5 Series,2019,30010.8,Semi-Auto,69389.0,Diesel,205.0,33.0,2.0,Red,4,5,0.4325008286616034,False,13877.8
BMW102894,5 Series,2018,27063.38,Semi-Auto,70886.0,Petrol,30.0,34.6,1.6,Red,4,6,0.3817873769150467,False,11814.333333333334
BMW102895,5 Series,2020,34649.38,Manual,39406.0,Petrol,125.0,44.8,1.5,White,4,4,0.8792919859919809,False,9851.5
BMW102896,X2,2018,32216.11,Automatic,69269.0,Petrol,30.0,39.0,2.5,,5,6,0.46508697974562935,False,11544.833333333334
BMW102897,X5,2023,67964.75,Manual,6330.0,Diesel,30.0,37.1,2.0,Blue,4,1,10.736927330173776,True,6330.0
BMW102898,1 Series,2007,15691.13,Automatic,192695.0,Petrol,125.0,37.3,3.0,Green,5,17,0.08142987622927424,False,11335.0
BMW102899,5 Series,2006,9601.63,Automatic,206977.0,Diesel,205.0,25.8,3.0,Red,3,18,0.046389840417051166,False,11498.722222222223
BMW102900,2 Series,2012,15230.74,Automatic,154376.0,petrol,150.0,37.8,2.0,Grey,4,12,0.0986600248743328,False,12864.666666666666
BMW102901,3 Series,2021,41634.61,Automatic,34491.0,Diesel,20.0,43.0,2.0,Green,4,3,1.2071151894697167,False,11497.0
BMW102902,X5,2011,31316.46,Manual,158914.0,Diesel,145.0,31.6,1.6,Green,4,13,0.1970654567879482,True,12224.153846153846
BMW102903, X2 ,2005,12792.87,  Semi-Auto  ,226697.0,Diesel,150.0,40.2,3.0,Silver,4,19,0.0564315804796711,False,11931.421052631578
BMW102904,1 Series,2014,19696.0,Manual,140580.0,Diesel,20.0,34.6,2.0,Red,3,10,0.14010527813344714,False,14058.0
BMW102905,1 Series,2014,19701.86,Automatic,109067.0,Diesel,150.0,40.3,2.0,Blue,4,10,0.18063997359421274,False,10906.7
BMW102906,2 Series,2007,3584.03,Manual,210582.0,Diesel,125.0,41.7,1.5,Blue,4,17,0.017019640805007077,False,12387.176470588236
BMW102907,6 Series,2018,27644.97,Manual,66719.0,Diesel,20.0,25.2,1.6,White,5,6,0.4143492858106387,False,11119.833333333334
BMW102908,3 Series,2019,47789.58,Automatic,66055.0,Electric,125.0,34.4,2.5,Grey,5,5,0.7234816440844751,False,13211.0
BMW102909,X6,2023,64036.6,Semi-Auto,15874.0,Petrol,125.0,,2.5,Blue,3,1,4.03405568854731,True,15874.0
BMW102910,7 Series,2006,20656.32,Automatic,214958.0,Diesel,125.0,38.2,2.0,Black,3,18,0.09609467896054112,True,11942.111111111111
BMW102911,5 Series,2023,41155.24,Manual,500.0,Petrol,125.0,34.6,2.0,Green,5,1,82.31048,False,500.0
BMW102912,5 Series,2007,9191.73,MANUAL,194246.0,Diesel,0.0,25.1,2.0,,4,17,0.047320047774471546,False,11426.235294117647
BMW102913,X2,2012,17316.15,Semi-Auto,141475.0,Petrol,145.0,41.0,2.0,Grey,3,12,0.12239724332921012,False,11789.583333333334
BMW102914,6 Series,2019,30179.4,Automatic,64105.0,Diesel,,43.6,1.5,White,3,5,0.4707807503314874,False,12821.0
BMW102915,4 Series,2009,16503.58,Manual,,Petrol,125.0,40.3,1.5,Grey,4,15,,False,
BMW102916,i3,2014,22412.36,Manual,125528.0,Hybrid,145.0,39.6,2.0,Red,4,10,0.17854470715696896,False,12552.8
BMW102917,7 Series,2008,25175.55,Automatic,203465.0,Petrol,205.0,34.5,2.5,Grey,4,16,0.12373405745459906,True,12716.5625
BMW102918,3 Series,2005,2546.49,Automatic,222494.0,Petrol,205.0,50.6,2.0,Red,4,19,0.011445207511213784,False,11710.21052631579
BMW102919,X1,2018,30811.55,Semi-Auto,71582.0,Petrol,125.0,48.2,2.5,Green,5,6,0.4304371210639546,False,11930.333333333334
BMW102920,2 Series,2007,15163.36,Manual,204719.0,Petrol,145.0,20.0,3.0,Grey,4,17,0.07406913867301032,False,12042.29411764706
BMW102921, 3 Series ,2023,37675.09,Automatic,5199.0,Petrol,145.0,37.3,2.0,White,5,1,7.246603192921715,False,5199.0
BMW102922,5 Series,2010,16015.74,Automatic,168212.0,Petrol,30.0,49.4,2.0,Green,5,14,0.09521163769528927,False,12015.142857142857
BMW102923,1 Series,2015,22669.84,Manual,110544.0,Diesel,150.0,41.2,2.0,Blue,4,9,0.20507526414821248,False,12282.666666666666
BMW102924,1 Series,2006,12596.76,Automatic,216470.0,  Petrol  ,125.0,40.6,3.0,,2,18,0.05819171247747956,False,12026.111111111111
BMW102925,5 Series,2018,29692.07,Semi-Auto,77419.0,Petrol,145.0,40.6,2.5,Green,4,6,0.383524328653173,False,12903.166666666666
BMW102926,X5,2015,46081.54,Automatic,98816.0,Diesel,145.0,26.8,2.5,Green,5,9,0.4663368280440415,True,10979.555555555555
BMW102927,X1,2010,,Semi-Auto,171005.0,petrol,125.0,48.1,1.6,White,5,14,,False,12214.642857142857
BMW102928,X3,2005,8702.75,Manual,221465.0,Diesel,145.0,51.0,1.6,White,4,19,0.03929627706409591,False,11656.052631578947
BMW102929,X6,2020,69249.36,Manual,46336.0,Diesel,150.0,37.4,4.4,White,5,4,1.4945044889502763,True,11584.0
BMW102930,X1,2011,17858.72,Semi-Auto,144960.0,Diesel,0.0,45.9,1.6,Blue,4,13,0.12319757174392937,False,11150.76923076923
BMW102931,3 Series,2023,38714.97,Automatic,12731.0,Diesel,150.0,50.7,2.0,Green,4,1,3.040999921451575,False,12731.0
BMW102932,X4,2019,31139.43,Automatic,49305.0,Diesel,20.0,40.1,1.5,Red,5,5,0.6315673866747794,False,9861.0
BMW102933,3 Series,2005,6099.31,Automatic,228644.0,Petrol,205.0,36.9,2.5,Grey,5,19,0.026676011616311824,False,12033.894736842105
BMW102934,X5,2020,69488.62,Semi-Auto,48419.0,  Diesel  ,20.0,,4.4,Green,4,4,1.4351519031785043,True,12104.75
BMW102935,X3,2020,45259.17,Automatic,62386.0,Petrol,20.0,29.2,4.4,Green,5,4,0.7254699772384829,False,15596.5
BMW102936,5 Series,2017,27808.3,Automatic,68888.0,Petrol,0.0,44.1,1.5,Silver,3,7,0.4036740796655441,False,9841.142857142857
BMW102937, 8 Series ,2016,41380.15,Automatic,88648.0,Diesel,125.0,45.2,1.6,White,4,8,0.4667916929879975,False,11081.0
BMW102938,X5,2017,57426.92,Automatic,73803.0,Petrol,145.0,15.0,3.5,Blue,3,7,0.778110916900397,True,10543.285714285714
BMW102939,3 Series,2017,24916.8,Automatic,84692.0,Petrol,205.0,55.8,1.6,Blue,2,7,0.29420488357814195,False,12098.857142857143
BMW102940,4 Series,2006,11531.36,Automatic,218497.0,  Diesel  ,150.0,38.0,3.5,,4,18,0.052775827585733445,False,12138.722222222223
BMW102941,M3,2009,21374.72,Automatic,194771.0,Petrol,145.0,34.8,,Grey,4,15,0.10974282619075736,True,12984.733333333334
BMW102942,X2,2014,23832.43,Automatic,123797.0,Petrol,150.0,42.4,2.5,,3,10,0.1925121771933084,False,12379.7
BMW102943, X1 ,2012,20209.78,Automatic,153123.0,Diesel,150.0,39.7,2.0,Grey,4,12,0.1319839606068324,False,12760.25
BMW102944,3 Series,2021,32712.67,Manual,34649.0,Petrol,150.0,28.2,2.0,Green,4,3,0.9441158474992063,False,11549.666666666666
BMW102945,X1,2007,16393.88,Manual,210494.0,Petrol,235.0,26.0,4.4,White,5,17,0.07788288502285101,False,12382.0
BMW102946,X3,2005,4782.09,Semi-Auto,221814.0,Hybrid,20.0,28.9,1.6,Blue,5,19,0.021559008899348104,False,11674.421052631578
BMW102947,5 Series,2013,22245.86,Automatic,126673.0,Petrol,145.0,47.3,,Red,4,11,0.17561642970483055,False,11515.727272727272
BMW102948,3 Series,2017,31568.4,Manual,75550.0,Hybrid,125.0,35.6,2.5,Green,4,7,0.4178477829252151,False,10792.857142857143
BMW102949,2 Series,2013,18357.83,  Manual  ,134400.0,Diesel,125.0,34.6,2.0,Green,5,11,0.13659099702380953,False,12218.181818181818
BMW102950,3 Series,2011,17310.83,Semi-Auto,164293.0,petrol,145.0,29.5,2.0,Silver,4,13,0.10536559683005363,False,12637.923076923076
BMW102951,5 Series,2018,31734.62,Automatic,75517.0,Diesel,150.0,25.7,2.0,Red,5,6,0.42023147105949654,False,12586.166666666666
BMW102952,7 Series,2013,43749.69,Manual,137046.0,Petrol,145.0,,3.0,Red,3,11,0.3192336149905871,True,12458.727272727272
BMW102953,X3,2009,17874.18,Manual,184582.0,Diesel,125.0,30.5,3.5,White,4,15,0.0968359861741665,False,12305.466666666667
BMW102954,X5,2013,40790.3,Semi-Auto,,Diesel,145.0,39.6,2.5,,4,11,,True,
BMW102955,1 Series,2021,35317.07,automatic,32460.0,Hybrid,145.0,41.4,1.5,Grey,5,3,1.0880181762168823,False,10820.0
BMW102956, X3 ,2017,26895.12,Semi-Auto,87042.0,HYBRID,125.0,41.1,1.5,Green,3,7,0.30899014268973596,False,12434.57142857143
BMW102957,M4,2015,42635.08,Automatic,94278.0,Diesel,125.0,,2.0,White,3,9,0.45222724283501986,True,10475.333333333334
BMW102958,3 Series,2010,19866.88,Manual,162394.0,Diesel,145.0,32.5,3.0,Green,3,14,0.12233752478539849,False,11599.57142857143
BMW102959,3 Series,2009,16132.14,automatic,181038.0,Diesel,125.0,35.9,2.5,Black,4,15,0.08910913730818944,False,12069.2
BMW102960,3 Series,2023,40125.07,Automatic,6582.0,Diesel,125.0,35.8,2.5,Green,4,1,6.0961820115466425,False,6582.0
BMW102961,X4,2012,19369.29,Manual,152468.0,Diesel,,26.7,2.0,Black,4,12,0.12703839494188945,False,12705.666666666666
BMW102962,M3,2017,48754.75,Manual,88805.0,Hybrid,150.0,33.3,1.6,Grey,5,7,0.5490090648049096,True,12686.42857142857
BMW102963,4 Series,2012,20277.11,Semi-Auto,161561.0,Hybrid,145.0,27.6,2.0,White,4,12,0.12550745538836725,False,13463.416666666666
BMW102964,X1,2006,6753.08,Manual,219894.0,diesel,125.0,30.3,2.0,,4,18,0.030710615114555195,False,12216.333333333334
BMW102965,X3,2009,11075.49,Automatic,178868.0,Diesel,125.0,40.3,1.5,Green,3,15,0.06191990741776058,False,11924.533333333333
BMW102966,3 Series,2013,24877.2,Semi-Auto,127428.0,Petrol,125.0,23.7,3.0,Black,5,11,0.19522553912797816,False,11584.363636363636
BMW102967,X2,2012,29737.36,Automatic,153937.0,Electric,20.0,34.6,3.0,Grey,2,12,0.19317876793753289,False,12828.083333333334
BMW102968,X3,2013,17811.39,  Manual  ,139554.0,Diesel,0.0,27.4,1.5,Black,4,11,0.12763080957908765,False,12686.727272727272
BMW102969,1 Series,2005,4406.12,Manual,215480.0,Petrol,0.0,,2.0,Silver,4,19,0.020447930202338965,False,11341.052631578947
BMW102970,7 Series,2016,54063.82,Manual,91942.0,Diesel,235.0,32.0,3.5,White,4,8,0.5880209262361054,True,11492.75
BMW102971,1 Series,2021,33355.0,Semi-Auto,41712.0,Petrol,20.0,23.3,2.0,Green,5,3,0.7996499808208669,False,13904.0
BMW102972,1 Series,2016,27055.77,Manual,97925.0,Petrol,125.0,,2.5,Green,2,8,0.2762907327035997,False,12240.625
BMW102973,5 Series,2013,18020.36,Semi-Auto,138340.0,Petrol,235.0,32.3,2.5,Red,5,11,0.1302613849934943,False,12576.363636363636
BMW102974,2 Series,2005,2393.69,Manual,229651.0,Hybrid,150.0,52.5,2.0,Grey,4,19,0.010423163844268042,False,12086.894736842105
BMW102975,4 Series,2018,39578.61,Semi-Auto,62742.0,Diesel,150.0,30.2,3.5,Silver,4,6,0.6308152433776418,False,10457.0
BMW102976,3 Series,2016,24709.43,Automatic,89333.0,Diesel,145.0,26.1,2.5,Blue,2,8,0.27659912910122797,False,11166.625
BMW102977,X3,2006,2559.94,Manual,222446.0,Petrol,30.0,55.4,1.5,Green,5,18,0.01150814130170918,False,12358.111111111111
BMW102978,Z4,2012,16430.02,Automatic,158863.0,Petrol,145.0,,2.0,Blue,3,12,0.1034225716497863,False,13238.583333333334
BMW102979,i3,2020,32559.21,Automatic,32487.0,Petrol,125.0,49.3,1.5,Blue,4,4,1.0022227352479454,False,8121.75
BMW102980,2 Series,2018,27669.58,Manual,63318.0,Petrol,30.0,27.0,2.0,White,4,6,0.43699390378723274,False,10553.0
BMW102981,X5,2015,46398.56,Semi-Auto,107679.0,Petrol,125.0,32.5,3.0,Blue,4,9,0.43089701798865143,True,11964.333333333334
BMW102982,i3,2015,26219.27,Semi-Auto,,  Petrol  ,20.0,49.0,2.5,Red,5,9,,False,
BMW102983,5 Series,2008,17332.46,semi-auto,181488.0,Hybrid,125.0,15.4,3.0,Red,4,16,0.09550196156219694,False,11343.0
BMW102984,3 Series,2015,35406.78,  Semi-Auto  ,106936.0,Diesel,30.0,18.4,4.4,Red,3,9,0.33110252861524647,False,11881.777777777777
BMW102985,5 Series,2015,27096.64,Automatic,106689.0,Diesel,125.0,37.4,3.0,Grey,5,9,0.25397782339322705,False,11854.333333333334
BMW102986, 2 Series ,2011,10836.13,Automatic,169600.0,Diesel,145.0,37.5,1.5,Red,4,13,0.06389227594339622,False,13046.153846153846
BMW102987,3 Series,2008,15115.27,Semi-Auto,182390.0,Petrol,20.0,40.2,3.0,Grey,5,16,0.08287334831953506,False,11399.375
BMW102988,7 Series,2015,49097.84,Automatic,102157.0,Petrol,145.0,47.9,3.0,Green,4,9,0.48061160762355976,True,11350.777777777777
BMW102989,4 Series,2007,8517.67,Manual,193634.0,Petrol,30.0,42.0,2.0,Black,5,17,0.04398850408502639,False,11390.235294117647
BMW102990,X3,2020,32539.85,Semi-Auto,53800.0,Petrol,145.0,28.7,2.0,Blue,4,4,0.6048299256505576,False,13450.0
BMW102991, 2 Series ,2023,39257.62,Manual,500.0,Diesel,235.0,34.9,1.5,Silver,4,1,78.51524,False,500.0
BMW102992,3 Series,2006,7076.36,Automatic,214185.0,Petrol,,28.6,1.5,Grey,4,18,0.033038541447813805,False,11899.166666666666
BMW102993,Z4,2023,42580.82,Semi-Auto,12804.0,Diesel,235.0,32.2,2.5,White,3,1,3.325587316463605,False,12804.0
BMW102994,3 Series,2018,25343.01,Semi-Auto,66090.0,Diesel,125.0,32.3,2.5,Black,4,6,0.38346209714026325,False,11015.0
BMW102995,X5,2013,38155.23,Automatic,123538.0,Petrol,145.0,35.8,2.0,Blue,5,11,0.30885419870808983,True,11230.727272727272
BMW102996,3 Series,2015,26555.29,Semi-Auto,101874.0,Diesel,145.0,43.6,,Green,4,9,0.2606679820170014,False,11319.333333333334
BMW102997,X5,2016,43640.09,Automatic,102791.0,  Petrol  ,20.0,42.4,2.0,White,4,8,0.42455166308334386,True,12848.875
BMW102998,1 Series,2010,15037.65,Semi-Auto,174657.0,Diesel,205.0,30.8,2.5,Green,3,14,0.08609818100620072,False,12475.5
BMW102999,4 Series,2007,5585.7,Automatic,211384.0,  Petrol  ,145.0,38.6,2.0,White,5,17,0.026424421905158382,False,12434.35294117647
BMW103000,X5,2015,41570.14,Automatic,105210.0,Petrol,150.0,25.5,2.0,,4,9,0.3951158635110731,True,11690.0
BMW103001,i8,2020,53146.77,Automatic,46315.0,Diesel,20.0,36.6,1.6,Grey,5,4,1.1475066393177156,False,11578.75
BMW103002,X1,2006,5035.99,Automatic,218938.0,Diesel,205.0,35.6,1.5,Blue,4,18,0.023001900081301555,False,12163.222222222223
BMW103003,3 Series,2023,46359.37,Automatic,8798.0,Petrol,150.0,39.3,3.0,,5,1,5.269307797226642,False,8798.0
BMW103004,X3,2019,36629.69,Semi-Auto,58820.0,Petrol,205.0,53.5,2.0,Blue,5,5,0.6227420945256715,False,11764.0
BMW103005,3 Series,2012,12901.55,Automatic,147508.0,Petrol,125.0,44.9,1.6,Black,4,12,0.08746339181603709,False,12292.333333333334
BMW103006,5 Series,2023,40028.4,Automatic,14826.0,Diesel,145.0,29.4,1.6,Grey,4,1,2.6998785916632944,False,14826.0
BMW103007,1 Series,2016,23435.57,Automatic,101587.0,Diesel,30.0,40.7,1.5,Red,4,8,0.23069457706202565,False,12698.375
BMW103008,X5,2016,44038.12,Manual,98143.0,Petrol,145.0,43.0,2.5,Silver,3,8,0.4487138155548537,True,12267.875
BMW103009,4 Series,2008,6617.29,Automatic,205836.0,Diesel,145.0,36.1,2.0,Red,3,16,0.0321483608309528,False,12864.75
BMW103010,5 Series,2007,9839.37,Semi-Auto,201350.0,PETROL,125.0,,1.5,Green,3,17,0.04886699776508568,False,11844.117647058823
BMW103011,X5,2022,70011.39,Automatic,18685.0,Diesel,20.0,42.0,3.5,Grey,3,2,3.746930157880653,True,9342.5
BMW103012,X1,2020,34166.3,AUTOMATIC,51713.0,Diesel,145.0,26.5,2.0,Silver,4,4,0.660690735405024,False,12928.25
BMW103013,2 Series,2009,13231.13,Automatic,178934.0,Diesel,145.0,42.1,1.6,Silver,4,15,0.07394419171314562,False,11928.933333333332
BMW103014,X2,2009,11569.76,Semi-Auto,183524.0,Diesel,150.0,35.0,2.5,Silver,4,15,0.0630422179115538,False,12234.933333333332
BMW103015,2 Series,2020,35857.76,Manual,30419.0,Diesel,205.0,59.1,2.5,Grey,2,4,1.1787948321772577,False,7604.75
BMW103016,5 Series,2016,27628.4,Manual,91877.0,Petrol,125.0,36.3,2.0,Grey,5,8,0.3007107328275847,False,11484.625
BMW103017,3 Series,2022,42481.23,Automatic,35210.0,Petrol,125.0,35.4,2.5,Green,4,2,1.2065103663731895,False,17605.0
BMW103018,5 Series,2022,38622.32,Semi-Auto,28577.0,DIESEL,150.0,22.5,2.0,Red,4,2,1.3515176540574587,False,14288.5
BMW103019, X5 ,2013,41460.57,Semi-Auto,137554.0,Petrol,145.0,44.7,2.0,Grey,5,11,0.30141304505866784,False,12504.90909090909
BMW103020,X5,2011,27212.14,automatic,164658.0,Petrol,125.0,42.9,1.6,Black,5,13,0.16526460906849347,True,12666.0
BMW103021,8 Series,2009,25045.47,Manual,184597.0,DIESEL,125.0,40.1,2.0,Grey,3,15,0.13567647361549756,True,12306.466666666667
BMW103022,X2,2015,24570.13,Semi-Auto,86758.0,Diesel,20.0,37.9,2.5,White,4,9,0.283203047557574,False,9639.777777777777
BMW103023,5 Series,2016,30453.31,Automatic,88139.0,Diesel,125.0,44.1,2.0,Black,5,8,0.3455145849170061,False,11017.375
BMW103024,5 Series,2008,8980.36,Manual,181881.0,diesel,150.0,44.5,1.5,Red,5,16,0.04937492096480666,False,11367.5625
BMW103025,3 Series,2015,28586.06,Automatic,97591.0,Petrol,235.0,29.8,3.0,Silver,5,9,0.2929169698025433,False,10843.444444444445
BMW103026,5 Series,2010,20869.72,Semi-Auto,166808.0,Petrol,125.0,27.3,3.0,White,3,14,0.12511222483334133,False,11914.857142857143
BMW103027,X3,2005,9656.83,Automatic,233285.0,Petrol,20.0,37.6,2.5,Green,5,19,0.04139498896199927,False,12278.157894736842
BMW103028,5 Series,2010,15710.81,Automatic,188376.0,Diesel,,34.8,2.5,Silver,4,14,0.0834013356266191,False,13455.42857142857
BMW103029,X3,2014,26739.58,Semi-Auto,120033.0,Petrol,30.0,,3.0,Red,3,10,0.22276857197603994,False,12003.3
BMW103030,2 Series,2014,27198.82,Manual,131447.0,Diesel,0.0,28.4,2.5,Grey,5,10,0.2069185299017855,False,13144.7
BMW103031,4 Series,2012,12545.7,Automatic,138188.0,Petrol,145.0,33.0,1.5,Blue,5,12,0.09078718846788433,False,11515.666666666666
BMW103032,M3,2019,52090.08,Automatic,50764.0,diesel,150.0,44.5,2.0,White,4,5,1.026122448979592,True,10152.8
BMW103033,1 Series,2009,12322.04,Manual,179682.0,Hybrid,145.0,35.3,1.6,Grey,5,15,0.06857693035473782,False,11978.8
BMW103034,X1,2020,59190.58,Semi-Auto,56323.0,Electric,145.0,31.6,4.4,Grey,5,4,1.0509131260763809,False,14080.75
BMW103035,M3,2022,60230.04,AUTOMATIC,7282.0,Hybrid,205.0,36.9,2.0,Blue,3,2,8.271084866794837,True,3641.0
BMW103036,5 Series,2005,10868.84,Automatic,224670.0,Petrol,145.0,37.6,3.5,Silver,4,19,0.04837690835447545,False,11824.736842105263
BMW103037,X2,2016,28926.03,Manual,93218.0,Petrol,145.0,28.9,2.5,White,3,8,0.3103051985668004,False,11652.25
BMW103038,X2,2007,15124.75,Automatic,195292.0,Diesel,145.0,,4.4,Blue,4,17,0.07744684882125227,False,11487.764705882353
BMW103039,2 Series,2015,25630.35,Manual,115126.0,Petrol,205.0,34.6,2.0,Silver,5,9,0.22262868509285477,False,12791.777777777777
BMW103040,X4,2006,12625.28,Automatic,215296.0,DIESEL,125.0,31.7,3.5,Black,4,18,0.05864149821640904,False,11960.888888888889
BMW103041,3 Series,2017,35666.75,Semi-Auto,93628.0,Diesel,30.0,23.4,3.0,,5,7,0.38094106463878324,False,13375.42857142857
BMW103042,X3,2010,14912.22,Automatic,170528.0,Diesel,145.0,34.3,1.6,Silver,2,14,0.08744734002627134,False,12180.57142857143
BMW103043,3 Series,2018,33206.55,Automatic,72924.0,Diesel,125.0,39.4,2.5,Green,5,6,0.45535831824913614,False,12154.0
BMW103044,i3,2016,38195.74,Manual,98962.0,Electric,145.0,37.5,1.5,Green,4,8,0.3859637032396273,False,12370.25
BMW103045,5 Series,2010,18544.42,Automatic,155786.0,Electric,125.0,50.0,2.0,Red,3,14,0.1190377825992066,False,11127.57142857143
BMW103046,X5,2015,42037.12,  Semi-Auto  ,104279.0,Hybrid,145.0,34.5,2.0,Silver,3,9,0.403121625638911,True,11586.555555555555
BMW103047, 7 Series ,2010,27113.32,Manual,164759.0,PETROL,145.0,30.4,2.0,,5,14,0.16456351398102684,False,11768.5
BMW103048,3 Series,2022,37343.21,Automatic,20579.0,Petrol,125.0,48.2,2.0,,3,2,1.8146270469896495,False,10289.5
BMW103049,X3,2006,7051.45,Automatic,202187.0,Petrol,125.0,39.7,2.5,Red,4,18,0.034875882227838585,False,11232.611111111111
BMW103050,3 Series,2009,16234.34,Automatic,174597.0,Diesel,145.0,,3.5,Red,4,15,0.09298178090116097,False,11639.8
BMW103051,2 Series,2022,41066.04,Automatic,36468.0,Diesel,30.0,32.8,3.0,Silver,4,2,1.126084238236262,False,18234.0
BMW103052,5 Series,2017,30306.1,semi-auto,69013.0,Petrol,205.0,25.5,2.0,Green,4,7,0.4391361047918508,False,9859.0
BMW103053,4 Series,2016,34705.52,Automatic,85627.0,Petrol,150.0,31.1,4.4,Grey,5,8,0.4053104744998657,False,10703.375
BMW103054,1 Series,2011,13774.64,Automatic,138751.0,Petrol,20.0,41.7,1.6,White,4,13,0.09927596918220409,False,10673.153846153846
BMW103055,X3,2006,4433.78,Semi-Auto,220243.0,Petrol,125.0,29.7,2.5,Silver,2,18,0.020131309508134194,False,12235.722222222223
BMW103056,1 Series,2010,14383.48,Semi-Auto,152490.0,Diesel,150.0,,2.0,Black,4,14,0.0943240868253656,False,10892.142857142857
BMW103057,4 Series,2018,29709.88,Automatic,75062.0,Diesel,150.0,37.4,2.5,White,5,6,0.3958045349178013,False,12510.333333333334
BMW103058,X5,2016,48960.77,Automatic,104534.0,Petrol,125.0,32.2,,Grey,4,8,0.4683717259456253,True,13066.75
BMW103059,4 Series,2020,39672.47,Manual,42698.0,Petrol,20.0,37.8,2.0,White,5,4,0.9291411775727201,False,10674.5
