listing_id,model,year,price,transmission,mileage,fuelType,tax,mpg,engineSize,color,doors
BMW100000,4 Series,2006,7114.12,Automatic,213994,Diesel,145,37.7,2.5,Red,4
BMW100001,3 Series,2018,31369.52,Manual,64151,Hybrid,205,31,2.5,Green,4
BMW100002,M2,2015,41810.79,Manual,112178,Diesel,30,41.8,2,Black,4
BMW100003,3 Series,2018,28074.49,Manual,68162,Diesel,30,52.2,1.5,Silver,3
BMW100004,3 Series,2007,13480.2,Automatic,206550,Diesel,30,28.3,3.5,Red,3
BMW100005,Z4,2007,11146.87,Manual,205930,Petrol,145,37.6,1.5,Silver,5
BMW100006,2 Series,2009,16440.63,Automatic,181476,DIESEL,125,47.6,2,Grey,5
BMW100007,X2,2011,14698.83,Manual,158298,Petrol,20,35,1.5,White,2
BMW100008, 2 Series ,2006,9412.83,Automatic,218864,Diesel,145,63.4,,Grey,5
BMW100009,X1,2021,48130,Automatic,40894,Electric,145,48.3,1.6,Grey,5
BMW100010,4 Series,2019,34103.04,Semi-Auto,58935,DIESEL,145,44.7,2.5,,5
BMW100011,2 Series,2007,18982.57,Manual,182022,Diesel,125,41.7,,Blue,4
BMW100012,i3,2020,36306.19,Automatic,44444,Hybrid,30,38.1,2,Red,4
BMW100013,M4,2023,65033.91,Manual,15053,Diesel,0,,2,White,4
BMW100014,6 Series,2014,29277.56,Automatic,114078,Petrol,,,3,Red,5
BMW100015,X4,2006,11389.1,manual,219278,Diesel,30,38.7,3,White,5
BMW100016,X5,2007,17961,Semi-Auto,212079,Diesel,150,,1.6,Blue,4
BMW100017,5 Series,2016,25560.99,Manual,96803,Diesel,0,39.4,2,Grey,5
BMW100018,X5,2021,60605.18,Automatic,28040,Petrol,145,40.4,2,Grey,5
BMW100019,M5,2013,38111.67,Semi-Auto,136476,Petrol,30,28,2,Black,4
BMW100020,1 Series,2008,13378.98,Semi-Auto,176224,Diesel,125,40.4,1.5,Silver,4
BMW100021,1 Series,2017,36042.51,Automatic,82855,Diesel,125,24.9,4.4,White,4
BMW100022,5 Series,2014,22109.31,Manual,114653,Diesel,145,44.2,1.6,Grey,3
BMW100023,3 Series,2009,9435.17,Semi-Auto,180581,Diesel,125,42.1,1.5,White,4
BMW100024,X1,2022,43752.67,Manual,28228,Diesel,0,31.9,3,Green,4
BMW100025,3 Series,2011,18524.23,Manual,159367,Diesel,145,50.4,1.6,Red,5
BMW100026,2 Series,2023,45998.06,Automatic,15652,Petrol,145,31.3,3,Silver,5
BMW100027,4 Series,2015,20181.78,Automatic,107945,Petrol,30,43.1,1.5,Red,3
BMW100028,5 Series,2018,35977.47,Automatic,58953,Diesel,145,0,2.5,Grey,3
BMW100029,1 Series,2020,32326.58,Manual,,Diesel,125,38.5,2,Blue,5
BMW100030,3 Series,2010,15456.02,Automatic,167266,Hybrid,20,23.8,1.5,,5
BMW100031,5 Series,2007,9542.34,Automatic,202409,Diesel,150,33.8,2,Grey,2
BMW100032,3 Series,2012,24147.81,Semi-Auto,142021,Petrol,150,36,3,Black,5
BMW100033,X1,2009,16419.98,Semi-Auto,184351,Diesel,150,31,3.5,Black,4
BMW100034,X3,2008,16692.14,Manual,195118,Diesel,30,17.8,3,Black,2
BMW100035,X1,2019,34020.69,Manual,64452,Petrol,,29.2,2.5,Blue,4
BMW100036,X1,2015,23815.24,Automatic,123763,Petrol,125,31.2,2.5,Black,4
BMW100037,1 Series,2013,28033.66,Automatic,141270,Hybrid,125,17.7,4.4,White,4
BMW100038,1 Series,2011,17398.61,MANUAL,145022,Petrol,30,39.6,2,,5
BMW100039,X1,2017,28956.91,Semi-Auto,93819,Petrol,205,46,1.5,Grey,4
BMW100040,7 Series,2014,41744.1,Manual,113107,Diesel,125,41.4,2.5,Green,4
BMW100041,3 Series,2011,20460.64,Semi-Auto,152388,Petrol,125,46.6,3,Grey,4
BMW100042,2 Series,2022,37052.56,Semi-Auto,48815,Petrol,,42.9,2,Blue,5
BMW100043,7 Series,2008,27237.61,Semi-Auto,209537,Diesel,125,15.7,3,Green,2
BMW100044,5 Series,2007,12093.08,Automatic,214465,Petrol,125,27.8,3.5,White,4
BMW100045,3 Series,2017,27584.47,Semi-Auto,82089,Diesel,125,41.4,2,White,3
BMW100046,X5,2016,40241.24,Manual,103360,Petrol,30,41.7,2,Red,2
BMW100047,3 Series,2022,36759.79,Manual,33019,Diesel,150,37.1,1.5,Red,4
BMW100048,5 Series,2018,44570.24,Automatic,70148,Electric,0,50.6,2,Black,4
BMW100049,X3,2014,28355.47,Automatic,105366,Petrol,30,21.6,2.5,Green,4
BMW100050,2 Series,2014,25044.6,Automatic,124152,Petrol,125,54.7,1.5,Silver,3
BMW100051,Z4,2016,26075.17,Semi-Auto,97686,petrol,150,15,2,Black,3
BMW100052,5 Series,2012,18442.61,Automatic,123102,Hybrid,150,32.9,2,Grey,4
BMW100053,5 Series,2008,6223.48,Semi-Auto,200456,Diesel,145,40.9,2.5,Blue,4
BMW100054,X3,2008,13777.24,Manual,202795,  Diesel  ,145,0,3,,4
BMW100055,5 Series,2020,40454.17,Automatic,64206,Diesel,205,36.7,3.5,White,3
BMW100056,1 Series,2009,,Semi-Auto,175871,Petrol,205,40.7,2,Grey,4
BMW100057,6 Series,2012,21333.97,Manual,147586,Petrol,235,39.5,2,Grey,4
BMW100058,7 Series,2008,,Automatic,201319,Petrol,150,37.3,1.5,Green,4
BMW100059,Z4,2006,4897.41,Semi-Auto,214047,Petrol,125,29.7,1.5,Black,5
BMW100060,X1,2019,28708.48,Automatic,83969,Petrol,125,41.9,2,,4
BMW100061,3 Series,2016,27268.18,Automatic,92865,Petrol,30,30.8,2,Blue,4
BMW100062,3 Series,2013,25762.49,Automatic,142428,Diesel,205,20.4,3.5,Grey,4
BMW100063,X3,2005,2011.66,Automatic,226079,Diesel,0,53.2,1.5,Grey,4
BMW100064,6 Series,2005,4758.61,  Semi-Auto  ,228391,Petrol,150,32.2,2,Grey,5
BMW100065,3 Series,2011,21619.52,Automatic,169105,Diesel,205,29.3,3,Blue,4
BMW100066,1 Series,2013,23498.86,Automatic,124442,Petrol,125,29.3,2,Silver,4
BMW100067,X3,2016,31923.98,Semi-Auto,88369,Petrol,20,37.6,2.5,Red,5
BMW100068,5 Series,2016,24792.94,Semi-Auto,106471,Diesel,235,37.7,1.5,Silver,3
BMW100069,3 Series,2018,28402.13,Semi-Auto,64248,Diesel,150,37.8,1.6,Green,2
BMW100070,3 Series,2020,33204.58,Automatic,49206,Diesel,0,36.4,1.5,White,3
BMW100071,1 Series,2011,16002.38,Automatic,160903,Hybrid,125,45.1,2,Black,5
BMW100072,X3,2005,7626.64,Automatic,224350,Hybrid,20,31.5,2.5,Blue,4
BMW100073,3 Series,2018,33799.37,Automatic,69905,Diesel,150,24.2,3,White,4
BMW100074,4 Series,2022,44005.53,automatic,24148,Diesel,125,46.2,2,Green,3
BMW100075,6 Series,2011,24604.47,Semi-Auto,161925,  Diesel  ,125,29.6,3.5,Black,2
BMW100076,2 Series,2010,16405.59,Automatic,176730,Petrol,0,50.6,2,Green,2
BMW100077,1 Series,2013,22815.29,Semi-Auto,121890,Petrol,30,33.3,2.5,Green,4
BMW100078,X1,2014,20954.31,Manual,136165,Petrol,145,19.6,3,Grey,5
BMW100079,X1,2018,30216.95,Manual,76360,diesel,30,24.8,2,Black,4
BMW100080,X5,2010,32660.34,Semi-Auto,174556,Petrol,20,34.4,2.5,Grey,4
BMW100081,5 Series,2013,20553.12,Automatic,137690,Diesel,125,38.2,2,Grey,5
BMW100082,X2,2014,19895.48,Semi-Auto,115989,Diesel,125,34.1,1.5,White,5
BMW100083,6 Series,2014,22232.56,Automatic,124638,Petrol,150,,2,Black,5
BMW100084,X1,2022,37716.05,Automatic,16312,Diesel,30,,1.5,Black,5
BMW100085,1 Series,2021,38455.28,Manual,37671,Hybrid,205,39.9,3,Green,3
BMW100086,X5,2021,64734.93,Manual,31435,Petrol,125,30.3,3,Silver,2
BMW100087,5 Series,2010,14438.76,MANUAL,165615,Diesel,205,23.1,1.5,Red,4
BMW100088,i3,2006,5262.77,Automatic,226970,Petrol,205,39.5,2.5,Blue,4
BMW100089,X5,2012,28984.72,Manual,141301,Diesel,235,,1.5,Red,3
BMW100090,2 Series,2007,9281.53,Semi-Auto,215574,Diesel,30,37.2,2,Black,5
BMW100091,i3,2017,27785.25,Manual,75788,Petrol,125,26.8,2,Black,4
BMW100092,X1,2011,17826.42,Semi-Auto,161488,Hybrid,0,35,2,Silver,5
BMW100093,i3,2016,28297.08,Automatic,102035,Diesel,150,47.3,1.6,Grey,4
BMW100094,2 Series,2008,18065.86,Automatic,181257,Petrol,125,27.7,3.5,White,3
BMW100095,5 Series,2005,8704.95,Automatic,235574,Petrol,145,26,3.5,Black,5
BMW100096,3 Series,2019,33179.51,automatic,61293,Hybrid,125,33.3,2,Black,5
BMW100097,5 Series,2006,14572.22,automatic,207167,Petrol,125,25.9,4.4,Black,4
BMW100098,X3,2007,14395.16,Manual,197732,Petrol,30,34.1,2.5,Red,4
BMW100099,M5,2022,63299.72,Semi-Auto,46375,Diesel,150,41.9,2,White,5
BMW100100,5 Series,2006,7625.91,Manual,208708,Petrol,145,52.9,2,Black,5
BMW100101,1 Series,2016,30955.78,MANUAL,116748,Diesel,150,37,2.5,Green,2
BMW100102,X5,2020,64329.11,semi-auto,59939,Petrol,145,29,3.5,Grey,4
BMW100103,3 Series,2012,18059.25,Semi-Auto,151815,Hybrid,150,46.9,2,Blue,4
BMW100104,8 Series,2006,15811.36,Automatic,210790,Petrol,30,58.6,2,Silver,5
BMW100105,X5,2008,22571.97,Automatic,192911,Petrol,125,44.1,1.5,Silver,4
BMW100106,M4,2007,15614.61,Manual,210017,Diesel,20,41.9,1.5,Black,2
BMW100107,3 Series,2019,28487.28,Semi-Auto,61039,Diesel,20,41.2,1.5,Black,4
BMW100108, 3 Series ,2022,38635.28,Semi-Auto,35482,Diesel,20,,2,White,4
BMW100109,4 Series,2023,55087.61,Automatic,7057,Electric,145,27.1,2.5,Black,4
BMW100110,1 Series,2017,28817.19,Semi-Auto,89805,Petrol,30,52.4,1.6,White,3
BMW100111,4 Series,2005,6403.45,Automatic,225262,Petrol,0,40.7,2,Grey,4
BMW100112,4 Series,2023,40488.83,Manual,11428,Diesel,150,,2,Grey,5
BMW100113,X1,2010,13598.09,Manual,165218,Petrol,125,35.7,,Black,5
BMW100114,5 Series,2015,32156.07,  Semi-Auto  ,105857,Petrol,150,19.6,4.4,Red,5
BMW100115,3 Series,2014,20062.08,Semi-Auto,114581,Diesel,125,50.1,1.6,Grey,4
BMW100116,1 Series,2018,44687.32,Manual,66290,Electric,150,37.9,2,Red,4
BMW100117,3 Series,2007,8067.88,Automatic,200282,Petrol,150,45.6,1.5,,4
BMW100118,2 Series,2015,22100.12,Automatic,108398,Petrol,150,38.7,1.5,Black,2
BMW100119,1 Series,2015,26585.89,Automatic,117015,Diesel,145,31.1,2,Grey,4
BMW100120,X2,2014,24259.63,automatic,127824,Diesel,150,46.1,3,Green,3
BMW100121,Z4,2009,18921.08,Automatic,182184,Diesel,150,15,3,Grey,5
BMW100122,3 Series,2017,29854.06,Manual,78818,  Diesel  ,0,31.5,2,Grey,4
BMW100123,X3,2018,30452.22,Semi-Auto,73986,Diesel,0,24.5,3.5,Black,3
BMW100124,5 Series,2017,23527.91,Manual,95563,Diesel,145,48.1,1.6,Black,3
BMW100125,7 Series,2012,37843.94,Manual,152631,Petrol,205,43.7,3.5,White,5
BMW100126,M5,2008,30193.97,Semi-Auto,183521,Diesel,30,15.8,3.5,Red,4
BMW100127,X5,2005,10692.85,Automatic,221656,Petrol,145,41.8,1.5,Grey,5
BMW100128,3 Series,2015,28804.56,Semi-Auto,96334,Petrol,205,41.1,3.5,Red,2
BMW100129,3 Series,2005,6785.91,Automatic,225260,Diesel,20,28.1,2.5,Green,5
BMW100130,X5,2021,61181.34,Semi-Auto,13326,Diesel,145,26.3,2.5,Blue,4
BMW100131,4 Series,2010,14715.32,Manual,155175,Petrol,125,35.4,1.5,Black,2
BMW100132,1 Series,2021,38089.12,Semi-Auto,26438,Diesel,145,35.6,2.5,Red,4
BMW100133,1 Series,2019,30047.71,Semi-Auto,65659,Petrol,145,22.3,1.6,Black,5
BMW100134,4 Series,2008,17442.66,Automatic,190826,Diesel,,35,3.5,Grey,4
BMW100135,5 Series,2015,30529.21,Manual,94954,Diesel,125,43.2,2.5,Blue,4
BMW100136,3 Series,2010,12254.71,Automatic,164802,Diesel,150,23.5,1.5,,5
BMW100137,2 Series,2013,21759.35,Manual,130045,Petrol,125,50.5,1.6,Blue,4
BMW100138,M3,2015,45386.19,Manual,115966,Petrol,150,26.5,2.5,Red,4
BMW100139,5 Series,2017,,Manual,86711,Hybrid,145,19.5,2,Blue,4
BMW100140,X3,2023,41671.81,Semi-Auto,4496,Diesel,,31.9,3,Grey,4
BMW100141,X4,2010,14708.71,Semi-Auto,174773,Petrol,125,39.2,1.6,Grey,5
BMW100142,X1,2021,39963.23,Automatic,,Diesel,125,35.2,,Red,5
BMW100143,1 Series,2020,36348.27,Automatic,44379,Hybrid,20,51.4,,Grey,4
BMW100144,X5,2011,29942.98,  Semi-Auto  ,147826,Diesel,150,48.9,1.6,Blue,4
BMW100145,3 Series,2015,29945.18,Manual,99973,Petrol,150,37.3,2.5,Green,4
BMW100146,X5,2019,59783.39,Automatic,58583,Petrol,125,32.2,3,Silver,2
BMW100147,2 Series,2009,13497.5,Manual,184951,Petrol,,40.7,3,Green,5
BMW100148,6 Series,2017,33805.52,Semi-Auto,87952,Hybrid,145,38.3,3,Green,4
BMW100149,X3,2009,17433.53,Semi-Auto,167868,Hybrid,20,,2.5,Green,5
BMW100150,7 Series,2022,69410.08,Automatic,21564,Diesel,145,51.7,3,Green,2
BMW100151,5 Series,2007,4646.93,Manual,219607,Petrol,125,39.4,2,Grey,3
BMW100152,4 Series,2012,19230.4,Automatic,151346,Petrol,125,41.4,2.5,Red,4
BMW100153,4 Series,2016,28705.91,Semi-Auto,110667,Petrol,145,23,3.5,Silver,5
BMW100154,6 Series,2006,6964.14,Semi-Auto,224125,Petrol,150,37.8,3,Red,5
BMW100155,5 Series,2017,31901.04,Semi-Auto,89041,Petrol,125,34.5,2,Grey,3
BMW100156,1 Series,2017,26671.3,Automatic,84868,Petrol,,31.7,,Silver,5
BMW100157,1 Series,2007,13225.97,Automatic,208354,Hybrid,125,25.3,3.5,Silver,4
BMW100158,X3,2007,5960.63,  Manual  ,199526,Diesel,125,27,2,Blue,4
BMW100159,Z4,2020,32393.85,Manual,56518,Petrol,20,40.8,1.6,White,3
BMW100160,X5,2021,58226.18,Semi-Auto,24764,Hybrid,30,45.9,2,White,4
BMW100161,M3,2009,25948.08,Semi-Auto,173302,Hybrid,30,,2,Red,5
BMW100162,1 Series,2012,15791.32,Automatic,147536,Petrol,0,26.3,2,White,2
BMW100163,6 Series,2014,29277.75,Automatic,125465,Diesel,150,28.4,3.5,White,5
BMW100164,7 Series,2019,49139.55,Automatic,52392,Diesel,145,42.7,1.6,White,3
BMW100165,3 Series,2017,26570.8,Automatic,84801,Petrol,20,27.5,2.5,White,2
BMW100166,1 Series,2017,28742.74,Manual,77407,Diesel,145,19.3,2,Grey,2
BMW100167,3 Series,2011,16233.34,Semi-Auto,147227,Petrol,125,28.2,,Silver,2
BMW100168,X5,2019,54946.91,Semi-Auto,61088,Petrol,145,51.7,2,,4
BMW100169,X3,2020,34097.66,Manual,47358,Petrol,150,17.7,2,White,4
BMW100170,Z4,2021,35558.91,Manual,25560,Diesel,20,30.8,1.5,Silver,4
BMW100171,4 Series,2018,30126.65,Semi-Auto,61611,Petrol,30,48.1,,Silver,3
BMW100172,8 Series,2013,46926.95,Semi-Auto,125994,Petrol,20,33.2,3,White,4
BMW100173,3 Series,2017,31116.57,Automatic,70033,Petrol,145,43.6,2,Grey,5
BMW100174,M4,2009,28858.69,Manual,174154,Hybrid,125,28.4,2.5,Silver,4
BMW100175,3 Series,2022,44649.91,Manual,22636,Petrol,150,35.3,3.5,Silver,4
BMW100176,i8,2011,30468.33,Manual,155143,Petrol,125,47.3,2.5,Silver,4
BMW100177,X3,2019,29164.06,Automatic,61698,Petrol,0,40.4,2,Blue,3
BMW100178,3 Series,2027,33834.4,Automatic,84650,Petrol,145,45.4,2.5,Grey,4
BMW100179,7 Series,2018,60156.82,Automatic,74944,Diesel,150,20.8,4.4,Red,5
BMW100180,5 Series,2023,42383.85,Automatic,12443,Petrol,0,22.1,2.5,,4
BMW100181,X3,2015,34115.77,Automatic,111989,Hybrid,20,22.2,3.5,Silver,5
BMW100182,X3,2013,18531.6,Automatic,136745,Diesel,,41.1,1.5,Grey,4
BMW100183, 1 Series ,2006,2237.81,Manual,223565,Petrol,125,,2,White,4
BMW100184,M3,2006,17607.21,Automatic,224819,petrol,145,21.2,1.6,White,4
BMW100185,X7,2009,39494.14,Semi-Auto,183314,Diesel,205,37,4.4,White,5
BMW100186,3 Series,2018,28450.43,Automatic,80729,Diesel,125,39.2,2,Green,2
BMW100187,5 Series,2012,16073.11,Manual,132944,Diesel,30,42.3,1.5,Green,5
BMW100188,3 Series,2015,25282.39,Automatic,98616,Petrol,235,33,2,White,5
BMW100189,i8,2023,59319.64,Manual,13133,Petrol,145,48.8,1.6,Black,4
BMW100190,5 Series,2023,40370.82,Manual,25491,Petrol,0,35.6,1.6,White,4
BMW100191, 3 Series ,2022,38635.28,Semi-Auto,35482,Diesel,20,,2,White,4
BMW100192,5 Series,2023,350000,Semi-Auto,8516,Diesel,145,47,2.5,Green,4
BMW100193,i3,2007,10042.46,Manual,216718,Diesel,145,35.4,1.6,Black,5
BMW100194,X4,2013,24829.13,Automatic,141704,Diesel,235,20.5,3.5,Red,4
BMW100195, 5 Series ,2022,38061.1,Semi-Auto,31474,Petrol,125,40.7,3,,5
BMW100196,X2,2019,35199.38,Automatic,53833,Diesel,150,33.8,3,Red,4
BMW100197, 4 Series ,2018,30811.65,Manual,74324,Diesel,145,29.2,2,White,4
BMW100198, i3 ,2011,22957.37,Semi-Auto,159228,Petrol,125,35.5,3.5,Blue,5
BMW100199, Z4 ,2007,11958.53,Automatic,206835,Electric,125,31.5,2,Black,3
BMW100200,5 Series,2013,24499.36,Automatic,129368,Petrol,125,29.1,3,Silver,5
BMW100201,X3,2023,46898.52,Automatic,6630,Petrol,145,35.9,3.5,Red,4
BMW100202,1 Series,2014,24412.43,Automatic,116457,Petrol,125,41.9,2.5,Black,5
BMW100203,4 Series,2011,21592.94,Manual,152205,Diesel,30,34.9,3,Grey,5
BMW100204,X1,2007,13334.69,Manual,204860,DIESEL,145,15.2,1.5,Blue,5
BMW100205,4 Series,2019,45647.14,Manual,66767,Electric,,31.1,2,,5
BMW100206,X6,2008,23198.29,Manual,200391,Petrol,125,29.1,2.5,Silver,3
BMW100207,1 Series,2008,11185.22,Manual,200080,Petrol,30,27.2,2.5,Green,4
BMW100208,X5,2022,67065.35,Automatic,42846,Petrol,205,36.2,3,Blue,5
BMW100209,X1,2006,7186.94,Manual,213319,Diesel,30,43.1,2.5,Red,5
BMW100210,5 Series,2009,15439.54,Semi-Auto,171598,Diesel,150,38.4,2.5,Blue,4
BMW100211,X5,2020,52557,Manual,45024,Diesel,125,50.8,2,Grey,4
BMW100212,3 Series,2014,26720.54,Manual,124986,Petrol,145,48.3,3,Red,5
BMW100213,3 Series,2016,29630.32,Manual,109500,Diesel,125,33.1,2.5,White,4
BMW100214, X1 ,2013,26062.93,Automatic,136165,Petrol,235,21,3,White,2
BMW100215,X1,2008,8036.14,Semi-Auto,172393,Hybrid,30,34.1,2,Grey,4
BMW100216, X3 ,2013,25787.32,Automatic,134328,DIESEL,125,37,2,Black,2
BMW100217,M3,2014,40579.15,Automatic,114896,Petrol,0,35.2,2,Blue,2
BMW100218,3 Series,2019,36388.59,Semi-Auto,60769,Hybrid,,45.4,2,Green,5
BMW100219,X1,2017,31122.58,Automatic,86739,Diesel,,26.3,2,Green,5
BMW100220,1 Series,2009,8139.52,Automatic,184852,Diesel,145,40.9,2.5,Silver,3
BMW100221,4 Series,2012,25765.6,Semi-Auto,136400,Petrol,20,42.2,2.5,Blue,4
BMW100222,4 Series,2014,35843.91,Semi-Auto,112326,Electric,235,40,3.5,Red,3
BMW100223,3 Series,2008,16911.61,Automatic,182319,Petrol,125,34.3,2,Green,5
BMW100224,X3,2022,44622.97,Manual,27446,Diesel,20,39.1,2.5,White,4
BMW100225,X1,2007,8988.29,Semi-Auto,198812,Diesel,20,40.4,2,Blue,4
BMW100226,5 Series,2019,37192.58,Semi-Auto,59440,Petrol,145,39.6,3,Green,5
BMW100227,X1,2007,8568.05,Automatic,203364,Electric,235,33.2,1.5,Black,5
BMW100228,i8,2015,60943.18,Automatic,121679,Electric,125,42.7,2,Green,4
BMW100229,2 Series,2010,17481.26,manual,171333,Hybrid,145,38.1,3.5,White,4
BMW100230,5 Series,2005,1500,Manual,235398,Petrol,125,28.5,1.5,Red,4
BMW100231,X6,2012,36475,Automatic,141515,Hybrid,30,42.3,1.6,,4
BMW100232,4 Series,2013,23419.22,Semi-Auto,134642,  Diesel  ,125,42.9,2,Red,4
BMW100233,1 Series,2013,22832.01,Semi-Auto,134393,PETROL,150,39,2.5,Grey,5
BMW100234,X2,2010,15102.19,Automatic,168096,Hybrid,145,40.2,2,Red,4
BMW100235,i3,2010,15798.6,Semi-Auto,169735,Diesel,,37.1,2.5,Grey,5
BMW100236,X3,2021,41425.88,Automatic,41205,Petrol,125,29.5,3.5,Red,4
BMW100237,2 Series,2009,7004.71,Manual,179230,Petrol,235,48,1.5,Green,4
BMW100238,1 Series,2013,21917.14,Manual,135214,Petrol,145,27,1.6,Grey,5
BMW100239,1 Series,2005,1500,Automatic,222182,Diesel,205,43.4,2,Blue,4
BMW100240,X5,2005,20003.54,Automatic,223686,Petrol,125,44.8,3,Green,4
BMW100241,1 Series,2012,20935.06,Semi-Auto,153979,DIESEL,0,18.3,,Red,5
BMW100242,4 Series,2006,13256.91,Manual,214186,Diesel,145,36.1,3.5,,5
BMW100243,1 Series,2021,36505.13,Automatic,41087,Diesel,150,38.7,2.5,Silver,5
BMW100244,3 Series,2009,11028.97,Automatic,190031,Diesel,145,33.8,2.5,Grey,4
BMW100245,X4,2020,42586.56,Manual,51124,Diesel,150,37.3,3,Green,5
BMW100246,X2,2005,3019.32,Automatic,228563,Petrol,125,24,2,,4
BMW100247,X2,2013,22002.45,Automatic,133015,petrol,235,46.6,3,Green,4
BMW100248,3 Series,2019,32866.11,Semi-Auto,56384,Hybrid,,37,2.5,Red,4
BMW100249,X4,2015,27098.68,Manual,119905,Hybrid,125,43.4,2,Green,4
BMW100250,X1,2020,39080.51,Automatic,47083,Diesel,150,,3.5,Silver,4
BMW100251,5 Series,2010,13547.74,Automatic,161720,  Petrol  ,145,47.6,2,White,3
BMW100252,Z4,2017,32298.84,Manual,87992,PETROL,,46.3,3.5,White,4
BMW100253,3 Series,2022,61304.63,Semi-Auto,29978,Electric,125,30.7,4.4,Grey,4
BMW100254,X3,2013,19909.87,Manual,147561,petrol,205,52.1,2,Black,4
BMW100255,3 Series,2019,37376.2,Automatic,60521,Petrol,145,40.1,2,Silver,4
BMW100256,6 Series,2013,21117.21,Manual,138661,Petrol,205,40.5,2.5,Silver,4
BMW100257,X5,2008,28748.58,Automatic,188408,Petrol,150,39.7,3.5,Black,4
BMW100258,X2,2014,21496.35,Automatic,105522,Petrol,125,33.3,3.5,Green,3
BMW100259,X5,2014,35999.28,Automatic,126877,Diesel,20,43.2,1.5,Grey,5
BMW100260,M3,2005,12208.41,Automatic,236866,Petrol,0,31.7,2,Grey,4
BMW100261,3 Series,2012,28418.09,Automatic,154863,Electric,150,,3,Blue,4
BMW100262, X3 ,2016,27396.19,Manual,,Petrol,150,24.4,3.5,Green,4
BMW100263,2 Series,2013,28431.54,Manual,129993,Petrol,145,25.7,3.5,Silver,4
BMW100264,X3,2010,,Automatic,164518,Diesel,125,26.4,3,Black,4
BMW100265,X3,2013,23224.28,Manual,148869,  Diesel  ,125,35.9,2,,4
BMW100266,i3,2011,17705.43,Manual,158672,Diesel,20,40.6,2,Green,5
BMW100267,M3,2011,28078.44,Manual,156862,Diesel,30,34,1.6,Black,4
BMW100268,7 Series,2019,54429.47,Semi-Auto,59708,Diesel,150,33.6,2,Black,4
BMW100269,X5,2018,48046.33,Manual,65011,Diesel,30,33.9,2,White,5
BMW100270,i3,2009,16268.33,Semi-Auto,178272,  Diesel  ,125,28.7,3,Grey,5
BMW100271,1 Series,2015,28096.73,Manual,114975,Diesel,150,21.4,3.5,White,5
BMW100272,X2,2022,39394.97,Automatic,17581,Diesel,205,38,3.5,Blue,5
BMW100273,X5,2027,58313.64,Automatic,50460,Diesel,145,36.2,3,Blue,5
BMW100274,4 Series,2018,39605.04,Manual,76414,Petrol,20,37.8,4.4,Green,4
BMW100275,5 Series,2020,37204.37,Semi-Auto,37612,Diesel,150,30.8,2.5,White,5
BMW100276,M3,2005,20802.85,Automatic,232249,Hybrid,20,47.9,3.5,Grey,4
BMW100277,X6,2011,26570.07,Automatic,152940,Hybrid,0,60,2,Green,5
BMW100278,5 Series,2008,10554.77,Manual,200144,Petrol,205,,2,Red,4
BMW100279,X3,2018,40471.67,Semi-Auto,69182,Hybrid,0,30.7,4.4,Blue,4
BMW100280,3 Series,2012,16350.49,Manual,156234,Diesel,125,38.9,2.5,White,5
BMW100281,3 Series,2014,17649.97,Semi-Auto,125914,Petrol,235,40.2,1.5,Blue,5
BMW100282,4 Series,2021,45712.98,Semi-Auto,36188,Electric,145,32.8,1.5,Red,5
BMW100283,X5,2019,67455.5,Manual,59519,Petrol,30,21.6,4.4,Green,2
BMW100284,2 Series,2012,31505.68,Manual,139583,Electric,20,39.3,3,White,5
BMW100285,X1,2016,25224.85,Automatic,107415,Diesel,,33.9,2,Green,4
BMW100286,8 Series,2015,42624.71,Automatic,109017,Diesel,30,55.1,,Red,4
BMW100287,7 Series,2007,21655.08,Automatic,208445,Petrol,20,38.4,2,Red,5
BMW100288,1 Series,2011,16581.9,  Semi-Auto  ,161251,Petrol,205,36.3,2,Red,4
BMW100289,X5,2018,60003.9,Automatic,86024,Petrol,,34.5,3.5,Red,4
BMW100290,2 Series,2021,34984.7,Automatic,23666,Diesel,145,35.8,2.5,Grey,4
BMW100291,X2,2013,28304.43,Automatic,133669,Electric,125,38.9,1.5,Green,4
BMW100292,i8,2010,38838.37,Semi-Auto,169070,Petrol,145,32.1,3,Red,3
BMW100293,X1,2012,15915.03,Manual,132362,Petrol,145,,1.5,Blue,4
BMW100294,2 Series,2022,36180.82,Semi-Auto,32478,Petrol,145,36.6,2.5,Silver,5
BMW100295,1 Series,2013,22745.99,Automatic,135186,Diesel,150,41.2,2,,4
BMW100296,X3,2023,40639.19,Automatic,19011,Diesel,145,24.6,2.5,Silver,3
BMW100297, M4 ,2011,44357.63,Automatic,166211,Petrol,150,21.6,4.4,Grey,2
BMW100298,2 Series,2018,30912.82,Manual,63525,DIESEL,125,32,2,Black,5
BMW100299,3 Series,2021,35147.22,Automatic,41137,Hybrid,20,,2.5,Silver,4
BMW100300,X2,2011,13675,Manual,157502,Hybrid,20,47.3,1.5,Black,2
BMW100301,3 Series,2019,36751.9,Manual,54719,Petrol,125,40,2.5,Silver,3
BMW100302,1 Series,2022,41471.27,Manual,18030,Diesel,150,47.1,2,Silver,4
BMW100303, 1 Series ,2015,24239.58,Automatic,114122,Diesel,145,25,3,Blue,4
BMW100304,X6,2009,32416.15,Semi-Auto,182346,Petrol,125,36.7,3,Silver,4
BMW100305,X3,2022,39295.47,Automatic,17986,Hybrid,30,26.8,2,Green,4
BMW100306,i3,2023,59314.92,Manual,11229,Electric,30,38.3,3.5,Black,5
BMW100307,3 Series,2006,6089.22,Automatic,220401,Diesel,235,40.1,2,Grey,4
BMW100308,1 Series,2013,28003.34,Automatic,131794,Diesel,145,25.5,4.4,Red,5
BMW100309,3 Series,2012,16265.28,Semi-Auto,150220,Hybrid,125,26,2,Blue,3
BMW100310,5 Series,2010,14972.4,Automatic,170812,Petrol,205,31.5,2,Silver,4
BMW100311,1 Series,2007,11843.92,Manual,194792,Diesel,205,29.6,2,Black,5
BMW100312,4 Series,2019,28487.98,Semi-Auto,69484,Diesel,150,29,1.5,Red,2
BMW100313,6 Series,2023,43383.33,Manual,17973,Diesel,150,47.8,3,White,5
BMW100314, X3 ,2007,7358.66,Automatic,207262,Petrol,30,24.5,2,Black,4
BMW100315,2 Series,2008,9200.73,Manual,178885,Hybrid,30,39.9,2,Black,3
BMW100316,8 Series,2007,25226.72,Automatic,199243,Petrol,0,35.6,3,Blue,4
BMW100317,7 Series,2018,51079.4,Automatic,81942,Petrol,150,35.3,2,White,4
BMW100318,X1,2018,25187.73,Automatic,72685,Petrol,125,40.9,2,Grey,5
BMW100319,i8,2007,15898.29,Semi-Auto,209777,Diesel,235,42,2,Black,5
BMW100320,3 Series,2008,15616.07,Automatic,198693,Petrol,145,18.8,4.4,Silver,4
BMW100321,3 Series,2013,20174.99,Manual,123700,Petrol,125,40.1,2.5,White,4
BMW100322,5 Series,2008,17754.29,Manual,177030,Petrol,30,33.5,2.5,Green,5
BMW100323,X2,2022,39257.99,Manual,17353,Diesel,125,34,1.6,White,5
BMW100324,7 Series,2021,62233.19,Automatic,24788,  Petrol  ,20,38.5,2,Black,4
BMW100325,3 Series,2021,37200.31,Manual,35150,Petrol,205,29,2,Black,5
BMW100326,4 Series,2009,17056.14,Semi-Auto,178634,Electric,150,49.2,2,Green,5
BMW100327,6 Series,2008,10906.58,Manual,196439,Diesel,30,24.6,2,Blue,4
BMW100328,4 Series,2019,32598.7,Semi-Auto,50168,Diesel,,37.7,2,Red,5
BMW100329,4 Series,2022,39440.39,Semi-Auto,26001,Diesel,150,38.2,1.5,Green,2
BMW100330,4 Series,2006,7892.73,Semi-Auto,215073,Diesel,145,36.9,1.6,White,5
BMW100331,M4,2010,34298.11,Manual,174864,petrol,125,35.3,3,Green,4
BMW100332,5 Series,2011,24718.51,Automatic,159217,Petrol,125,23.6,3.5,Green,5
BMW100333,Z4,2018,28689.98,Automatic,70375,Diesel,145,21.2,2.5,Red,4
BMW100334,5 Series,2006,4791.43,Semi-Auto,217869,Diesel,150,44.9,2,White,5
BMW100335,i3,2014,26881.82,Automatic,102983,Diesel,20,,2,Black,5
BMW100336,X4,2013,23253.33,Semi-Auto,136757,Petrol,150,38.1,3,White,5
BMW100337,X5,2016,52186.3,Semi-Auto,81450,Diesel,205,34.2,3,Grey,5
BMW100338,M5,2022,65992.97,Semi-Auto,19407,Diesel,150,41.5,2.5,Red,4
BMW100339,Z4,2006,2807.25,Manual,225166,Petrol,145,33.9,1.5,,2
BMW100340,1 Series,2016,24588.3,Automatic,95217,Diesel,0,36.7,2,White,4
BMW100341,i8,2017,49290.89,Manual,72897,Diesel,205,25.4,2,Green,4
BMW100342,8 Series,2016,47020.11,Manual,98137,Diesel,235,35.9,3,Red,4
BMW100343,1 Series,2016,26806.37,Semi-Auto,100073,  Petrol  ,150,36,2,Silver,4
BMW100344, 1 Series ,2022,35448.83,Automatic,21855,Diesel,20,57.6,2,Grey,5
BMW100345,1 Series,2016,26271.24,Semi-Auto,,Petrol,145,34.7,2,Grey,4
BMW100346,5 Series,2022,40932.11,Semi-Auto,25875,Petrol,125,33.8,2.5,Red,3
BMW100347,M3,2023,66345.12,Semi-Auto,500,Diesel,125,47.1,2,Silver,3
BMW100348,1 Series,2017,27745.76,Automatic,79093,Hybrid,145,37.8,2.5,Blue,4
BMW100349,X3,2014,30509.83,Semi-Auto,123981,Petrol,150,36.7,4.4,Red,5
BMW100350,3 Series,2009,11271.82,Manual,,Diesel,20,45.2,2,Silver,5
BMW100351,1 Series,2019,33135.13,Manual,52679,Diesel,20,32.8,,Silver,3
BMW100352,3 Series,2019,33210.46,Automatic,63153,Petrol,125,40.6,1.5,White,4
BMW100353,3 Series,2023,47552.01,Manual,720,Diesel,0,29.2,3.5,White,3
BMW100354,5 Series,2020,36016.8,Semi-Auto,46631,Diesel,235,26.8,2,Green,4
BMW100355, 5 Series ,2012,21027.64,Manual,139555,Petrol,125,29.2,3,,4
BMW100356,4 Series,2011,16874.71,Manual,147738,Diesel,30,23.2,3.5,Blue,4
BMW100357,7 Series,2011,34080.95,Manual,161992,Diesel,0,21,2.5,Green,4
BMW100358,M3,2010,33899.61,Manual,172556,Electric,150,44.9,1.5,Green,3
BMW100359,7 Series,2021,71259.46,Automatic,40989,Diesel,,18.7,4.4,Grey,4
BMW100360,1 Series,2005,5540.82,Manual,245233,Diesel,235,40.4,1.6,Silver,4
BMW100361,4 Series,2006,9550.42,Semi-Auto,204687,Petrol,205,32.1,2,Grey,3
BMW100362,3 Series,2017,28706.39,Manual,84912,diesel,145,47,1.6,,5
BMW100363,X3,2014,22020.58,Manual,121812,Petrol,150,37,2,Blue,5
BMW100364,3 Series,2017,32558.41,Manual,82410,Petrol,205,44.6,2,Silver,3
BMW100365,X1,2007,8378.18,Semi-Auto,224307,Petrol,125,38.4,2,Silver,4
BMW100366,4 Series,2016,26302.88,Manual,94568,Petrol,125,31.7,2,White,5
BMW100367,4 Series,2012,19160.95,Semi-Auto,140249,Diesel,20,46.5,2,Green,3
BMW100368,3 Series,2018,30380.07,Automatic,72637,Diesel,30,30.3,2,Silver,4
BMW100369, X1 ,2023,51273.07,Manual,10265,Diesel,145,26.2,4.4,Red,5
BMW100370,X1,2014,31026.42,Semi-Auto,116667,Petrol,125,42.6,3.5,Red,4
BMW100371,3 Series,2005,12897.47,  Semi-Auto  ,237961,Diesel,235,29.9,3,Blue,4
BMW100372,i8,2019,52334.66,semi-auto,53386,Petrol,30,29.3,2,Grey,4
BMW100373,1 Series,2020,37784.17,Manual,50968,Petrol,125,29.6,2,Grey,5
BMW100374,5 Series,2014,19982.61,Automatic,116796,Hybrid,150,33.7,2.5,Black,4
BMW100375,M4,2022,66916.73,Manual,17453,Diesel,205,37,3.5,Silver,3
BMW100376,3 Series,2022,38868.56,Semi-Auto,22202,Petrol,145,30.6,3,Grey,4
BMW100377,X1,2021,31358.1,Semi-Auto,27856,Diesel,125,,1.5,Green,4
BMW100378,6 Series,2008,12507.13,Automatic,178061,Diesel,0,26.7,2.5,Black,5
BMW100379,5 Series,2011,14628.68,Manual,,Petrol,150,28.6,2,Green,4
BMW100380,4 Series,2013,20421.51,Manual,130458,Hybrid,0,47.8,2,Grey,4
BMW100381, X2 ,2021,45233.97,Automatic,33086,Electric,145,31,1.5,Blue,4
BMW100382,X3,2008,9448.45,SEMI-AUTO,186749,Diesel,125,42,2,Blue,4
BMW100383,X4,2008,9553.65,Automatic,188063,Petrol,125,43.8,2.5,Green,5
BMW100384,X6,2005,11320.78,Manual,229113,Petrol,145,42.1,2,Green,4
BMW100385,3 Series,2022,46541.35,Manual,19562,Hybrid,,31,3,Silver,4
BMW100386, 6 Series ,2009,14962.39,Automatic,172770,Petrol,20,,2,Silver,5
BMW100387,X3,2013,21332.32,Manual,137695,Diesel,145,35.3,2,Grey,5
BMW100388,X5,2007,27997.46,Manual,199900,Petrol,145,41.3,3,,4
BMW100389,8 Series,2019,61445.17,Automatic,67440,Petrol,235,23.8,3.5,Grey,4
BMW100390,X5,2013,34264.62,Automatic,136264,Diesel,150,45.7,1.5,Red,5
BMW100391, 7 Series ,2012,36594.31,Automatic,151268,HYBRID,125,35.1,2.5,Blue,3
BMW100392,3 Series,2023,41407.79,Semi-Auto,8415,Petrol,205,47.9,1.6,Blue,4
BMW100393,X1,2020,40214.16,Automatic,52763,Diesel,30,16.1,2.5,Red,5
BMW100394,1 Series,2010,9700.6,Automatic,167290,Petrol,145,39.9,1.5,Red,5
BMW100395,6 Series,2022,40171.26,Automatic,31221,Petrol,235,32.5,2.5,Silver,5
BMW100396,X3,2013,25084.66,Automatic,130112,Petrol,30,48.6,3,Blue,3
BMW100397,5 Series,2015,31882.01,Automatic,100348,Diesel,125,51.9,2.5,Green,4
BMW100398,X2,2007,16327.21,Semi-Auto,196498,Diesel,235,27.9,3.5,Black,3
BMW100399,X3,2019,35911.45,SEMI-AUTO,60871,Petrol,20,22.6,2,Silver,4
BMW100400,X1,2016,37178.71,Automatic,91667,Hybrid,150,29.1,3.5,Silver,3
BMW100401,X3,2006,4812.31,Semi-Auto,222692,Diesel,150,40.8,1.5,Grey,4
BMW100402, 3 Series ,2022,39266.18,  Manual  ,10655,Hybrid,20,37.2,2.5,White,4
BMW100403,3 Series,2014,27340.41,Semi-Auto,110391,Petrol,125,37.4,3,Blue,4
BMW100404,M5,2005,20481.14,Automatic,227013,Diesel,235,20.2,3,Red,4
BMW100405,6 Series,2020,36775.92,Manual,57614,Petrol,150,,3,Grey,5
BMW100406,X1,2019,33769.28,Manual,53168,Petrol,235,42.6,3.5,Green,5
BMW100407,4 Series,2013,23140.58,Automatic,128682,Diesel,,21,2,Silver,4
BMW100408,3 Series,2018,31406.07,Automatic,,Diesel,125,26.5,3,Black,5
BMW100409,7 Series,2012,35572.19,Semi-Auto,140018,Hybrid,145,38.8,3,Grey,4
BMW100410,5 Series,2007,9433.68,Manual,216793,Petrol,125,31.8,2,Grey,5
BMW100411,M2,2018,55792.43,Automatic,77711,Petrol,145,35.5,3,Silver,4
BMW100412,3 Series,2007,5295.72,Automatic,201004,Diesel,150,36.3,2,,4
BMW100413,4 Series,2021,43598.86,Manual,38549,Petrol,145,32.6,3,Black,5
BMW100414,i3,2023,44372.33,Automatic,17313,Diesel,145,27.1,3,Green,5
BMW100415,X1,2006,9021.01,Automatic,230266,Diesel,145,,3.5,Grey,4
BMW100416,X1,2013,25487.85,Manual,133207,Diesel,205,35.2,3,Red,4
BMW100417,1 Series,2017,37970.3,Semi-Auto,84587,Petrol,235,21.6,4.4,White,4
BMW100418,X1,2015,30592.2,Automatic,104829,Hybrid,125,35.5,2.5,Red,5
BMW100419,5 Series,2023,46410.68,Manual,3549,Petrol,150,41.8,3,Black,4
BMW100420,7 Series,2012,34302.37,Semi-Auto,141574,Diesel,145,46.8,1.6,Silver,2
BMW100421,3 Series,2005,1857,Semi-Auto,214094,Petrol,125,53.6,1.5,Blue,4
BMW100422,3 Series,2010,14077,Automatic,172094,Diesel,150,38.5,1.6,White,3
BMW100423,X1,2017,28601.93,Manual,83073,Petrol,205,50.2,3,Red,5
BMW100424,X3,2015,25680.51,Semi-Auto,98181,Diesel,0,48,1.6,Red,4
BMW100425,5 Series,2005,8177.3,Semi-Auto,221205,Petrol,150,36.4,3,Grey,3
BMW100426,X7,2023,64341.01,Manual,24408,Petrol,125,29.9,2,Blue,3
BMW100427,3 Series,2015,23330.64,Manual,114650,DIESEL,0,43.6,2,Blue,5
BMW100428,1 Series,2018,38732.51,Semi-Auto,63109,Diesel,150,29.1,4.4,Silver,4
BMW100429,5 Series,2019,43178.32,Automatic,76222,Electric,205,35.3,2,Black,4
BMW100430,X1,2017,42798.95,Automatic,85725,Electric,205,34.8,3,Red,5
BMW100431,i3,2019,37532.6,Manual,54794,Diesel,205,45.5,3,Black,4
BMW100432,X1,2016,22891.79,Semi-Auto,95598,Diesel,20,18.2,1.6,Black,4
BMW100433, X3 ,2021,36730.87,Automatic,37324,Petrol,150,41.3,1.5,Green,5
BMW100434,Z4,2016,26029.33,Manual,94094,Petrol,30,32.6,2,White,4
BMW100435,X2,2006,10587.89,Manual,216340,Diesel,145,32.4,3,Red,5
BMW100436,X1,2020,34916.34,Semi-Auto,38851,Hybrid,145,38.8,1.5,White,3
BMW100437,8 Series,2022,64594.84,Automatic,32990,Petrol,205,23.3,2.5,Green,4
BMW100438,3 Series,2019,40345.58,Semi-Auto,37703,Petrol,30,35.4,2,,5
BMW100439,1 Series,2009,14955.59,Automatic,168158,Petrol,20,33,1.5,White,2
BMW100440,3 Series,2010,17158.09,Automatic,163001,Diesel,125,35.2,2.5,Green,5
BMW100441,X3,2017,34690.5,Manual,73582,Diesel,150,30.9,3.5,Grey,4
BMW100442, 3 Series ,2011,19838.04,Automatic,155241,Diesel,20,26.4,3.5,,4
BMW100443,3 Series,2006,5533.97,Semi-Auto,212767,Diesel,125,32.9,2,Black,3
BMW100444,1 Series,2009,10938.25,Automatic,188651,Diesel,150,55.7,1.6,Silver,3
BMW100445,Z4,2014,23454.4,Automatic,133120,Petrol,145,36.7,1.6,Green,4
BMW100446,2 Series,2014,18899.66,Automatic,132888,Diesel,,51.6,2,Red,5
BMW100447,M3,2012,34263.39,Automatic,141072,Diesel,125,29.8,2.5,Black,4
BMW100448,X5,2010,29971.57,Manual,176343,Petrol,125,15,2,Silver,4
BMW100449, 7 Series ,2013,38863.58,Automatic,120524,Petrol,145,35.7,2,Grey,4
BMW100450,i3,2012,18525.06,Manual,149259,Petrol,125,25.9,2,Silver,4
BMW100451, 3 Series ,2023,38826.14,Automatic,2763,Hybrid,205,41.5,2,Silver,4
BMW100452,M2,2006,18111.09,Automatic,214919,PETROL,20,23.8,2.5,Black,3
BMW100453,1 Series,2013,20630.79,Semi-Auto,138983,Diesel,205,37.7,2,Red,4
BMW100454,7 Series,2017,51507.71,Automatic,85210,  Petrol  ,150,30.7,2.5,Grey,4
BMW100455,5 Series,2013,20579.37,Automatic,128532,Petrol,145,32.3,1.6,Red,4
BMW100456,5 Series,2018,38714.35,Semi-Auto,75225,Petrol,20,,4.4,White,4
BMW100457,X3,2011,19378.57,Manual,159913,Diesel,150,33.6,2,Red,3
BMW100458,8 Series,2011,31902.8,automatic,159842,Petrol,125,49,2,,3
BMW100459,M4,2021,58204.25,Automatic,37254,Diesel,145,38.2,2,Green,3
BMW100460,6 Series,2016,26566.01,Automatic,112485,Petrol,0,,2.5,Grey,4
BMW100461,X3,2005,12644.56,Semi-Auto,221523,Diesel,145,43.1,3.5,Black,4
BMW100462,1 Series,2023,45226.89,Manual,7522,Petrol,150,41.4,3,White,2
BMW100463,3 Series,2019,28900.7,Automatic,64035,Hybrid,145,38.3,1.5,Red,5
BMW100464,X1,2007,11782.48,Automatic,210139,Diesel,20,26.4,2,White,4
BMW100465,3 Series,2005,1500,Manual,238288,Hybrid,205,50.9,1.5,Red,4
BMW100466,4 Series,2016,22461.55,Automatic,92120,Petrol,30,44.3,1.5,Black,5
BMW100467,X5,2009,26032.52,Semi-Auto,169388,Petrol,125,43.6,2,Grey,4
BMW100468,5 Series,2012,20102.27,Automatic,130782,Petrol,20,25.7,2,Blue,4
BMW100469,2 Series,2007,3895.77,Semi-Auto,208440,Petrol,205,24.8,2,Red,4
BMW100470,Z4,2018,,Manual,64167,Diesel,150,46.8,2,Grey,4
BMW100471,i8,2014,62354.75,Semi-Auto,113756,Electric,20,15,3,Black,4
BMW100472,X2,2016,23187.52,Semi-Auto,92595,Petrol,145,36.7,2,Silver,4
BMW100473,X3,2007,5212.94,Automatic,209360,Petrol,125,39.8,1.5,Red,4
BMW100474,M3,2010,32426.84,Automatic,172806,Diesel,150,32.5,2,Silver,4
BMW100475,1 Series,2005,9141.73,Manual,225292,Diesel,20,29.6,2.5,Green,4
BMW100476,X4,2019,30965.24,Automatic,54265,Hybrid,20,39.7,2.5,,4
BMW100477,3 Series,2014,30431.45,Semi-Auto,123600,Electric,125,44.9,2,Red,4
BMW100478, 5 Series ,2023,40220.64,Semi-Auto,12134,Petrol,20,24.1,3,Silver,5
BMW100479,3 Series,2005,10228.08,Semi-Auto,233229,Petrol,145,28.3,3.5,Grey,4
BMW100480,X3,2006,12207.77,Semi-Auto,213979,Diesel,,,3.5,Grey,5
BMW100481,X1,2020,36698.8,Automatic,44773,Petrol,125,41.5,2.5,White,4
BMW100482,3 Series,2007,11911.15,Automatic,213303,Petrol,125,41.1,2.5,Grey,4
BMW100483,3 Series,2020,33349.55,Automatic,52917,Diesel,30,37.6,2,Red,4
BMW100484,i3,2009,9069.4,Automatic,185419,Petrol,30,31,1.6,Green,5
BMW100485,3 Series,2010,11743.02,Automatic,163906,Diesel,125,39.8,2,Black,4
BMW100486,1 Series,2013,24441.17,Automatic,117717,Petrol,30,41.2,2,Green,4
BMW100487,3 Series,2005,2405.52,Manual,217660,Petrol,150,32.9,1.6,Black,3
BMW100488,X2,2021,37167.52,Semi-Auto,16174,Hybrid,235,44.9,1.6,Blue,3
BMW100489,Z4,2023,50085.6,Semi-Auto,25169,Diesel,30,31,4.4,Blue,4
BMW100490,X1,2007,12893.29,Automatic,205629,Diesel,125,25.3,3,Grey,5
BMW100491,6 Series,2017,23286.29,Automatic,95757,Diesel,150,54.1,1.5,White,4
BMW100492,3 Series,2014,22929.6,Automatic,109939,Petrol,150,36.9,2.5,Silver,5
BMW100493,1 Series,2010,15876.76,Semi-Auto,171671,Diesel,30,34.1,2.5,Silver,4
BMW100494,X5,2010,28571.57,  Automatic  ,179729,Petrol,125,35.7,2.5,White,5
BMW100495,2 Series,2014,22678.47,Semi-Auto,122148,Hybrid,125,26.8,2,Red,3
BMW100496, i3 ,2019,33985.22,Automatic,59179,Hybrid,145,38.2,2,Green,4
BMW100497, X1 ,2018,29220.25,Manual,66154,Petrol,145,36.8,1.5,Red,4
BMW100498,4 Series,2016,25775.09,Automatic,111975,Petrol,145,41.2,2,Green,3
BMW100499,X5,2015,49147.17,Semi-Auto,96115,Petrol,125,31.1,3,White,4
BMW100500,X5,2014,38441.93,automatic,131231,Petrol,0,43.4,2.5,Red,4
BMW100501,6 Series,2006,3705.82,Manual,214365,Petrol,,42.7,2.5,,4
BMW100502,X3,2015,32575.5,Manual,111617,Diesel,145,28,4.4,White,5
BMW100503,3 Series,2019,28883.94,Manual,61858,Petrol,150,30,2,Silver,3
BMW100504,i3,2010,17575.56,Manual,159998,Hybrid,125,28.7,2,Red,5
BMW100505,3 Series,2020,48146.74,semi-auto,56001,Petrol,20,25.5,4.4,Red,4
BMW100506,X5,2013,32127.07,Automatic,118727,Diesel,,29.1,1.6,Grey,3
BMW100507,7 Series,2015,41898.5,  Manual  ,121844,Diesel,235,46.2,2,,4
BMW100508,3 Series,2012,21517.46,Automatic,151189,Petrol,145,23.4,3,Silver,4
BMW100509,3 Series,2023,39621.98,Manual,20881,Petrol,,23.2,2,Black,4
BMW100510,5 Series,2014,20519.48,Automatic,126522,Diesel,125,30.9,2,Blue,4
BMW100511,3 Series,2013,24877.2,Semi-Auto,127428,Petrol,125,23.7,3,Black,5
BMW100512,X5,2019,68982.93,Automatic,59346,Diesel,20,30.2,4.4,Silver,4
BMW100513,M3,2022,63555.48,Automatic,30468,Petrol,145,43.2,2.5,Black,4
BMW100514,6 Series,2011,25393.82,Automatic,150389,Petrol,145,38.5,4.4,Grey,5
BMW100515,3 Series,2019,28123.08,Semi-Auto,73031,Petrol,150,49.3,1.6,Grey,3
BMW100516,X3,2023,50464.34,manual,8942,Electric,150,51,2,Black,4
BMW100517,5 Series,2005,6518.05,Automatic,230040,Diesel,125,32.5,3,Green,5
BMW100518,7 Series,2022,69168.13,Automatic,27861,Diesel,125,28.7,3.5,Red,5
BMW100519,3 Series,2010,11743.5,Manual,167834,Diesel,0,31,1.6,White,4
BMW100520,5 Series,2007,4646.93,Manual,219607,Petrol,125,39.4,2,Grey,3
BMW100521,3 Series,2011,17517.52,Automatic,147810,Diesel,125,32.6,2,Black,5
BMW100522,4 Series,2010,18841.84,Semi-Auto,167550,Diesel,30,21.6,3,Grey,4
BMW100523,3 Series,2015,31637.31,Manual,105949,Diesel,145,29.1,4.4,,5
BMW100524,5 Series,2013,23745.29,Manual,122549,Petrol,205,19.7,3.5,Silver,5
BMW100525,4 Series,2007,14293.19,Automatic,196340,Petrol,145,29.6,3.5,Black,4
BMW100526,X7,2017,52861.29,Manual,94198,Diesel,125,26.7,3,Black,4
BMW100527,7 Series,2011,37479.17,Semi-Auto,147505,Diesel,30,34,3,Black,5
BMW100528,2 Series,2009,17035.94,Automatic,183270,Petrol,125,35,2.5,Grey,4
BMW100529,5 Series,2015,27865.37,Manual,113798,Petrol,150,37.8,2,Blue,4
BMW100530,3 Series,2019,33678.34,Manual,58453,Diesel,205,30.5,2,Blue,5
BMW100531,X1,2022,38707.06,Automatic,28679,Petrol,0,30.7,2,Red,4
BMW100532,3 Series,2010,25328.25,Semi-Auto,157111,Petrol,30,35.9,3.5,White,5
BMW100533,X3,2010,16337.9,Semi-Auto,181250,Diesel,125,46.5,2,Blue,3
BMW100534,5 Series,2006,1500,Manual,208599,Petrol,145,34.9,1.5,Grey,3
BMW100535,1 Series,2021,36138.4,Automatic,41062,Petrol,125,26.3,2.5,White,4
BMW100536,5 Series,2016,30109.71,Automatic,100604,Petrol,145,37.2,2,Grey,4
BMW100537,1 Series,2013,25477.95,Automatic,148138,Diesel,150,20.7,3,Green,5
BMW100538,1 Series,2007,9613.03,Automatic,203146,Diesel,125,24.8,3,White,4
BMW100539,X5,2007,350000,Automatic,205916,Diesel,125,47.4,1.6,Silver,3
BMW100540,3 Series,2017,30680.55,Manual,84025,Petrol,0,23.6,3,Red,3
BMW100541,3 Series,2019,34132.85,Manual,66804,Petrol,125,44.8,2,Blue,4
BMW100542,5 Series,2013,25519.69,Automatic,128825,Diesel,150,39.6,3,Blue,4
BMW100543, 5 Series ,2016,24063.48,AUTOMATIC,95126,Hybrid,,41.5,1.6,White,5
BMW100544,X3,2005,3144.38,Automatic,228642,Petrol,150,36.7,2,Silver,4
BMW100545,5 Series,2019,35453.23,Automatic,63516,Petrol,20,26.6,3.5,Red,5
BMW100546,1 Series,2021,33355,Semi-Auto,41712,Petrol,20,23.3,2,Green,5
BMW100547,X1,2019,36831.92,Automatic,64841,Petrol,150,48.7,3,Green,5
BMW100548,5 Series,2007,9415.41,Automatic,199251,Diesel,145,21.1,3,Blue,5
BMW100549,X1,2007,4809.16,Automatic,198959,diesel,125,37.4,1.6,,3
BMW100550,2 Series,2018,28712.89,Semi-Auto,80761,Diesel,235,35,1.5,Silver,5
BMW100551,X5,2011,32996.33,Semi-Auto,181867,Petrol,145,42,2,Black,4
BMW100552,3 Series,2005,6909.15,Automatic,235107,Hybrid,0,,2.5,White,4
BMW100553,2 Series,2009,,Automatic,182801,Hybrid,205,33.6,2,Grey,4
BMW100554,X3,2017,35505.21,Automatic,87214,Diesel,145,33.3,3.5,White,4
BMW100555,2 Series,2013,29621.36,Automatic,123816,Electric,125,,2,Grey,4
BMW100556,3 Series,2018,38107.71,Semi-Auto,60039,Petrol,30,27.2,3,,3
BMW100557,X2,2005,1500,Semi-Auto,237420,Petrol,30,23.9,2,White,5
BMW100558,1 Series,2014,22949.4,Manual,127051,Diesel,30,27.4,2.5,Silver,4
BMW100559,3 Series,2015,25957.92,Manual,109456,Diesel,150,40.8,2,Black,4
BMW100560,3 Series,2013,23938.02,Semi-Auto,136918,Hybrid,0,45.8,3,Silver,3
BMW100561, X2 ,2017,32218.41,Semi-Auto,85933,Diesel,145,27.5,3.5,Red,2
BMW100562,Z4,2021,38707.17,Manual,999999,  Diesel  ,145,32.6,1.5,,4
BMW100563,2 Series,2011,18735.24,Semi-Auto,153254,Diesel,125,54,1.6,Grey,3
BMW100564,1 Series,2015,29430.56,Semi-Auto,97860,Diesel,20,17.1,3,Red,4
BMW100565,1 Series,2021,40497.19,Automatic,35367,Petrol,30,27.6,2.5,Green,4
BMW100566,6 Series,2019,33573.07,Semi-Auto,58431,Petrol,20,19.2,,White,4
BMW100567,7 Series,2008,35361.92,Manual,188252,Diesel,235,30.1,3.5,Green,4
BMW100568,3 Series,2007,12914.74,Automatic,221784,Diesel,125,22.5,4.4,Red,4
BMW100569, X3 ,2019,34305.09,Manual,67502,Diesel,,33.5,2,Grey,5
BMW100570,3 Series,2016,27980.26,Automatic,96826,Petrol,125,17.8,2.5,Silver,5
BMW100571,3 Series,2015,26367.33,Manual,110178,Diesel,20,34.3,3,,5
BMW100572,5 Series,2007,9175.57,Automatic,207352,Petrol,125,44.1,3.5,Red,4
BMW100573,X3,2021,37203.12,Manual,27576,diesel,125,44.5,2,Black,5
BMW100574,3 Series,2022,42966.84,Automatic,10268,Hybrid,20,47.9,3,Silver,5
BMW100575,X5,2020,56560.54,Automatic,32915,PETROL,20,34.7,2,Red,3
BMW100576,7 Series,2020,54250.07,Manual,50932,Petrol,150,40.1,1.6,Red,4
BMW100577,X3,2022,40288.91,Manual,24021,Petrol,150,44.2,2,Green,3
BMW100578,3 Series,2005,10203.16,Manual,222823,Petrol,125,44.7,3.5,Red,2
BMW100579,7 Series,2006,26449.62,Manual,214191,Diesel,125,31.4,4.4,White,4
BMW100580, 1 Series ,2006,10007.06,Automatic,206311,Petrol,30,35.9,2,Red,5
BMW100581,5 Series,2019,39650.41,Automatic,61481,Petrol,150,29.9,4.4,Green,4
BMW100582,5 Series,2020,36376.33,Automatic,46132,Petrol,205,31.9,2,Black,4
BMW100583,3 Series,2005,8320.43,Manual,207311,Petrol,20,46.4,,Green,3
BMW100584,1 Series,2011,15155.99,Manual,152741,Petrol,150,35.1,1.6,Green,4
BMW100585,5 Series,2014,25449.58,Automatic,113422,Hybrid,125,35,2,Silver,3
BMW100586,5 Series,2008,12893.92,Semi-Auto,190134,Petrol,30,37.2,3.5,Green,5
BMW100587,4 Series,2017,29300.18,Automatic,86552,Hybrid,150,,2,Green,4
BMW100588,X4,2015,18304.52,Manual,96087,Diesel,,33.1,1.5,Black,5
BMW100589,5 Series,2020,31237.01,Semi-Auto,52941,Hybrid,125,22.7,2,Green,4
BMW100590,6 Series,2016,38956.34,Manual,85047,Electric,125,46.4,2,Red,5
BMW100591,Z4,2013,22515.43,Automatic,145300,Petrol,150,43.9,3,Red,4
BMW100592,5 Series,2015,25095.31,Automatic,108147,  Diesel  ,30,,2.5,Green,5
BMW100593,X3,2016,20658.61,Manual,108942,Diesel,20,50.3,1.5,Red,3
BMW100594,X2,2012,23254.2,Semi-Auto,133716,  Diesel  ,145,30.3,2.5,,2
BMW100595,2 Series,2023,38506.71,Manual,7566,Petrol,125,35.7,2,Green,5
BMW100596,X5,2008,21622.04,Manual,192740,Petrol,145,40.6,2,Green,3
BMW100597,8 Series,2011,34150.12,Automatic,168740,Petrol,125,41.1,2.5,White,4
BMW100598,X1,2022,42367.08,Automatic,37423,Diesel,205,,3,Black,5
BMW100599,5 Series,2015,30062.16,Manual,98401,Diesel,145,25.6,2.5,Red,5
BMW100600,4 Series,2011,11154.53,Automatic,157503,Hybrid,0,41.1,1.5,White,5
BMW100601,4 Series,2023,42960.16,manual,21975,Diesel,150,34.1,2.5,Green,5
BMW100602,6 Series,2018,27644.97,Manual,66719,Diesel,20,25.2,1.6,White,5
BMW100603,5 Series,2017,35927.09,Semi-Auto,82061,Diesel,150,42.4,3.5,Silver,4
BMW100604,5 Series,2008,9182.4,Semi-Auto,183612,  Petrol  ,145,40.8,2,Black,4
BMW100605,1 Series,2017,32947.77,Semi-Auto,77614,Diesel,125,37,3,Red,4
BMW100606,4 Series,2010,11415.22,Manual,175766,  Diesel  ,145,35.9,1.5,Silver,3
BMW100607,6 Series,2021,37095.34,Manual,32243,Petrol,205,31,3,Silver,4
BMW100608,3 Series,2011,18058.9,Automatic,141428,Petrol,125,24,2,Grey,4
BMW100609,1 Series,2010,12763.34,Semi-Auto,164361,  Petrol  ,145,30.3,1.6,Red,4
BMW100610,i3,2016,26340.33,Semi-Auto,94484,Hybrid,235,40.3,1.5,White,4
BMW100611,2 Series,2005,9103.86,  Automatic  ,224307,Diesel,235,44.7,3,Red,4
BMW100612,8 Series,2017,45903.46,Manual,84716,Diesel,30,18.9,2,Blue,4
BMW100613,1 Series,2014,20540.29,Manual,113850,Diesel,150,42.2,1.5,Silver,5
BMW100614,X1,2010,17812.59,Automatic,167869,Petrol,20,49.1,2,Silver,3
BMW100615,X1,2009,17120.62,Automatic,180010,Petrol,125,28.7,2,Blue,5
BMW100616, 3 Series ,2012,14142.9,Automatic,141517,Hybrid,125,53.8,1.5,Red,4
BMW100617,5 Series,2007,16682.03,Semi-Auto,189534,Petrol,150,19.3,3,Red,4
BMW100618,4 Series,2020,32407.59,Automatic,45594,Petrol,150,,1.5,Green,5
BMW100619,1 Series,2014,35234.17,Automatic,127613,Diesel,0,20.2,4.4,White,4
BMW100620,X3,2010,14688.78,Manual,173208,Hybrid,125,30.8,2,Green,5
BMW100621,3 Series,2011,12505.45,Semi-Auto,162605,Hybrid,145,17.4,1.5,Grey,4
BMW100622,5 Series,2022,37632.75,Manual,22847,DIESEL,235,51.1,1.5,Blue,5
BMW100623,4 Series,2010,10459.77,Semi-Auto,169920,Petrol,,45.4,2,Blue,3
BMW100624,X1,2021,41018.24,Manual,36447,Petrol,145,15,3.5,Grey,3
BMW100625, 1 Series ,2022,39206.84,Automatic,24030,Diesel,125,47.4,2,Silver,5
BMW100626,4 Series,2023,46133.58,Automatic,500,Petrol,20,41.5,3,Blue,4
BMW100627,M3,2015,43380.19,Manual,110552,Diesel,125,35.9,1.6,Red,3
BMW100628,X4,2023,50809.42,Automatic,16479,Diesel,125,39.7,4.4,Red,4
BMW100629,1 Series,2008,13471.13,Automatic,194665,Diesel,125,19.2,4.4,Black,4
BMW100630,3 Series,2010,11611.62,Automatic,169369,Petrol,20,42.5,2,Black,4
BMW100631,1 Series,2017,41635.57,  Manual  ,78156,Diesel,150,15,4.4,Green,4
BMW100632,3 Series,2023,43722.68,Manual,19210,Diesel,150,36.5,,,4
BMW100633,3 Series,2006,2397.96,Manual,216768,Diesel,20,45.6,1.5,Blue,4
BMW100634,X1,2018,30635.96,Automatic,71976,Petrol,30,21.5,2.5,Silver,3
BMW100635,3 Series,2019,34414.36,Semi-Auto,64722,Hybrid,205,41.2,2.5,Black,5
BMW100636,7 Series,2016,48415.9,Manual,101657,Diesel,20,38.1,2.5,,4
BMW100637,3 Series,2016,26229.79,SEMI-AUTO,92679,Diesel,145,42.7,1.5,White,3
BMW100638,X5,2006,15683.34,  Automatic  ,,Diesel,125,21,2,White,4
BMW100639,5 Series,2006,8852.78,Manual,220339,Diesel,0,57.7,2,Red,4
BMW100640,6 Series,2013,22943.63,Automatic,128467,Diesel,150,29.7,3.5,Silver,5
BMW100641,M2,2012,30303.32,Semi-Auto,149813,Diesel,145,43.8,1.5,White,5
BMW100642,X3,2007,3058.14,Automatic,195323,Petrol,20,39.1,1.5,Green,4
BMW100643,2 Series,2015,27179.44,Automatic,999999,Diesel,30,43,2,Black,3
BMW100644,Z4,2010,15687.14,Semi-Auto,175136,Diesel,0,47.4,1.5,Green,2
BMW100645,5 Series,2016,27968.55,Semi-Auto,89555,Diesel,125,47.2,2.5,Green,3
BMW100646,3 Series,2007,10206.65,Automatic,193962,Petrol,30,25.3,2.5,Grey,2
BMW100647,X1,2023,33461.65,Automatic,20436,Hybrid,145,33.7,1.6,Green,4
BMW100648,4 Series,2009,14716.16,Semi-Auto,186704,Petrol,145,33.6,4.4,Silver,4
BMW100649,5 Series,2023,40212.15,Manual,19774,Diesel,,40.4,2,Black,3
BMW100650,3 Series,2005,1500,Automatic,221938,Petrol,,42.9,1.5,Grey,4
BMW100651,Z4,2012,20684.2,Manual,132783,Hybrid,235,34.1,2.5,Green,2
BMW100652,3 Series,2017,31321.97,Automatic,99890,Diesel,205,28.7,3,Red,5
BMW100653,X3,2011,14869.35,Automatic,154473,Diesel,20,26.9,1.6,Black,3
BMW100654,7 Series,2010,28117.53,Automatic,170748,Petrol,145,,2,Green,4
BMW100655,5 Series,2012,23515.67,Semi-Auto,135120,Hybrid,145,40.4,2.5,White,4
BMW100656,X4,2005,9447.93,Automatic,226411,Petrol,145,39.7,3,White,4
BMW100657,4 Series,2007,11861.91,Automatic,204282,Diesel,30,15,4.4,Black,5
BMW100658,5 Series,2015,23540.8,Automatic,,Diesel,145,36.4,2.5,White,4
BMW100659,3 Series,2017,26854.12,Manual,66379,Petrol,125,38.4,1.6,Green,5
BMW100660,X1,2014,24137.95,Semi-Auto,114754,Petrol,125,45.4,2,Red,4
BMW100661,1 Series,2020,28733.46,Automatic,51762,Petrol,150,33.2,2,Blue,5
BMW100662,M2,2006,21334.21,Automatic,214743,Petrol,150,30.8,3,Black,4
BMW100663,3 Series,2007,10777.23,Semi-Auto,196841,Petrol,150,41.1,2,Green,5
BMW100664,3 Series,2017,21749.43,Manual,86883,Diesel,125,36,2,Grey,5
BMW100665,1 Series,2013,19199.48,Semi-Auto,132171,Petrol,205,37.6,2,Blue,3
BMW100666,X2,2022,35697.88,Automatic,24246,Diesel,235,36.1,2,Grey,4
BMW100667,X3,2019,34966.28,semi-auto,63689,Petrol,205,29.3,2.5,Green,5
BMW100668,X5,2013,42525.05,MANUAL,140790,Diesel,125,15,3.5,White,5
BMW100669,1 Series,2007,11069.21,  Manual  ,215088,Petrol,,29.8,2,Blue,3
BMW100670,3 Series,2020,36464.04,Manual,46233,Petrol,20,29.2,2,White,4
BMW100671, X1 ,2015,24764.23,Manual,105520,Diesel,150,50.6,,Grey,4
BMW100672,3 Series,2014,17152.96,Automatic,131504,Hybrid,125,43.4,1.5,Red,2
BMW100673,4 Series,2016,31259.66,Semi-Auto,99376,Petrol,150,29.4,3,Silver,5
BMW100674,X5,2023,71720.24,Automatic,4099,Diesel,150,40.5,2.5,Grey,5
BMW100675,4 Series,2009,-500,Semi-Auto,190501,Petrol,30,35.4,1.5,Black,4
BMW100676,X1,2009,13732.25,Automatic,188196,Diesel,145,15.8,3,Silver,2
BMW100677, 1 Series ,2006,1500,Manual,218551,petrol,150,44.8,2,White,4
BMW100678,3 Series,2012,14483.75,Semi-Auto,148244,Diesel,125,32.4,1.5,Red,5
BMW100679,1 Series,2016,28676.88,Automatic,99505,Diesel,205,49.4,1.6,Green,5
BMW100680,X6,2015,47465.63,Automatic,104739,Diesel,205,38.3,2.5,Silver,5
BMW100681,5 Series,2020,29990.45,Automatic,56393,Petrol,30,43.5,1.5,,4
BMW100682,7 Series,2019,60983.78,Automatic,57835,Diesel,205,20,2.5,Black,4
BMW100683,6 Series,2006,6467.81,Automatic,221794,Petrol,125,21.3,2,Grey,4
BMW100684,3 Series,2014,27017.01,Automatic,130664,Petrol,145,48.1,3,Blue,4
BMW100685,5 Series,2022,41145.41,Manual,14195,Petrol,205,43.6,3.5,White,5
BMW100686,X1,2010,13651.61,Manual,169802,Diesel,145,40.6,1.6,Red,4
BMW100687, 1 Series ,2008,7727.13,Manual,202168,Diesel,150,30.6,3,Green,4
BMW100688,2 Series,2023,44340.9,Manual,16302,Diesel,145,,2,Green,4
BMW100689,3 Series,2022,50452.86,Automatic,41857,Petrol,125,32.8,4.4,,5
BMW100690,X3,2006,3203.97,Manual,214048,Diesel,150,32.9,2.5,Black,5
BMW100691,3 Series,2011,15680.94,Semi-Auto,147721,Hybrid,30,60.9,2,Silver,5
BMW100692,M2,2021,64942.28,Automatic,26118,Diesel,125,36.2,3,Silver,4
BMW100693,5 Series,2008,3485.85,Semi-Auto,189388,Diesel,145,43.4,1.6,Grey,2
BMW100694,Z4,2017,27616.63,Manual,75113,Petrol,150,39,2,Silver,4
BMW100695,1 Series,2020,29286.23,Manual,47820,Petrol,30,34.5,2,Silver,5
BMW100696,5 Series,2020,39901.31,Automatic,40289,Diesel,150,27.1,2.5,Green,5
BMW100697,X5,2016,54952,Semi-Auto,106834,Petrol,30,25.8,3.5,,5
BMW100698,X5,2008,26815.05,Semi-Auto,202784,Diesel,145,26.3,3.5,White,3
BMW100699,X5,2009,33857.34,Manual,169227,Petrol,205,24.7,3.5,Green,4
BMW100700,5 Series,2023,40405.23,Automatic,15051,petrol,150,39.3,2,White,2
BMW100701,3 Series,2014,24395.1,Automatic,115490,Petrol,235,15,3,Black,3
BMW100702,X4,2007,6859.41,Automatic,201506,Diesel,235,46.4,2,Blue,5
BMW100703,i3,2008,10712.96,Manual,213512,Petrol,20,34.9,3,White,5
BMW100704,X6,2009,24197.09,Semi-Auto,184207,Petrol,,42.5,2,Blue,3
BMW100705,1 Series,2021,32981.16,Manual,44582,Diesel,125,54.7,2.5,Red,5
BMW100706,1 Series,2009,15775.69,Automatic,163472,Diesel,150,39.5,2,Grey,4
BMW100707,1 Series,2023,36516.34,Manual,20111,Petrol,125,30.8,2,Grey,5
BMW100708,2 Series,2006,4841.82,Automatic,210051,Petrol,150,43.8,2,Green,4
BMW100709,6 Series,2020,32087.1,Automatic,54582,Petrol,125,40.3,2,Red,5
BMW100710,2 Series,2019,38377.74,Automatic,64962,Diesel,235,40.2,2,Green,2
BMW100711,X1,2019,33034.3,Automatic,74899,Diesel,125,42.4,2,,5
BMW100712,5 Series,2018,34715.12,Automatic,82820,Diesel,145,28,1.6,Blue,4
BMW100713,1 Series,2011,15878.22,Automatic,156466,Petrol,20,44.3,2,Red,3
BMW100714,5 Series,2008,10411.79,Semi-Auto,198813,Petrol,30,27.8,2,Grey,5
BMW100715,3 Series,2012,19373.35,Automatic,146629,  Diesel  ,205,34.3,2,Green,4
BMW100716,5 Series,2021,41936.44,Automatic,42425,Diesel,20,34.8,3,White,4
BMW100717,3 Series,2023,37702.27,Manual,15108,Petrol,0,31.8,2,Green,4
BMW100718,X2,2022,42933.97,Manual,40286,Electric,150,51.5,1.5,Grey,4
BMW100719,i3,2018,28248.78,Manual,82367,Petrol,150,43.4,2,Silver,4
BMW100720,3 Series,2008,12912.04,Manual,188090,Hybrid,20,48.5,1.6,Grey,3
BMW100721,4 Series,2015,25244.91,Manual,101063,Petrol,150,35.7,2,Grey,4
BMW100722,X3,2005,14071.11,Automatic,233130,Petrol,145,15,4.4,Green,5
BMW100723,1 Series,2011,16454.58,Automatic,154864,  Petrol  ,0,33.1,2,Blue,5
BMW100724,X3,2019,36982.01,Manual,64115,Petrol,20,24.6,3.5,Green,5
BMW100725,2 Series,2011,26951.39,Manual,160734,Petrol,30,27.9,4.4,Blue,3
BMW100726,3 Series,2016,23649.32,Semi-Auto,110706,Diesel,125,33,1.5,Black,5
BMW100727,X3,2020,35503.98,Automatic,53982,Petrol,125,32.4,2.5,Blue,4
BMW100728,X2,2012,19140.85,  Semi-Auto  ,156674,Hybrid,125,30.7,,,5
BMW100729, 6 Series ,2014,23396.3,Automatic,133082,Diesel,20,22.1,3,Silver,4
BMW100730,2 Series,2018,31776.29,Automatic,80780,Diesel,150,41,2,White,5
BMW100731,1 Series,2018,28605.82,Semi-Auto,92815,Petrol,20,35.3,1.5,Blue,4
BMW100732,3 Series,2022,41778.72,Manual,10246,Petrol,205,43.3,3,Green,4
BMW100733,X1,2007,4326.59,Semi-Auto,198803,Petrol,30,45.8,1.6,Black,4
BMW100734,X6,2011,42234.04,Automatic,159609,Petrol,,44.6,3,Black,4
BMW100735,3 Series,2012,14662.69,Automatic,136050,Petrol,30,48,2,White,3
BMW100736,3 Series,2017,24120.25,Automatic,85942,Petrol,0,27.4,1.5,Silver,5
BMW100737,X3,2017,27700.91,Manual,89546,Petrol,150,45.6,2,Black,4
BMW100738,3 Series,2006,4082.49,Semi-Auto,216213,Petrol,205,35.4,2,Black,2
BMW100739,1 Series,2023,42133.62,Manual,17990,Diesel,0,26.4,3,Black,4
BMW100740,X1,2018,36435.81,Automatic,73865,Diesel,0,,3.5,Blue,5
BMW100741,X1,2007,6150.96,MANUAL,206738,Petrol,205,35.2,2,Black,4
BMW100742,5 Series,2009,15507.19,Automatic,191150,Petrol,150,31.5,2.5,Green,5
BMW100743,M3,2006,10202.38,Manual,217266,Hybrid,125,40.4,2,Black,5
BMW100744,X3,2022,39876.07,Automatic,26294,Diesel,150,34.9,3,Grey,3
BMW100745,4 Series,2005,3455.23,  Automatic  ,216361,Petrol,235,38.9,2,,4
BMW100746,1 Series,2010,11227.95,Automatic,156427,Petrol,125,30.8,1.5,Blue,4
BMW100747,i3,2019,36710.14,Manual,62369,Petrol,235,33.4,2.5,White,2
BMW100748,5 Series,2012,18653.32,Semi-Auto,152922,DIESEL,20,43.9,2,Green,4
BMW100749,3 Series,2010,29072,Automatic,169853,Diesel,20,32.4,4.4,Black,5
BMW100750,1 Series,2017,31539.69,Semi-Auto,89836,Petrol,150,43.9,2,Green,4
BMW100751,3 Series,2020,40317.72,Semi-Auto,54001,Petrol,125,26,3.5,Blue,4
BMW100752,5 Series,2012,23582.74,Manual,141034,Petrol,125,33.2,3,Red,4
BMW100753,5 Series,2015,19741.83,Automatic,116833,Petrol,150,41,2,Blue,4
BMW100754, X1 ,2010,16265.46,Semi-Auto,171741,Petrol,145,50.4,2,Silver,4
BMW100755,X2,2009,6956.12,Manual,190078,Diesel,30,40.5,1.5,Green,4
BMW100756,3 Series,2018,31110.43,Semi-Auto,74420,Hybrid,125,27.4,2,Grey,4
BMW100757,3 Series,2008,13012.49,AUTOMATIC,213987,Petrol,125,23.1,3,Black,4
BMW100758,X4,2021,39987.34,Automatic,45812,Petrol,235,30.2,2,White,4
BMW100759,X3,2008,4347.46,Manual,202647,Diesel,30,36,1.5,Grey,3
BMW100760,3 Series,2015,25125.63,Automatic,116942,Diesel,150,27.3,2.5,Blue,4
BMW100761,X1,2017,37159.91,Semi-Auto,85177,Petrol,125,29.9,3,Red,5
BMW100762,X5,2012,36656.68,Automatic,152387,Hybrid,150,27.5,3,Grey,4
BMW100763,i3,2013,31184.41,Automatic,135027,Diesel,125,28.7,4.4,,3
BMW100764,5 Series,2018,31787.94,Manual,75557,Petrol,30,31.3,2.5,White,5
BMW100765,4 Series,2019,33954.4,Automatic,68488,Petrol,145,31,3,Silver,5
BMW100766,3 Series,2005,10062.84,Automatic,226862,Hybrid,235,41.9,4.4,Silver,5
BMW100767,X5,2007,21397.34,Manual,204416,Hybrid,125,,2,Blue,4
BMW100768,Z4,2019,43709.8,Manual,64973,Petrol,145,35.4,4.4,Silver,4
BMW100769,1 Series,2006,10408.79,Automatic,221863,hybrid,150,41.7,3,Red,4
BMW100770, 1 Series ,2020,33996.55,Manual,51553,Petrol,150,28.9,2,Black,4
BMW100771,3 Series,2017,28688.66,Manual,85377,Petrol,30,39.7,1.6,Black,5
BMW100772,3 Series,2023,52827.34,Automatic,18585,Electric,20,39.5,3.5,Green,4
BMW100773,X3,2008,8957.78,Manual,180314,Petrol,125,35.3,2,Silver,4
BMW100774,1 Series,2010,16170.4,Manual,170391,Diesel,20,37.1,2,Grey,3
BMW100775,X5,2016,43573.83,Semi-Auto,96624,Petrol,20,45.9,1.6,Silver,5
BMW100776,5 Series,2015,22669.3,Manual,112826,Diesel,20,32.1,2,Silver,4
BMW100777,1 Series,2018,27839.29,Manual,85127,Petrol,150,29.2,1.5,Red,4
BMW100778,1 Series,2014,20852.47,Automatic,116365,Petrol,150,27.4,2,White,5
BMW100779,1 Series,2009,12432.52,Semi-Auto,178749,Diesel,235,36.2,1.5,Grey,5
BMW100780,5 Series,2019,35018.25,Automatic,58207,  Petrol  ,150,28.4,2,Black,4
BMW100781,X5,2011,36004.53,Automatic,151687,Diesel,0,,3,,4
BMW100782,X1,2013,20281.34,Manual,124503,Diesel,150,28,2,Black,5
BMW100783,4 Series,2010,23350.57,Semi-Auto,171648,Diesel,20,,3.5,Red,4
BMW100784,3 Series,2017,24673.98,Semi-Auto,77336,Diesel,150,35.8,2,Blue,4
BMW100785,3 Series,2005,4577.32,Manual,,Petrol,20,45.1,2,Red,4
BMW100786,1 Series,2015,22527.61,automatic,106113,Petrol,0,52.2,1.6,Blue,4
BMW100787,5 Series,2021,36522.02,Manual,25382,Petrol,125,45.2,2.5,White,2
BMW100788,X1,2015,22320.09,Manual,100539,Diesel,30,40.4,2,Red,4
BMW100789,X4,2009,13049.62,Automatic,176465,Petrol,125,,2,Silver,5
BMW100790, X2 ,2018,36142.66,Automatic,57184,Diesel,125,18.7,3,Black,4
BMW100791,X5,2011,42279.28,Manual,165079,Diesel,235,27.7,4.4,Black,4
BMW100792,5 Series,2019,34283.46,Manual,49285,Diesel,125,36.5,2.5,Red,5
BMW100793,3 Series,2023,38266.36,Manual,13414,Petrol,,21.9,2,Green,4
BMW100794,M3,2005,18173.22,Manual,225838,diesel,145,31.4,3,,4
BMW100795,i3,2005,5341.29,Manual,225585,Petrol,145,45.9,2,Grey,5
BMW100796,X1,2013,19971.46,Semi-Auto,124615,Petrol,0,22.3,3.5,Grey,3
BMW100797,X3,2020,46318.55,automatic,43038,Electric,150,46,2,Blue,4
BMW100798, X2 ,2013,20472.58,Automatic,129211,Diesel,125,,2.5,White,5
BMW100799,X3,2016,27847.88,Manual,95488,Petrol,125,27.3,2,Blue,4
BMW100800,X1,2013,25720.22,Automatic,134480,Petrol,125,32.2,3,,5
BMW100801,3 Series,2010,13597.29,manual,169415,Petrol,145,39.6,2,Black,5
BMW100802,2 Series,2018,29302.46,Automatic,62275,Petrol,125,26.5,2.5,Grey,4
BMW100803,X3,2008,5988.17,Manual,195204,Petrol,20,25,2,Grey,4
BMW100804,X5,2010,34796.99,Manual,174119,Diesel,20,40.2,3,Black,3
BMW100805,X6,2016,42897.33,Automatic,110687,Diesel,145,23.3,1.6,Grey,4
BMW100806,7 Series,2021,60883.52,Manual,26692,Petrol,125,25.8,1.5,Blue,4
BMW100807,X3,2023,38328.01,Automatic,6825,Petrol,145,,2,Blue,2
BMW100808,5 Series,2013,22895.11,Semi-Auto,129503,Petrol,150,34.6,2,White,5
BMW100809,X1,2021,31104.88,Automatic,57684,Petrol,30,30.9,1.6,,3
BMW100810,M3,2014,38342.78,Manual,128955,Diesel,20,43.3,2,Blue,3
BMW100811,Z4,2019,33626.94,Automatic,52643,Petrol,125,36.2,3,Silver,5
BMW100812,1 Series,2017,28822.23,manual,80275,Diesel,30,34.3,2.5,Grey,4
BMW100813,X1,2012,,Semi-Auto,149876,Electric,125,42.8,2,Silver,4
BMW100814,X2,2013,32179.5,Automatic,134249,Petrol,145,16.9,4.4,Red,4
BMW100815,3 Series,2010,12761.88,Automatic,166222,Petrol,125,37.5,2.5,Green,3
BMW100816,8 Series,2018,52150.85,Manual,83094,  Petrol  ,235,41.7,2,Green,3
BMW100817,X1,2022,40885.61,Automatic,17739,Diesel,125,28.7,2.5,Red,4
BMW100818,i3,2011,16183.79,Manual,139817,Diesel,125,29.1,1.6,Green,4
BMW100819,5 Series,2019,37192.58,Semi-Auto,59440,Petrol,145,39.6,3,Green,5
BMW100820,X3,2012,28980.38,Manual,143764,Diesel,125,27.2,3.5,Red,4
BMW100821,X2,2016,27612.51,Manual,106262,Hybrid,30,31.7,3,Black,5
BMW100822,3 Series,2017,33257.46,Semi-Auto,66760,Petrol,145,37.3,3.5,Blue,4
BMW100823,X3,2023,46059.48,Semi-Auto,23281,Petrol,145,24.3,,Silver,5
BMW100824,5 Series,2019,38052.25,Manual,50423,Diesel,145,42.2,2,Black,3
BMW100825,3 Series,2022,39906.9,Automatic,39115,Hybrid,125,38.4,1.6,Blue,4
BMW100826,5 Series,2013,22528.85,Automatic,124889,Diesel,205,35.4,2.5,Green,3
BMW100827,1 Series,2010,17656.11,Automatic,,Petrol,150,48.8,2,Black,4
BMW100828,6 Series,2006,8523.4,Automatic,213249,Petrol,125,37.7,2,,5
BMW100829,5 Series,2011,18425.7,Manual,151568,Diesel,150,38.9,2.5,Silver,4
BMW100830,3 Series,2012,22610.16,Semi-Auto,153277,Petrol,0,45,2,Green,5
BMW100831,4 Series,2016,24282.06,Automatic,105721,Petrol,30,31.8,2,White,4
BMW100832,4 Series,2010,18614.63,Automatic,173579,Petrol,145,26,1.6,Red,3
BMW100833,X1,2014,19429.09,Manual,126739,Diesel,30,49.6,1.5,Blue,4
BMW100834,5 Series,2011,17502.11,Semi-Auto,152643,Diesel,145,24.4,2,Silver,4
BMW100835,7 Series,2014,35355.44,  Automatic  ,116791,Diesel,150,32.7,2,Black,4
BMW100836,5 Series,2015,31890.59,Semi-Auto,103101,Hybrid,30,30.8,3.5,Grey,5
BMW100837,4 Series,2012,25887.25,Automatic,153120,Petrol,20,16,3.5,White,4
BMW100838,X5,2010,25038.66,Manual,167335,Petrol,150,34.7,2,Silver,4
BMW100839,5 Series,2009,8798.75,Automatic,179548,Diesel,20,28.1,2,Silver,4
BMW100840,X3,2012,16679.32,Manual,148611,diesel,20,39.4,2,Silver,4
BMW100841,M4,2007,18688.93,Semi-Auto,216946,Hybrid,20,42.2,2,Black,4
BMW100842,1 Series,2020,35460.43,Semi-Auto,50150,Petrol,145,44.3,2.5,Red,3
BMW100843,3 Series,2020,26980.02,Automatic,49131,Hybrid,145,54.2,,White,4
BMW100844,M3,2013,37856.31,Automatic,117983,Diesel,,28.3,2,Silver,5
BMW100845,M4,2008,27668.81,AUTOMATIC,181883,Diesel,125,36.9,2,Black,5
BMW100846,X1,2007,6791.07,Semi-Auto,202650,Petrol,145,34.9,2,Grey,5
BMW100847,X5,2016,51703.69,Automatic,110577,Diesel,125,26.1,2,Grey,4
BMW100848,5 Series,2023,46283.32,Automatic,11695,Petrol,150,41.4,2.5,Silver,3
BMW100849,4 Series,2014,22205.03,Manual,120058,Diesel,125,38.5,2,Black,3
BMW100850, i8 ,2007,18531.65,Manual,194275,Hybrid,145,30.3,2.5,Blue,5
BMW100851,6 Series,2013,22923.94,MANUAL,133104,Petrol,125,33.3,2,Green,5
BMW100852,X7,2012,33031.38,Automatic,141685,Diesel,145,44.6,2,,4
BMW100853,X1,2014,25507.53,Automatic,120436,Diesel,125,42.5,2.5,White,4
BMW100854,4 Series,2015,34369.31,Automatic,111144,  Hybrid  ,145,19.2,4.4,Black,4
BMW100855,i3,2009,14865.23,Automatic,196123,Petrol,125,33.9,2.5,White,5
BMW100856,3 Series,2010,13822.12,Automatic,175819,Diesel,150,39.4,1.5,Silver,3
BMW100857,2 Series,2020,37133.8,Manual,55942,Diesel,205,39.1,3.5,White,4
BMW100858,2 Series,2008,14175.78,Semi-Auto,208825,Petrol,235,31.9,2.5,Blue,4
BMW100859,3 Series,2008,10056.63,Automatic,175589,Diesel,125,43.4,2,Grey,4
BMW100860,X1,2018,39201.73,Semi-Auto,75832,Petrol,125,35.4,3.5,Silver,5
BMW100861,X6,2011,42181.2,Semi-Auto,150266,Electric,145,39.1,2,Blue,4
BMW100862,X3,2021,,Semi-Auto,36663,Petrol,205,39.9,4.4,Grey,4
BMW100863,X3,2015,34630.3,Automatic,106470,Electric,150,37,2,Silver,4
BMW100864,7 Series,2006,26449.62,Manual,214191,Diesel,125,31.4,4.4,White,4
BMW100865, 5 Series ,2005,5299.67,Semi-Auto,226986,Diesel,150,32.2,3.5,Silver,4
BMW100866,4 Series,2006,13694.03,MANUAL,225659,Hybrid,125,32.7,4.4,,4
BMW100867,5 Series,2021,35556.24,Semi-Auto,32674,Diesel,,,2,White,4
BMW100868,3 Series,2013,25707.01,Semi-Auto,133849,Hybrid,125,39.6,3,Green,5
BMW100869,7 Series,2015,44610.13,Semi-Auto,104589,Petrol,205,29.6,3.5,Blue,4
BMW100870,3 Series,2011,13893.43,Manual,168208,Hybrid,150,27.9,2.5,Blue,4
BMW100871,X4,2012,16319.29,Automatic,163985,Petrol,145,27.3,2,White,5
BMW100872,5 Series,2010,17536,Semi-Auto,155754,Diesel,145,38,2.5,Silver,2
BMW100873,7 Series,2006,15784.13,Manual,226873,Petrol,20,50.7,1.5,Silver,4
BMW100874, 3 Series ,2017,31413.09,Semi-Auto,85317,Petrol,125,,3,Silver,4
BMW100875,X1,2020,35124.5,Automatic,49243,Petrol,145,31.4,2,Grey,4
BMW100876, X3 ,2010,17299.7,manual,163604,Petrol,125,31.3,3.5,Blue,4
BMW100877,8 Series,2019,54100.42,Automatic,61982,Petrol,125,28.3,2,Black,5
BMW100878,X3,2014,24329.66,Automatic,121073,Petrol,30,38.6,2,White,5
BMW100879,3 Series,2016,29722.61,Automatic,98961,Petrol,,20,3.5,Red,4
BMW100880,2 Series,2013,28431.54,Manual,129993,Petrol,145,25.7,3.5,Silver,4
BMW100881,8 Series,2009,43086.37,Manual,171823,Diesel,145,40.1,4.4,Blue,3
BMW100882,1 Series,2013,16083.06,Automatic,,Petrol,150,41.8,1.6,Red,5
BMW100883,X5,2007,,Semi-Auto,207780,Diesel,125,31.6,3,Grey,4
BMW100884,3 Series,2007,8882,Automatic,211428,Hybrid,235,42.5,1.5,Green,4
BMW100885,5 Series,2013,13467.02,Manual,137151,Petrol,145,32.3,1.5,White,4
BMW100886,2 Series,2017,34929.95,Manual,94794,Diesel,205,35.8,3.5,Black,4
BMW100887,4 Series,2013,21993.54,Automatic,129424,Petrol,20,,2,Red,5
BMW100888,3 Series,2017,29017.89,Manual,92152,Petrol,125,46.7,1.5,Red,3
BMW100889,5 Series,2016,26778.29,Semi-Auto,94118,Diesel,235,34.7,2.5,Silver,5
BMW100890,4 Series,2008,12037.81,Semi-Auto,189865,Petrol,205,33.1,2.5,Silver,3
BMW100891,1 Series,2011,13146.84,Semi-Auto,153578,Diesel,0,45.8,2,Blue,5
BMW100892, 3 Series ,2023,38826.14,Automatic,2763,Hybrid,205,41.5,2,Silver,4
BMW100893,3 Series,2016,25993.61,Manual,109696,  Petrol  ,30,22.9,2.5,Blue,3
BMW100894,5 Series,2015,25808.67,Semi-Auto,106316,Hybrid,145,35.7,2,Silver,3
BMW100895,X1,2017,34245.19,Manual,65140,Diesel,145,41.6,2,Red,5
BMW100896,X2,2009,22588.03,Automatic,182790,Petrol,20,31.6,3.5,Silver,4
BMW100897,X3,2016,30256.91,Manual,90126,Petrol,125,37,4.4,White,3
BMW100898,1 Series,2016,29855.64,semi-auto,86158,Diesel,20,29.3,3.5,,4
BMW100899,6 Series,2009,15195.75,Semi-Auto,181046,Diesel,145,25.9,3,Red,4
BMW100900,4 Series,2013,24112.22,Manual,128701,petrol,150,39.2,3,,5
BMW100901,1 Series,2020,43729.37,Automatic,57890,Diesel,205,42.7,3.5,Silver,4
BMW100902,4 Series,2014,27064.69,Manual,113091,Diesel,125,45.7,3.5,Red,2
BMW100903,1 Series,2005,3983.96,Semi-Auto,229301,Diesel,145,,2,Grey,4
BMW100904,3 Series,2008,6162.65,Automatic,210645,Hybrid,125,29.4,2.5,Blue,5
BMW100905,5 Series,2006,10080.02,Automatic,221922,Petrol,125,31.4,3,Black,5
BMW100906,4 Series,2021,38538.46,AUTOMATIC,34173,DIESEL,30,35.3,1.6,Black,4
BMW100907,X3,2022,35326.14,Manual,27045,Petrol,125,42.9,1.5,Red,4
BMW100908,X5,2018,56006.94,Automatic,65597,Petrol,125,29.4,3,Grey,2
BMW100909,X5,2006,11214.64,Manual,205920,Diesel,150,49.7,1.6,Blue,4
BMW100910,X3,2021,42103.38,Automatic,14623,Diesel,235,21.2,3.5,,4
BMW100911,X3,2010,19926.95,Automatic,164175,Diesel,145,16.7,3.5,Grey,4
BMW100912,5 Series,2016,28817.69,Semi-Auto,109362,Diesel,125,41.3,1.6,Green,4
BMW100913,X3,2010,13717.94,Semi-Auto,169944,Petrol,125,25.2,2,White,3
BMW100914,1 Series,2017,29144.51,Manual,76281,Diesel,145,30.7,2.5,Black,4
BMW100915,5 Series,2015,28201.32,Manual,110580,  Petrol  ,125,34.8,3.5,Silver,4
BMW100916,5 Series,2018,32230.55,Manual,77890,Diesel,125,27.7,2,Green,2
BMW100917,5 Series,2012,16271.98,Manual,148499,Petrol,30,44,1.5,Silver,5
BMW100918,3 Series,2018,28431.17,AUTOMATIC,70147,Diesel,205,40.3,1.5,Grey,4
BMW100919,5 Series,2016,27710.45,Automatic,104016,Petrol,145,33.5,2.5,Green,5
BMW100920,X5,2006,22961.18,Semi-Auto,223906,Petrol,145,33.6,3,Blue,4
BMW100921,1 Series,2021,39192.82,Automatic,37831,Diesel,0,40.5,2.5,Green,4
BMW100922,1 Series,2014,22100.09,Semi-Auto,124349,Petrol,0,34.3,1.5,Black,5
BMW100923,X1,2013,21883.06,Semi-Auto,133538,Diesel,125,42.8,2,,5
BMW100924, 6 Series ,2017,39198.91,Automatic,89424,Petrol,150,41.9,4.4,Red,5
BMW100925,X3,2021,35406.15,Automatic,31754,Petrol,125,42.2,2,Green,4
BMW100926,3 Series,2008,13345.56,MANUAL,191738,Diesel,145,39.4,2,,4
BMW100927,X3,2015,26631.12,Semi-Auto,98812,Petrol,145,31.1,1.6,Blue,4
BMW100928,3 Series,2019,35815.85,Automatic,57353,Diesel,150,27.2,3,Green,4
BMW100929,X3,2021,34969.43,Semi-Auto,34368,Petrol,30,43.1,2,Green,5
BMW100930,3 Series,2018,33128.98,Semi-Auto,79409,Diesel,150,27.7,2.5,,2
BMW100931,X3,2019,35940.45,Manual,52922,Diesel,125,,1.6,Blue,4
BMW100932,7 Series,2019,63526.42,Semi-Auto,50763,Diesel,,40.9,3.5,Grey,4
BMW100933,3 Series,2006,7475.17,Manual,216314,Diesel,20,34.5,2.5,Red,4
BMW100934,3 Series,2007,7449,Automatic,197300,Diesel,150,29.9,2,Black,4
BMW100935,3 Series,2010,20007.21,MANUAL,171977,Petrol,145,27.6,3.5,Blue,5
BMW100936,3 Series,2014,26490.49,Semi-Auto,117088,Petrol,125,32.5,2,Blue,3
BMW100937,5 Series,2023,43528.66,Semi-Auto,12582,Petrol,150,33.6,2,Black,2
BMW100938,X5,2014,48112.96,Automatic,114420,Diesel,30,39.3,3,Silver,5
BMW100939,5 Series,2008,23079.32,Manual,183978,Petrol,145,22.2,3.5,Blue,3
BMW100940,X1,2016,24539.57,manual,102296,Diesel,125,22.9,2,White,5
BMW100941,3 Series,2023,52911.04,Manual,23062,Electric,20,,2,Grey,4
BMW100942,4 Series,2013,19712.52,Semi-Auto,142301,Petrol,30,33.6,2,Green,4
BMW100943,X5,2015,45294.05,Manual,103805,Petrol,125,30.2,2,Black,5
BMW100944,5 Series,2020,33607.92,Automatic,50576,Diesel,205,,1.5,Green,3
BMW100945,X3,2016,26803.5,Manual,95166,Petrol,125,37.9,2.5,Black,4
BMW100946,7 Series,2006,20999.69,Automatic,212585,Petrol,20,27.9,2.5,,3
BMW100947,X3,2023,44665.03,Automatic,7621,diesel,125,30.1,3.5,Black,4
BMW100948,X1,2015,25509.98,Automatic,97938,Diesel,150,33.8,1.6,Black,5
BMW100949,5 Series,2017,31331.38,Automatic,82222,Petrol,30,31.5,3,Blue,5
BMW100950,7 Series,2023,,Semi-Auto,500,Diesel,205,39.5,3.5,Silver,4
BMW100951,X5,2014,40693.84,Automatic,121317,Hybrid,20,30.7,2,Black,4
BMW100952,i3,2013,35376.62,Semi-Auto,135878,Electric,205,44.4,2,Grey,4
BMW100953,1 Series,2010,16180.21,Automatic,166078,Diesel,205,26.6,2,Blue,5
BMW100954,X1,2017,30037.48,Automatic,90294,Diesel,125,38.3,1.6,Green,5
BMW100955,5 Series,2008,14463.17,  Semi-Auto  ,181944,Petrol,125,37.5,2.5,Black,4
BMW100956,i8,2018,53085.03,Manual,81589,Petrol,150,36.5,2,Red,4
BMW100957,X6,2018,46894.03,Semi-Auto,68456,Petrol,145,32.9,1.5,Black,4
BMW100958,X2,2019,29711,Automatic,57374,Diesel,150,42.1,1.5,Red,5
BMW100959,1 Series,2014,23441.93,Semi-Auto,129656,Petrol,150,33.3,2,Grey,4
BMW100960,4 Series,2012,16966.89,Automatic,140374,Petrol,150,24.7,1.6,Blue,5
BMW100961,2 Series,2014,18413.56,Automatic,119362,Petrol,20,26.4,2,Silver,5
BMW100962,M3,2007,21094.06,Automatic,197864,Petrol,145,50.7,1.6,Red,4
BMW100963,8 Series,2019,56955.74,Manual,70134,Hybrid,125,23.5,2.5,Green,5
BMW100964,5 Series,2018,37927.3,Automatic,62413,Diesel,125,29.2,4.4,White,3
BMW100965,X2,2014,19265.64,Automatic,109429,Diesel,0,38.1,1.5,Black,5
BMW100966,8 Series,2006,21553.5,Semi-Auto,210357,Diesel,125,36.6,2.5,Grey,4
BMW100967,3 Series,2020,35701.85,Semi-Auto,48190,Diesel,125,25.3,1.5,Green,4
BMW100968,X5,2014,48088.48,Semi-Auto,113670,Petrol,30,35.7,3,Green,3
BMW100969,4 Series,2017,28535.97,Manual,69346,Petrol,145,51.5,1.6,Red,3
BMW100970,i3,2018,32089.34,Semi-Auto,67466,Petrol,145,28,2,Black,4
BMW100971,M3,2013,40864.45,Automatic,134165,Diesel,145,53.3,3,Grey,4
BMW100972,Z4,2011,13827.37,Semi-Auto,162747,Diesel,30,43.3,1.5,Red,4
BMW100973,8 Series,2020,55286.26,Automatic,46908,Petrol,125,37.6,2,Red,3
BMW100974,5 Series,2014,22051.94,Automatic,116743,Diesel,145,42,2,,5
BMW100975,4 Series,2008,9224.56,Semi-Auto,192655,Petrol,20,31.9,2,Green,4
BMW100976,3 Series,2019,43513.84,Semi-Auto,70554,  Diesel  ,150,30,4.4,,4
BMW100977,3 Series,2008,7652.89,Semi-Auto,180693,Petrol,20,43.2,2.5,Green,4
BMW100978,M5,2022,60281.33,Semi-Auto,31671,Diesel,30,31.4,2,Silver,5
BMW100979,5 Series,2016,22917.97,Automatic,89211,Petrol,205,40.4,1.6,Red,5
BMW100980,X1,2017,35187.04,Semi-Auto,76181,Diesel,125,32.8,3,Blue,4
BMW100981,1 Series,2015,20211.16,Automatic,101733,Diesel,0,36.8,1.6,,4
BMW100982,i3,2018,32640.54,Automatic,62437,Petrol,150,49.3,1.5,Black,4
BMW100983,3 Series,2018,32494.3,Semi-Auto,63092,Petrol,125,25,2,Silver,5
BMW100984,3 Series,2021,51173,Semi-Auto,39497,Electric,30,33.8,2,Silver,4
BMW100985,X1,2005,6394.47,Automatic,232290,Petrol,145,33,3,White,4
BMW100986,3 Series,2010,15678.87,Semi-Auto,167076,Diesel,145,33,3,White,5
BMW100987,M4,2013,38260.31,Manual,120234,Diesel,145,31.2,2.5,White,4
BMW100988,M3,2014,48063,Manual,124048,Petrol,205,29.4,3.5,White,3
BMW100989,1 Series,2011,16478.79,AUTOMATIC,152433,Diesel,0,38.3,1.6,Grey,5
BMW100990,X5,2005,17000.69,Manual,217739,Petrol,30,31.8,2.5,Red,4
BMW100991,1 Series,2023,37103.98,Semi-Auto,17813,Petrol,150,34.9,,White,4
BMW100992,4 Series,2021,40339.65,Manual,29311,Diesel,145,39.7,2.5,White,3
BMW100993,7 Series,2014,34256.96,Semi-Auto,119696,Diesel,145,38.9,1.6,Blue,3
BMW100994,X1,2009,10775.44,Automatic,185911,Diesel,125,43.2,2,Red,5
BMW100995,4 Series,2017,25678.4,Automatic,79440,Diesel,145,30.5,1.6,Black,4
BMW100996,1 Series,2006,11102.35,Manual,224693,Petrol,125,20.9,3.5,Grey,4
BMW100997,1 Series,2011,15892.96,Manual,158416,Diesel,205,50.6,1.6,Red,5
BMW100998,i3,2013,19078.05,Semi-Auto,127507,Hybrid,30,31.9,2,Red,4
BMW100999,5 Series,2009,6411.76,Semi-Auto,176581,petrol,20,41.5,1.5,Red,5
BMW101000,3 Series,2016,31170.31,Semi-Auto,92508,Diesel,125,43.2,2.5,Black,2
BMW101001,6 Series,2009,12208.94,Automatic,180807,Diesel,125,51.9,2,Grey,4
BMW101002,X3,2013,23655.85,Automatic,139627,Diesel,125,28.3,3,Silver,5
BMW101003,2 Series,2022,40256.5,Automatic,12364,Petrol,125,36.5,2,White,5
BMW101004,2 Series,2006,5546.05,Automatic,221710,Diesel,235,32.5,2,Black,3
BMW101005,3 Series,2013,19829.36,Semi-Auto,154139,Petrol,150,45.8,1.5,White,4
BMW101006,X1,2014,22481.81,Manual,108703,Petrol,150,38.5,2,Blue,4
BMW101007,4 Series,2012,18169.39,Semi-Auto,148128,Diesel,205,38.1,2,Silver,2
BMW101008,3 Series,2015,32819.33,Manual,105822,Diesel,20,29.4,,Blue,4
BMW101009,1 Series,2012,17270.21,Semi-Auto,143861,Petrol,145,39.3,2,Blue,4
BMW101010,M2,2010,32078.58,Automatic,167709,Diesel,145,43.1,3,Green,4
BMW101011,5 Series,2013,22835.66,Automatic,127398,Petrol,150,45.8,2,Green,4
BMW101012,X7,2017,50421.55,Manual,85715,Petrol,30,52.4,2.5,Blue,4
BMW101013,Z4,2014,31657.94,Automatic,117835,Diesel,150,15,4.4,Green,4
BMW101014,4 Series,2009,17680.82,Semi-Auto,179489,Diesel,150,29.6,2,Silver,5
BMW101015,1 Series,2012,21298.03,Semi-Auto,,Diesel,125,36.3,3,White,4
BMW101016,6 Series,2022,40857.54,Semi-Auto,23272,Petrol,125,36.9,2,Green,3
BMW101017,5 Series,2021,35484.05,Manual,38225,Petrol,,45.1,1.6,,3
BMW101018,3 Series,2005,3256.37,Automatic,221885,Diesel,150,48.9,1.5,White,4
BMW101019,5 Series,2021,33319.72,Automatic,48517,Diesel,30,35.4,1.5,Blue,2
BMW101020,5 Series,2010,12299.77,Automatic,175443,Diesel,150,31.5,2,Blue,5
BMW101021, 3 Series ,2013,20837.97,Semi-Auto,125965,Diesel,145,31.7,4.4,Red,4
BMW101022,7 Series,2009,23115.82,Automatic,181999,Petrol,,50.2,2,Green,2
BMW101023,1 Series,2006,12478.56,Manual,205073,Petrol,0,27,3.5,Grey,4
BMW101024,M4,2015,47244.84,Manual,118096,Petrol,150,21.6,3.5,Red,4
BMW101025,X1,2023,42949.19,Automatic,10180,Petrol,145,31.8,3,Black,5
BMW101026,X3,2016,23708.9,Semi-Auto,95497,Petrol,125,37,1.5,Green,4
BMW101027,3 Series,2018,31739.18,Automatic,79430,Petrol,145,26.8,3,,4
BMW101028,X1,2020,33409.12,Semi-Auto,46720,petrol,150,26.9,2,Black,2
BMW101029,X3,2023,35512.01,Automatic,14868,Hybrid,20,41.3,,Silver,4
BMW101030,X1,2017,28858.54,Manual,95099,Diesel,20,23.5,2,White,5
BMW101031,i3,2022,37553.71,Manual,13969,Petrol,235,51.2,2,Red,4
BMW101032,8 Series,2012,29395.6,Automatic,135947,PETROL,235,33,2,Grey,2
BMW101033,2 Series,2017,31415.04,Semi-Auto,77447,Hybrid,30,31.5,2,,5
BMW101034,8 Series,2020,60403.76,Automatic,61150,Petrol,0,45.4,2.5,Black,4
BMW101035,3 Series,2014,26288.11,Automatic,119063,Diesel,30,,3.5,Black,5
BMW101036,3 Series,2010,12553.63,Automatic,165335,Petrol,30,40.4,1.6,Red,4
BMW101037,1 Series,2013,21630.28,Automatic,131053,Petrol,205,22.6,3,Blue,2
BMW101038,1 Series,2009,6971.9,Manual,188905,Diesel,205,49.6,1.6,Grey,4
BMW101039,X3,2016,,Semi-Auto,101645,Diesel,20,47.5,2,Green,5
BMW101040,3 Series,2006,1500,Manual,210355,Diesel,125,32.8,1.5,White,3
BMW101041,4 Series,2015,24986.53,Semi-Auto,119612,Hybrid,145,29.7,1.6,Red,5
BMW101042, 1 Series ,2012,25478.25,Manual,132362,Diesel,205,33.6,4.4,Blue,4
BMW101043,3 Series,2020,37328.48,Manual,57814,Petrol,125,,2,Green,5
BMW101044,1 Series,2008,7145.27,Manual,202241,Petrol,150,33.1,2,Blue,4
BMW101045,X2,2016,25996.67,Automatic,103819,Petrol,145,51.3,2,Red,5
BMW101046,1 Series,2019,34055.92,Manual,48763,Diesel,20,32.9,2,Blue,5
BMW101047,8 Series,2014,37927.95,Semi-Auto,127277,Petrol,150,41.3,2,Grey,4
BMW101048,4 Series,2012,24679.35,Manual,130817,Petrol,145,34.7,2.5,Green,4
BMW101049,X4,2013,22001.66,Automatic,142598,Petrol,30,42.9,1.5,Silver,4
BMW101050,3 Series,2012,22804.75,Semi-Auto,142540,Petrol,150,30.3,3,Red,5
BMW101051,3 Series,2020,39113.12,Automatic,51614,Diesel,125,27.3,3,Green,4
BMW101052,7 Series,2021,59940.04,Semi-Auto,31862,Hybrid,20,46.7,1.6,Red,5
BMW101053,7 Series,2011,29585.84,Semi-Auto,156507,PETROL,30,37.4,1.5,Grey,5
BMW101054,2 Series,2011,16975.45,Manual,155549,Hybrid,205,,2.5,Red,4
BMW101055,3 Series,2007,11813.45,Automatic,226397,Diesel,125,38.2,,Blue,4
BMW101056,3 Series,2019,32852.42,Automatic,70922,Petrol,20,43.8,2,White,5
BMW101057,4 Series,2022,43642.85,Automatic,23621,Diesel,150,45.7,3.5,White,2
BMW101058,7 Series,2023,65942.86,Automatic,3100,Petrol,20,42.8,1.5,Blue,3
BMW101059,6 Series,2021,41799.1,Manual,46247,Petrol,125,18.1,4.4,Red,5
BMW101060,4 Series,2006,12365.74,Automatic,215889,Diesel,125,32.2,3.5,Red,4
BMW101061,X1,2016,28111.55,Automatic,101668,Petrol,30,48.1,3.5,Green,5
BMW101062,3 Series,2007,10841.68,Semi-Auto,212596,Diesel,20,37.4,3,Green,4
BMW101063,i8,2021,68128.96,Manual,25031,Petrol,30,41.9,2.5,Grey,2
BMW101064,2 Series,2020,33551.3,Automatic,57577,Diesel,20,35.6,2,White,5
BMW101065,M3,2011,38932.66,Semi-Auto,146582,Diesel,125,36.7,3.5,Red,5
BMW101066,5 Series,2022,47002.94,Manual,27532,Petrol,20,29.4,4.4,Red,3
BMW101067,1 Series,2019,27056.34,Automatic,51630,Petrol,205,34.6,,Grey,2
BMW101068,5 Series,2009,8442.82,Manual,184193,Petrol,30,,2,White,4
BMW101069,X3,2012,25629.61,Semi-Auto,154648,Diesel,125,29.6,2.5,Silver,5
BMW101070,3 Series,2013,22929.67,Semi-Auto,127216,Petrol,205,30.8,2,White,5
BMW101071,3 Series,2013,29673.47,Automatic,123378,Petrol,30,25.5,4.4,White,4
BMW101072,5 Series,2017,30882.03,Semi-Auto,85041,Diesel,,35.5,3,Silver,5
BMW101073,3 Series,2005,3838.11,Automatic,236598,Diesel,150,44.4,2,Silver,4
BMW101074,M5,2009,31232.4,Automatic,167587,petrol,150,34.1,3,Silver,4
BMW101075,5 Series,2008,14298.86,Semi-Auto,193857,Petrol,125,40,3,Red,3
BMW101076,1 Series,2021,47119.05,Manual,28473,Electric,125,41.7,1.6,Black,3
BMW101077,8 Series,2021,57595.64,Automatic,35457,Petrol,150,28.7,2,Green,3
BMW101078,1 Series,2013,23665.16,Manual,118895,Petrol,150,21,1.5,Silver,5
BMW101079,X1,2019,37558.07,Semi-Auto,57781,Hybrid,150,38.3,2.5,Black,4
BMW101080,5 Series,2005,1585.05,Semi-Auto,240502,Petrol,205,33.8,2.5,,4
BMW101081,3 Series,2010,11291.06,Automatic,170511,Petrol,30,27,2,Grey,4
BMW101082,8 Series,2009,34114,Manual,175435,Petrol,125,32.7,3,Green,5
BMW101083,X1,2021,40785.65,Automatic,51400,Diesel,125,37.5,2,White,4
BMW101084,2 Series,2019,33388.32,  Automatic  ,62536,Petrol,145,36.5,2,Blue,4
BMW101085,4 Series,2014,20814.22,Manual,124962,Petrol,30,48.1,2,Grey,5
BMW101086,5 Series,2005,5306.01,Semi-Auto,228659,Petrol,205,31.1,2,Grey,4
BMW101087,M4,2016,43824.37,Automatic,89856,Diesel,150,33.6,2,,4
BMW101088,3 Series,2023,39425.06,Semi-Auto,26402,Petrol,20,25.9,3,Red,4
BMW101089,3 Series,2005,7446.72,Manual,233530,Diesel,30,33.3,1.6,Silver,5
BMW101090,M5,2008,27482.58,Semi-Auto,182483,Diesel,30,21.7,3,Black,4
BMW101091,X1,2023,40727.33,Automatic,11439,Hybrid,125,33.9,2.5,Silver,4
BMW101092,3 Series,2009,9829.47,Automatic,168992,Hybrid,30,45.2,1.5,White,5
BMW101093,X2,2014,350000,Manual,124722,Petrol,145,44.4,2,White,5
BMW101094,3 Series,2013,17842.48,Automatic,134155,Petrol,150,35,2,Grey,3
BMW101095,X2,2015,33921.09,Semi-Auto,107805,Diesel,145,28.8,4.4,Red,5
BMW101096,X1,2017,26415.19,Manual,87567,Petrol,150,41.5,1.5,Black,4
BMW101097,4 Series,2008,8747.33,Manual,209937,Petrol,150,43.8,2,Grey,5
BMW101098,8 Series,2013,46926.95,Semi-Auto,125994,Petrol,20,33.2,3,White,4
BMW101099,1 Series,2010,11802.74,Automatic,184971,Petrol,145,45.4,1.5,Grey,5
BMW101100,5 Series,2006,24139.42,Automatic,221138,Electric,30,25.6,4.4,Green,3
BMW101101,1 Series,2011,16295.58,Automatic,150116,Diesel,205,30.9,1.5,Silver,4
BMW101102,X3,2015,22885.19,semi-auto,101399,Petrol,30,34.1,2.5,Blue,3
BMW101103,X5,2008,24968.71,Manual,203146,Diesel,30,37.2,2.5,Green,2
BMW101104,M2,2023,58716.77,Automatic,15350,Petrol,125,38.2,1.5,Grey,4
BMW101105,X1,2018,25187.73,Automatic,72685,Petrol,125,40.9,2,Grey,5
BMW101106,3 Series,2013,22630.57,Manual,139756,Diesel,30,,,Silver,4
BMW101107,1 Series,2011,14092.46,Automatic,171541,Diesel,235,45.2,2,White,5
BMW101108,3 Series,2018,28855.63,Automatic,69136,Hybrid,125,43.6,2,Red,4
BMW101109,6 Series,2020,36220.48,Automatic,57088,Diesel,150,33.8,2.5,Green,5
BMW101110,X4,2009,14067.31,Automatic,181904,Petrol,205,23.5,3,Silver,4
BMW101111,7 Series,2020,60929.37,Manual,50621,Hybrid,150,35.3,2.5,Blue,4
BMW101112,7 Series,2021,68772.45,Semi-Auto,43637,Petrol,205,32.1,3,Grey,4
BMW101113,6 Series,2018,,Semi-Auto,68675,Petrol,20,25.7,3,Grey,2
BMW101114,4 Series,2022,45000.48,Semi-Auto,10899,Petrol,145,41.7,3,Silver,4
BMW101115,5 Series,2006,11588.46,Manual,213174,Electric,205,15,2.5,Silver,4
BMW101116,M3,2021,63912.97,Manual,34556,Diesel,145,33.8,2,Silver,4
BMW101117,3 Series,2023,50791.86,Manual,15187,Petrol,150,24.1,4.4,Blue,5
BMW101118,4 Series,2012,15391.22,Manual,150438,Petrol,30,28.5,2.5,Green,2
BMW101119,X1,2008,17230.47,Semi-Auto,175607,Electric,125,24.9,1.5,Grey,3
BMW101120, 3 Series ,2007,5460.94,Automatic,199396,Diesel,30,50.5,1.6,White,5
BMW101121,X1,2014,27354.76,Automatic,111250,Petrol,150,44,,Blue,4
BMW101122,3 Series,2015,28130.84,Automatic,107849,Hybrid,125,36.6,2,White,5
BMW101123,M2,2022,58709.27,Automatic,27953,Diesel,150,43.5,1.5,,4
BMW101124,5 Series,2016,30842.43,Manual,104156,Petrol,30,31.2,2.5,Black,2
BMW101125, 3 Series ,2008,,Semi-Auto,199091,Petrol,125,41.3,1.5,White,4
BMW101126,3 Series,2020,42398.2,Automatic,38464,Petrol,30,37.6,,Green,4
BMW101127,X1,2022,36917.67,Semi-Auto,28401,Petrol,125,29,2,Blue,5
BMW101128,X3,2011,13152.69,Semi-Auto,159533,Petrol,30,35,1.5,Silver,5
BMW101129,i3,2016,28439.63,Automatic,99149,Petrol,145,41.9,2,White,4
BMW101130,X4,2013,20508.64,Automatic,141649,Diesel,125,29.1,2,Silver,4
BMW101131,3 Series,2014,26641.82,Manual,122076,Petrol,125,35.7,3,Black,5
BMW101132,8 Series,2018,49644.47,Automatic,75220,Diesel,0,32.8,1.5,Green,3
BMW101133,X3,2009,17261.3,Manual,166934,Diesel,205,22.7,3,Silver,3
BMW101134,X1,2005,9631.81,Manual,219701,Diesel,145,55,2.5,Silver,4
BMW101135,3 Series,2023,40781.51,Manual,10148,Petrol,145,29.6,2,Silver,2
BMW101136,2 Series,2013,22685.07,Semi-Auto,132590,Diesel,150,46.4,2,White,3
BMW101137,X1,2022,42726.1,Manual,27674,Diesel,125,40.9,1.5,Silver,5
BMW101138,4 Series,2023,45241.23,Automatic,500,Petrol,145,48.1,2,Blue,4
BMW101139, 8 Series ,2022,66435.83,Semi-Auto,21124,Petrol,125,56.4,2,Grey,5
BMW101140,3 Series,2008,12794.24,Automatic,202323,Petrol,125,34.1,2,White,4
BMW101141,2 Series,2020,33458.06,Automatic,46644,Diesel,205,36.9,1.6,Black,3
BMW101142,3 Series,2013,28858.79,Manual,125645,Electric,125,,2.5,Red,3
BMW101143,X3,2021,41023.42,Manual,23621,Diesel,,47.8,2,Green,4
BMW101144,X3,2011,18605.84,Automatic,159837,Diesel,125,46.3,1.6,Blue,4
BMW101145,M2,2006,19288.96,Automatic,220728,Petrol,235,43.9,2.5,Black,4
BMW101146,6 Series,2005,4297.17,Semi-Auto,241426,Diesel,20,25.7,2.5,White,4
BMW101147, 1 Series ,2018,29446.7,Automatic,61072,Petrol,150,26.6,2,Silver,5
BMW101148,5 Series,2013,15722.04,Automatic,141405,Hybrid,150,34.5,2,Silver,4
BMW101149,7 Series,2009,34298.72,Automatic,191814,Petrol,20,28.6,3.5,Silver,5
BMW101150,X3,2009,14814.25,Automatic,171178,Diesel,235,41,2,Red,3
BMW101151,X4,2005,11973.41,Semi-Auto,215787,petrol,125,27.6,4.4,Red,4
BMW101152,3 Series,2015,26720.01,Semi-Auto,88083,Diesel,145,30.1,3,Blue,4
BMW101153,5 Series,2009,11200.8,Semi-Auto,182295,Diesel,20,28.6,3,Red,5
BMW101154,3 Series,2007,3169.22,Manual,200088,Petrol,145,41.8,1.5,Red,4
BMW101155,X2,2007,8808.05,Manual,215372,Diesel,235,33.7,3,Silver,4
BMW101156,1 Series,2018,30860.76,Automatic,85591,Diesel,125,23,3,Red,5
BMW101157,1 Series,2009,12459.02,Manual,173799,DIESEL,150,22.7,2.5,Blue,3
BMW101158,X3,2007,8193.55,Automatic,217827,Petrol,125,48.1,2,Green,4
BMW101159,X6,2014,39168.11,Automatic,129354,Petrol,125,,2.5,Red,5
BMW101160,4 Series,2005,7499.2,Automatic,230284,Diesel,125,35.8,3,Red,4
BMW101161,i3,2019,35188.49,Manual,59390,Petrol,0,35,2.5,White,5
BMW101162, 6 Series ,2021,47304.69,Automatic,32332,Petrol,20,29.3,4.4,Red,3
BMW101163,M4,2017,61246,Manual,86599,Hybrid,150,30.4,3.5,Red,4
BMW101164,X1,2008,15527.76,Semi-Auto,188531,Petrol,125,26.4,2.5,Red,4
BMW101165,3 Series,2008,8508.48,Semi-Auto,174956,  Diesel  ,,27.1,2,Red,3
BMW101166,3 Series,2013,21446.31,Automatic,130440,Petrol,150,32,3,White,5
BMW101167,3 Series,2018,36984.61,Automatic,74704,Diesel,,35.1,,Red,3
BMW101168,X6,2017,47216.29,Manual,82064,Petrol,125,44.3,2,Green,3
BMW101169,3 Series,2020,41893.39,Automatic,44334,Petrol,145,34,4.4,Silver,4
BMW101170, 7 Series ,2005,15096.76,Automatic,235825,Hybrid,0,31.5,2,Green,3
BMW101171,3 Series,2005,2079.28,Manual,238039,Petrol,125,41.3,2,Grey,5
BMW101172,X1,2012,20262.83,Automatic,151399,Diesel,145,49.6,2,Green,2
BMW101173,2 Series,2011,27443.73,Semi-Auto,157655,Diesel,0,18.1,3.5,White,2
BMW101174,3 Series,2014,20943.48,Manual,120303,Diesel,0,38.8,1.5,Blue,4
BMW101175,3 Series,2021,39474.52,Manual,32126,Diesel,125,37.3,3,Red,5
BMW101176,3 Series,2020,31881.47,Semi-Auto,54250,Petrol,205,32.2,2,Silver,4
BMW101177,7 Series,2005,16655.06,Automatic,226671,Diesel,145,37,2,White,4
BMW101178,3 Series,2014,21044.5,Semi-Auto,136829,Petrol,125,31.6,1.6,Blue,4
BMW101179,3 Series,2023,42452.57,Automatic,17095,Hybrid,145,40.3,2,Red,4
BMW101180,5 Series,2010,18030.58,Automatic,150534,PETROL,145,39.5,2,Red,5
BMW101181,5 Series,2018,29261.52,Semi-Auto,70103,Diesel,30,40,2,Blue,5
BMW101182,3 Series,2016,28095.23,Automatic,104062,Petrol,145,45.9,2,Black,3
BMW101183,5 Series,2017,27757.43,Automatic,73447,Hybrid,20,43.2,1.6,,4
BMW101184,X3,2009,13083.96,Automatic,182655,Petrol,145,,2,Grey,5
BMW101185,7 Series,2021,53838.9,manual,41061,Hybrid,205,32.3,2,,3
BMW101186,1 Series,2011,28280.45,Automatic,161131,Diesel,150,38.2,4.4,Black,4
BMW101187,5 Series,2005,3694.53,Manual,225084,Petrol,145,37.1,2,Black,3
BMW101188,4 Series,2019,34463.78,Automatic,62738,PETROL,125,52.8,2.5,Silver,4
BMW101189,3 Series,2021,34820.47,Manual,35712,  Petrol  ,145,36.7,1.5,Blue,4
BMW101190,4 Series,2015,23746.68,Automatic,111686,Petrol,235,49.6,2,Grey,4
BMW101191,1 Series,2010,16380.45,Automatic,171052,Diesel,20,41.4,2.5,Green,4
BMW101192,X5,2009,25270.21,Manual,191262,Hybrid,20,40.6,1.5,Green,2
BMW101193,X3,2016,22240.09,Manual,89393,Diesel,150,35.6,2,Green,4
BMW101194,1 Series,2023,42021.94,Manual,10968,Diesel,30,37.1,2,Grey,4
BMW101195,5 Series,2018,34390.71,Semi-Auto,79914,Hybrid,145,20.9,3,Green,4
BMW101196,M2,2011,35819.78,Manual,151520,Diesel,205,38.4,2,Silver,4
BMW101197,X5,2014,35107.02,Automatic,121771,Diesel,235,40.7,2,Red,4
BMW101198,5 Series,2018,31528.08,Semi-Auto,67970,DIESEL,150,36.7,2.5,White,3
BMW101199,X1,2021,39697.96,Manual,29307,Diesel,125,37.2,3,Grey,4
BMW101200,X5,2009,27839.93,Automatic,182091,Hybrid,125,33.9,2.5,Red,5
BMW101201,7 Series,2013,41355.26,Semi-Auto,124214,Diesel,205,44.3,2.5,White,4
BMW101202,i3,2021,46140.08,Manual,31202,Diesel,145,29.3,3.5,Blue,5
BMW101203,7 Series,2011,30527.63,SEMI-AUTO,165526,Petrol,30,44.7,2.5,Green,5
BMW101204,i8,2021,63257.73,Manual,23761,Diesel,145,28.3,3,Red,5
BMW101205,3 Series,2010,7513.51,Semi-Auto,173893,Petrol,0,48.4,2,Blue,4
BMW101206,3 Series,2017,32076.57,Manual,86639,Petrol,205,26.1,2.5,,4
BMW101207,1 Series,2022,38098.74,Semi-Auto,14027,Petrol,150,32.4,3,White,4
BMW101208,1 Series,2011,13417.75,Semi-Auto,167182,Petrol,150,48.2,2,Silver,5
BMW101209,7 Series,2015,38245.66,Automatic,104702,Petrol,125,24.5,2,Blue,4
BMW101210,5 Series,2010,17557.48,Semi-Auto,163869,Diesel,150,32.4,2,Red,4
BMW101211,1 Series,2013,18390.08,Automatic,148375,Petrol,235,23.9,2,Red,4
BMW101212,3 Series,2013,18789.61,Automatic,133351,Diesel,30,39,1.5,Black,3
BMW101213,X1,2008,11011.74,Manual,193360,Diesel,150,44.9,1.5,Red,4
BMW101214,X3,2023,40910.16,Automatic,9169,Diesel,20,34.6,2.5,Silver,5
BMW101215,5 Series,2018,33757.35,Manual,59889,Petrol,150,,2.5,Green,5
BMW101216,6 Series,2016,35689.73,Automatic,103914,Electric,145,43.1,1.5,Black,5
BMW101217,X5,2008,20669.59,Automatic,195094,Diesel,205,23.2,2.5,Silver,4
BMW101218,X4,2016,31721.61,Semi-Auto,92036,Petrol,30,36,3,Blue,5
BMW101219,4 Series,2008,11797.68,Automatic,197490,Petrol,20,43.9,2.5,Silver,5
BMW101220,1 Series,2013,23521.23,Semi-Auto,138912,Diesel,150,39.4,2.5,Silver,5
BMW101221,X1,2011,28309.27,Automatic,144095,Diesel,30,33.8,4.4,Green,5
BMW101222,4 Series,2013,16026.63,Automatic,140844,Diesel,125,28.8,1.5,Silver,3
BMW101223,5 Series,2013,29017.73,Semi-Auto,140462,Electric,125,29.3,2,Black,5
BMW101224,5 Series,2007,24156.66,Semi-Auto,200743,Electric,205,26.4,3.5,Green,5
BMW101225,4 Series,2009,18454.21,Manual,196520,Electric,125,41.9,2,Grey,3
BMW101226,5 Series,2022,38907.23,Manual,19642,  Petrol  ,30,32.3,1.5,Black,5
BMW101227, 1 Series ,2021,39064.98,Semi-Auto,41142,Petrol,30,41.5,2,Green,4
BMW101228,4 Series,2009,14302.67,Manual,170477,Diesel,30,42.8,2,Blue,3
BMW101229,X1,2018,35839.21,Automatic,77271,Diesel,145,33.8,2,White,3
BMW101230,X2,2019,36900.89,Automatic,68364,Petrol,125,31,2.5,Green,2
BMW101231,1 Series,2009,13172.25,Automatic,190206,Diesel,235,31.6,2.5,Grey,5
BMW101232, i3 ,2009,21798.31,Semi-Auto,176594,Diesel,20,32,,Red,3
BMW101233,3 Series,2017,31157.15,Automatic,87355,Diesel,145,31,2.5,Black,3
BMW101234,i3,2017,30344.31,Manual,81797,Diesel,145,36.3,2,Black,5
BMW101235,X1,2021,46374.56,Manual,32595,Diesel,145,20.2,3.5,Blue,5
BMW101236,6 Series,2005,15952.11,Semi-Auto,208826,Diesel,30,16.1,4.4,Silver,3
BMW101237,7 Series,2022,60841.58,  Semi-Auto  ,11942,Petrol,125,53,1.6,Silver,5
BMW101238,1 Series,2022,42342.37,Automatic,25936,Diesel,20,43.2,3.5,Black,5
BMW101239,X2,2011,18911.39,Automatic,151494,Petrol,125,30.3,2,Black,5
BMW101240,Z4,2020,36225.44,Manual,50372,Diesel,235,27.5,2.5,Red,4
BMW101241,X5,2010,28828.34,Automatic,167386,Diesel,,33.4,2,Red,3
BMW101242,5 Series,2023,39828.93,Manual,16294,Diesel,145,33,2,Grey,4
BMW101243,2 Series,2014,30641.15,Manual,107777,Petrol,205,37.6,3.5,Silver,3
BMW101244,3 Series,2006,9184.86,Automatic,210867,Petrol,,40.4,2.5,Red,3
BMW101245,X1,2006,1500,Automatic,218941,Diesel,145,,1.5,Red,2
BMW101246,3 Series,2020,39155.95,Semi-Auto,60341,Diesel,150,39.7,2,,4
BMW101247,X4,2011,16985.44,Semi-Auto,,Diesel,125,43.9,2,Black,5
BMW101248,3 Series,2007,12984.91,Semi-Auto,205687,Diesel,150,25.1,2,Red,3
BMW101249,1 Series,2011,17219.84,Automatic,169086,Hybrid,145,40.6,2,,2
BMW101250,3 Series,2021,35580.58,Semi-Auto,46010,Petrol,145,,2,Silver,5
BMW101251,X2,2005,1500,Semi-Auto,225047,Petrol,205,55.6,1.5,Blue,4
BMW101252,2 Series,2017,32853.41,  Automatic  ,79372,Diesel,235,43.4,2,Black,5
BMW101253,3 Series,2016,26375.62,Semi-Auto,99246,Petrol,20,32.3,1.6,Red,4
BMW101254, 1 Series ,2016,32053.34,Manual,107410,Diesel,150,41.3,2.5,Silver,4
BMW101255,4 Series,2011,14325.25,Automatic,143428,Diesel,0,41.2,2,Green,4
BMW101256, X3 ,2019,30044.96,Automatic,70218,Diesel,0,33.6,1.5,White,4
BMW101257,3 Series,2016,,Automatic,102825,Petrol,205,35.8,1.6,,5
BMW101258,5 Series,2012,18403.81,Manual,138551,Petrol,125,42.8,1.5,Green,4
BMW101259,3 Series,2006,8790.75,Manual,213709,Petrol,30,,2,White,5
BMW101260,X4,2007,6035.25,Manual,206252,Diesel,150,51.1,2,Grey,3
BMW101261,5 Series,2023,34612.2,Semi-Auto,19491,Diesel,145,47.8,1.5,Green,5
BMW101262,5 Series,2013,24108.7,Automatic,131370,Petrol,,54.6,3,Black,4
BMW101263,X5,2007,20639.89,Semi-Auto,212615,Hybrid,205,48.2,2,Blue,4
BMW101264,X4,2012,14381.47,Semi-Auto,139768,Petrol,125,31.2,1.5,White,4
BMW101265,3 Series,2012,25920.09,Manual,135465,Diesel,235,36.7,3,Grey,5
BMW101266,6 Series,2010,15560.19,Manual,158894,Diesel,20,43.2,2,White,4
BMW101267,3 Series,2009,13344.88,Manual,179724,Diesel,20,41.8,1.6,Blue,4
BMW101268,X5,2015,43188.91,automatic,120205,Diesel,145,29.6,2,Green,2
BMW101269,5 Series,2018,31525.48,Automatic,60371,Diesel,0,41.2,3,White,5
BMW101270,X5,2020,62197.93,Manual,53079,Petrol,205,35.9,3,Green,5
BMW101271,X1,2013,20325.96,Manual,129973,Hybrid,125,36.4,1.6,White,5
BMW101272,3 Series,2009,11118.37,Semi-Auto,172136,Diesel,125,44.3,1.5,Blue,4
BMW101273,8 Series,2011,29501.34,Automatic,157078,Petrol,125,51.5,2,Red,2
BMW101274,X5,2005,14942.25,Semi-Auto,228485,Petrol,,43.1,2,Red,3
BMW101275,X7,2010,28324.09,Semi-Auto,169985,Diesel,30,24.8,2,Green,4
BMW101276,i3,2022,40415.88,  Manual  ,18711,Diesel,145,38.1,2,Red,4
BMW101277,5 Series,2013,26830.2,Automatic,135023,Diesel,125,32.9,3.5,Grey,4
BMW101278,5 Series,2011,20307.27,Semi-Auto,162412,Petrol,125,45.6,2,Silver,3
BMW101279,3 Series,2020,33399.53,Automatic,49017,Hybrid,0,25.2,2,White,3
BMW101280, X5 ,2018,45981.47,Automatic,70493,Diesel,205,40.7,1.6,Red,5
BMW101281,7 Series,2019,70166.19,Automatic,43138,Diesel,30,32.6,4.4,Green,5
BMW101282,X5,2013,39401.64,Automatic,129900,Diesel,145,29,2.5,Blue,4
BMW101283,3 Series,2019,33617.26,Manual,64340,Petrol,205,45.2,2,Green,5
BMW101284,X3,2016,34108.76,Automatic,95794,Diesel,205,26.2,4.4,Green,5
BMW101285,5 Series,2019,27703.47,Automatic,75925,Petrol,150,46,1.5,Green,5
BMW101286,i3,2023,41198.14,Automatic,16666,Petrol,30,30.5,3,Black,4
BMW101287,3 Series,2018,29163.47,Semi-Auto,59211,Diesel,150,33.6,2,Black,5
BMW101288,5 Series,2011,15944.68,Automatic,161403,diesel,205,30.4,2,Blue,4
BMW101289,X5,2023,69235.48,Semi-Auto,11657,Petrol,145,21.7,3,Black,5
BMW101290,i3,2005,5271.53,Semi-Auto,237043,Petrol,150,35,3,Silver,4
BMW101291,2 Series,2007,8494.33,Automatic,193748,Petrol,145,34,2,Red,2
BMW101292,3 Series,2016,27745.5,Semi-Auto,81178,Petrol,145,33.4,1.5,Black,3
BMW101293,4 Series,2005,3531.49,automatic,223804,Diesel,0,39.5,1.5,Green,4
BMW101294,8 Series,2009,23877.28,Automatic,181124,Petrol,150,,1.6,Blue,4
BMW101295,3 Series,2006,8508.67,Manual,222945,Petrol,0,31.1,2,Grey,4
BMW101296,1 Series,2005,8076.72,Semi-Auto,217775,Petrol,145,23.1,1.5,Blue,4
BMW101297,2 Series,2019,35592.16,Automatic,58877,Diesel,205,24,3,Blue,4
BMW101298,5 Series,2013,23228.02,Semi-Auto,130580,Diesel,20,23.9,3,,4
BMW101299,2 Series,2023,44512.97,Manual,14181,Diesel,125,41.2,3,Green,4
BMW101300,3 Series,2018,33133.87,Automatic,71894,Diesel,125,39.2,2.5,Blue,5
BMW101301,X2,2006,8860.04,Semi-Auto,212100,Petrol,30,25.2,2,Green,5
BMW101302,7 Series,2021,62233.19,Automatic,24788,  Petrol  ,20,38.5,2,Black,4
BMW101303,5 Series,2018,37294.13,semi-auto,72957,Electric,0,22.2,1.6,Black,4
BMW101304,5 Series,2006,7206.14,Semi-Auto,216567,Diesel,0,47.4,2.5,White,4
BMW101305,7 Series,2009,42828.72,Semi-Auto,174010,Electric,145,41.1,3,,4
BMW101306,3 Series,2015,24601.09,Manual,,Diesel,145,39.6,2.5,White,3
BMW101307, X3 ,2007,11006.89,Automatic,198461,Diesel,150,34.5,3,Grey,4
BMW101308,M4,2009,34995.08,Automatic,180802,Petrol,205,27.9,3.5,,5
BMW101309,3 Series,2014,21044.5,Semi-Auto,136829,Petrol,125,31.6,1.6,Blue,4
BMW101310,2 Series,2009,10398.56,Semi-Auto,182961,Petrol,125,40.8,2,Black,4
BMW101311,5 Series,2016,26859.26,AUTOMATIC,90107,Petrol,,28.4,2,Black,4
BMW101312,X3,2009,12083.96,Manual,183694,Diesel,0,25.9,1.6,Black,4
BMW101313,X3,2009,15789.9,Semi-Auto,180053,Hybrid,125,33.3,2.5,Black,5
BMW101314,Z4,2013,21356.37,Manual,135185,Diesel,145,,2.5,Black,4
BMW101315,3 Series,2014,19352.52,Manual,135419,Hybrid,20,35.7,2.5,,3
BMW101316,3 Series,2023,42104.26,Manual,16233,Petrol,125,56.5,1.6,Black,4
BMW101317,3 Series,2018,30481.04,Manual,79381,Diesel,150,32.5,1.6,Silver,4
BMW101318,X1,2017,33327.06,Automatic,86631,Petrol,20,15.1,3.5,Silver,4
BMW101319,M4,2014,42633.11,Manual,124360,Diesel,145,27.7,3,Silver,4
BMW101320,X1,2016,19689.97,Automatic,99306,Petrol,150,43.4,2,Red,4
BMW101321,X1,2016,26152.33,SEMI-AUTO,95051,Diesel,125,42.2,2,White,2
BMW101322,M3,2005,13368.98,Manual,223354,Petrol,205,44.2,1.5,White,4
BMW101323,X1,2019,33814.59,Manual,64329,Petrol,145,33.7,3,Green,4
BMW101324,2 Series,2015,22251.84,  Automatic  ,97555,Diesel,,44.5,1.6,Green,4
BMW101325,X1,2007,10180.25,Automatic,216187,Diesel,205,33.5,2,,4
BMW101326,5 Series,2011,13969.78,Manual,163806,Petrol,125,41,2,White,5
BMW101327, X3 ,2010,18168.47,Automatic,169854,Diesel,20,25.1,3,White,4
BMW101328,4 Series,2009,13393.16,Manual,177084,Petrol,145,18,2.5,Blue,4
BMW101329,4 Series,2010,15119.31,Manual,171954,Petrol,205,43.3,2.5,,5
BMW101330,5 Series,2021,36905.45,Automatic,42114,Hybrid,125,30.5,2,White,5
BMW101331,3 Series,2006,5921.19,Manual,229664,Diesel,125,22.8,3,Grey,5
BMW101332, 1 Series ,2023,41485.03,Manual,3264,Diesel,0,44.1,2,Grey,4
BMW101333,4 Series,2019,34671.69,Automatic,55056,Diesel,205,34,2.5,Green,5
BMW101334,3 Series,2005,6878.08,Manual,228450,Diesel,205,35.3,3,Blue,4
BMW101335,1 Series,2020,40659.81,Automatic,43968,Petrol,30,34.5,3.5,Black,4
BMW101336,5 Series,2019,34858.95,Automatic,65423,Diesel,125,37.3,2,Grey,5
BMW101337,3 Series,2006,7764.5,Semi-Auto,222527,Petrol,150,27.6,,Green,2
BMW101338,X5,2016,69345.76,Manual,92315,Electric,125,21,2.5,Green,3
BMW101339,5 Series,2011,21047.31,Automatic,154329,Petrol,145,40.2,3,Red,4
BMW101340,5 Series,2022,43129.88,Automatic,18975,Diesel,125,35,3,Black,3
BMW101341,4 Series,2011,14854.46,Automatic,167917,Diesel,0,41.8,2,Silver,5
BMW101342,5 Series,2021,39622.29,Semi-Auto,42590,Diesel,125,29.7,3,Grey,4
BMW101343,3 Series,2018,28896.63,Automatic,73895,Petrol,,15,1.6,Green,4
BMW101344,1 Series,2011,20137.03,Manual,158058,Petrol,0,41.7,3,Silver,5
BMW101345,X1,2007,10245.43,  Manual  ,191370,Petrol,150,52,1.5,Grey,3
BMW101346,i3,2017,27785.25,Manual,75788,Petrol,125,26.8,2,Black,4
BMW101347,3 Series,2020,41029.71,Semi-Auto,38507,petrol,125,21.4,3,Grey,4
BMW101348,2 Series,2017,32497.77,Manual,88479,Diesel,20,36.2,3,Black,3
BMW101349,3 Series,2005,7843.35,Semi-Auto,231899,Petrol,205,47.7,2.5,Grey,4
BMW101350,4 Series,2015,22289.22,Automatic,129033,Hybrid,20,42.1,1.5,White,3
BMW101351,6 Series,2021,35184.8,Semi-Auto,26058,Petrol,,49.5,2,Silver,5
BMW101352,2 Series,2019,32652.11,Automatic,55134,Petrol,20,32.9,2.5,Red,3
BMW101353,X6,2009,21380.48,Manual,,Diesel,145,45.4,1.5,Silver,4
BMW101354,X3,2021,46295.11,Automatic,35552,Petrol,125,23.7,3.5,Red,3
BMW101355,X3,2009,16128.03,Automatic,175428,Diesel,150,36,2,Black,4
BMW101356,3 Series,2021,37200.31,Manual,35150,Petrol,205,29,2,Black,5
BMW101357,5 Series,2020,37384.03,Automatic,55081,Diesel,145,48.5,3,Green,4
BMW101358,4 Series,2008,16277.63,Semi-Auto,206875,Petrol,145,52.7,3.5,Black,4
BMW101359,X6,2016,46277.22,Automatic,90049,Petrol,125,27.6,2.5,Blue,4
BMW101360,8 Series,2016,44816.64,Manual,95712,Diesel,205,40.2,1.6,Red,4
BMW101361,X3,2014,25992.23,Semi-Auto,123846,Petrol,205,15,2,Green,4
BMW101362,M4,2023,68333.11,Manual,8597,Hybrid,145,46.1,2,Black,3
BMW101363,5 Series,2015,29744.09,AUTOMATIC,108606,Diesel,30,32.7,3,Black,4
BMW101364,M4,2013,38850.56,Manual,136677,Diesel,145,35.5,2,Silver,4
BMW101365,X3,2005,7502.39,Automatic,238251,Petrol,30,40.9,3.5,Red,3
BMW101366,5 Series,2010,9201.88,Manual,190501,Hybrid,205,32.1,2,Green,4
BMW101367,7 Series,2017,45330.13,Semi-Auto,91622,Petrol,145,35.3,1.5,Blue,5
BMW101368,X5,2015,40402.89,Semi-Auto,110715,Petrol,20,40.7,2,,4
BMW101369, 1 Series ,2010,15332.57,Automatic,162786,Petrol,20,40.6,2,Silver,4
BMW101370,X5,2005,10241.53,Semi-Auto,226838,Petrol,150,37.8,2,Blue,5
BMW101371,X5,2013,33537.73,Automatic,129976,Petrol,125,48.6,2,,4
BMW101372,2 Series,2020,41590.17,Automatic,54308,Hybrid,,32.1,3.5,Green,5
BMW101373,3 Series,2006,11805.26,Manual,229650,Petrol,20,26.1,,Red,5
BMW101374,3 Series,2015,27293.69,Semi-Auto,120759,Petrol,125,42.8,3,Red,3
BMW101375,X5,2015,46622.15,Automatic,100616,Petrol,125,,2,White,2
BMW101376,3 Series,2008,14661.36,Semi-Auto,194042,Petrol,145,33.8,3.5,Green,4
BMW101377,M5,2009,19656.51,Automatic,182826,Diesel,145,47,1.6,Blue,5
BMW101378,3 Series,2007,6607.7,Semi-Auto,194629,Petrol,20,33.7,2,Grey,3
BMW101379,4 Series,2010,22208.32,Manual,167989,Diesel,125,26.7,3.5,,4
BMW101380, X1 ,2019,37679.15,Semi-Auto,70428,Diesel,150,30.8,3,Blue,4
BMW101381,X3,2012,23799.98,Semi-Auto,134118,Petrol,0,37.7,3.5,Silver,4
BMW101382,X2,2012,23556.34,Manual,138333,Diesel,125,25.5,2.5,Red,4
BMW101383,M3,2022,63890.01,Manual,30464,Diesel,145,38.8,3,Black,5
BMW101384,X1,2013,24727.69,Semi-Auto,131025,Diesel,125,35.4,3.5,Black,4
BMW101385,3 Series,2007,15123.62,Automatic,203990,Petrol,125,39.6,3.5,Green,3
BMW101386,X4,2013,18988.28,Manual,127649,Diesel,30,38.6,2.5,Blue,2
BMW101387,X5,2019,70531.46,Automatic,71285,Hybrid,125,32.1,4.4,White,4
BMW101388,6 Series,2018,35813.72,Automatic,67271,Diesel,20,44.8,3,Red,4
BMW101389,2 Series,2010,13075.98,Automatic,162503,Petrol,125,36.2,2,Red,4
BMW101390,X5,2021,55330.66,Semi-Auto,33613,Petrol,205,37.5,1.6,Blue,3
BMW101391,X1,2015,28726.92,Automatic,92945,  Diesel  ,125,31.6,3,White,4
BMW101392,X2,2008,6878.19,Manual,191677,Diesel,145,36,2.5,Red,5
BMW101393,6 Series,2023,40110.39,Manual,17187,Diesel,145,32,3,Red,4
BMW101394,X6,2023,65493.2,Automatic,27012,Diesel,145,,2,Red,2
BMW101395,1 Series,2013,24145.04,Semi-Auto,131289,Petrol,125,15,3,Blue,4
BMW101396,3 Series,2013,19727.23,Automatic,127604,Diesel,125,31.3,2,White,2
BMW101397,1 Series,2015,23401.59,Manual,120332,Diesel,150,47.8,1.5,Green,4
BMW101398,5 Series,2009,14081.3,Manual,174908,Petrol,145,39,2,Silver,2
BMW101399,2 Series,2021,37689.96,Manual,32817,Petrol,150,36.1,2,Red,4
BMW101400,3 Series,2022,38180.88,Semi-Auto,28238,Diesel,20,27.8,2,Red,5
BMW101401,i3,2011,17331.11,Automatic,149879,Hybrid,145,29.4,2,Grey,4
BMW101402,1 Series,2017,29259.02,Semi-Auto,74407,Hybrid,150,37.2,2,White,5
BMW101403,i3,2021,44920.66,Automatic,39825,Diesel,145,23.5,4.4,Blue,4
BMW101404,X1,2019,40455.53,Semi-Auto,67265,Hybrid,205,41.5,3.5,,5
BMW101405,1 Series,2012,25426.75,Semi-Auto,147098,Petrol,125,41.2,3,Silver,5
BMW101406,X4,2021,51130.74,Manual,43770,Electric,205,34.9,2.5,White,4
BMW101407,1 Series,2008,15387.25,Automatic,187060,Petrol,205,36.2,3,Red,2
BMW101408,3 Series,2022,41890.17,Manual,23687,Petrol,30,30.6,3,Blue,5
BMW101409,M5,2008,23942.37,Automatic,187791,Hybrid,145,18.6,2,Red,4
BMW101410,1 Series,2014,25645.6,Semi-Auto,112773,Diesel,150,17.2,3.5,White,2
BMW101411,X5,2012,35447.86,Semi-Auto,133778,HYBRID,205,50.6,2,Silver,4
BMW101412,3 Series,2022,38543.97,Automatic,20605,Petrol,150,39.2,1.5,Grey,3
BMW101413,3 Series,2018,32757.99,Automatic,57706,Petrol,145,43.5,2.5,Black,5
BMW101414,1 Series,2023,40207.91,Manual,13272,Diesel,205,30.2,2,Silver,2
BMW101415,i8,2021,79190.49,Automatic,28267,Diesel,145,16.1,4.4,Grey,4
BMW101416,6 Series,2019,33142.45,Semi-Auto,57028,Petrol,150,43,3,Red,4
BMW101417,1 Series,2009,11706.81,Semi-Auto,183584,Hybrid,0,24.7,3,Grey,4
BMW101418,X1,2021,41969.23,Automatic,18525,Hybrid,30,37.7,2,Red,4
BMW101419,X1,2016,22872.19,Semi-Auto,85062,Diesel,150,38.7,2,Green,5
BMW101420,X3,2013,21162.58,Semi-Auto,130085,Diesel,125,30.2,2,Black,2
BMW101421,X3,2010,15870.67,Manual,163449,Petrol,145,42.4,2,Silver,4
BMW101422,4 Series,2016,27699.1,Semi-Auto,94254,Petrol,205,18,2.5,Black,4
BMW101423,5 Series,2023,38254.3,Automatic,6455,Diesel,150,41.7,1.6,Silver,4
BMW101424,3 Series,2011,16138.74,Semi-Auto,155381,Diesel,20,35.2,2,Black,5
BMW101425,3 Series,2020,37912.97,Automatic,56277,Diesel,205,40.1,2.5,White,4
BMW101426,X5,2018,57330.55,Semi-Auto,66701,Petrol,20,34.8,3,White,2
BMW101427,4 Series,2010,12606.48,Automatic,170237,Diesel,20,24.4,3,Green,4
BMW101428,X3,2007,15170.23,Manual,211034,Hybrid,20,41.8,2.5,Grey,5
BMW101429,1 Series,2006,16399.46,Manual,219310,Hybrid,150,34.8,4.4,Grey,3
BMW101430,X2,2020,36468.49,Automatic,57768,Petrol,125,30,3,Grey,3
BMW101431,Z4,2023,42928.22,Automatic,21241,Petrol,145,28.5,2.5,Blue,4
BMW101432,3 Series,2017,27951.12,Automatic,74893,Petrol,205,31.6,2,White,2
BMW101433,5 Series,2017,28478.31,Automatic,,Petrol,145,38.8,2,Grey,5
BMW101434,3 Series,2005,4747.84,Manual,239691,Petrol,125,38.1,3,Black,5
BMW101435,1 Series,2017,23908.3,Semi-Auto,,Petrol,145,37.6,2,Silver,3
BMW101436,4 Series,2007,13791.42,Semi-Auto,195707,Petrol,20,28,3,Grey,5
BMW101437,4 Series,2011,18891.73,Automatic,153320,Hybrid,150,38.4,2,White,4
BMW101438,3 Series,2018,34566.17,automatic,67597,Petrol,125,35.7,3.5,Red,4
BMW101439,X2,2020,34267.69,Automatic,43354,Diesel,,,2,Silver,3
BMW101440,i3,2010,24012.59,Automatic,176768,Petrol,205,22.1,4.4,White,5
BMW101441,X1,2012,13762.33,Manual,138063,Petrol,30,39.7,1.5,Grey,4
BMW101442,5 Series,2008,13654.3,Manual,184622,Diesel,205,28.5,3,Silver,4
BMW101443,6 Series,2015,22824.71,Manual,104284,Diesel,145,57,2,,4
BMW101444,X1,2008,13750.15,Automatic,194452,Petrol,125,22,3,Blue,5
BMW101445,3 Series,2009,15009.76,Semi-Auto,176996,Petrol,30,44.8,2,Black,4
BMW101446, 4 Series ,2015,23304.49,Semi-Auto,122849,Petrol,205,37.5,2,White,4
BMW101447,4 Series,2006,8120.57,Semi-Auto,217328,Diesel,150,39.2,2.5,Black,5
BMW101448,3 Series,2021,36082.02,Manual,31706,Petrol,145,27.6,3,,4
BMW101449,3 Series,2018,29646.43,Automatic,70548,Petrol,235,31.4,2,White,2
BMW101450,5 Series,2016,27724.94,Semi-Auto,104537,Petrol,150,27.9,2,White,5
BMW101451,3 Series,2020,32677.28,Automatic,53442,Petrol,150,17.4,2.5,Silver,2
BMW101452,5 Series,2007,8208.33,Automatic,206205,  Petrol  ,0,35.5,2,Silver,5
BMW101453,4 Series,2008,,Automatic,189734,Petrol,20,35.6,3.5,Silver,5
BMW101454,X6,2015,45975.78,Semi-Auto,116168,Petrol,145,15,3,Silver,4
BMW101455,X3,2012,20691.73,  Automatic  ,142628,Diesel,125,41.7,3.5,Red,5
BMW101456,3 Series,2008,13987.21,Automatic,197549,Diesel,20,24.9,2.5,Blue,2
BMW101457,X4,2012,22420.57,Semi-Auto,137142,Diesel,145,22.9,3,Silver,3
BMW101458,X2,2011,16404.1,Semi-Auto,152613,Petrol,125,54.5,2,Silver,5
BMW101459,5 Series,2012,17899.69,Manual,143928,diesel,145,35.6,1.5,Blue,4
BMW101460,X3,2007,10237.23,Automatic,197509,Diesel,235,42.4,2.5,Blue,4
BMW101461,6 Series,2013,20487.73,Automatic,128674,Petrol,30,37.9,1.5,Red,4
BMW101462,1 Series,2017,29807.06,Manual,87125,Petrol,0,44.7,2,,5
BMW101463,X2,2016,26640.03,Semi-Auto,78835,Petrol,125,20.6,2,Silver,4
BMW101464,X5,2009,50273.95,Automatic,156215,Electric,30,28.8,3.5,Blue,2
BMW101465,3 Series,2018,32867.12,Semi-Auto,58178,Petrol,20,41.3,1.6,Green,4
BMW101466,3 Series,2005,7147.27,Automatic,222525,Diesel,150,38,1.5,Red,5
BMW101467,i3,2020,39145.17,  Automatic  ,51443,Diesel,205,29.4,3.5,Blue,4
BMW101468,X3,2017,29855.65,Manual,92769,Petrol,205,,3,Red,5
BMW101469,X2,2015,23571.34,Automatic,111431,Diesel,0,39.6,2,Red,3
BMW101470,3 Series,2008,8637.5,Automatic,187525,Petrol,235,45,2,Green,5
BMW101471,5 Series,2019,28779.79,Semi-Auto,61750,Petrol,150,43,1.5,Blue,5
BMW101472,X5,2020,57641.08,  Automatic  ,46234,Petrol,205,16,2,Green,4
BMW101473,X5,2011,35245.67,Semi-Auto,171995,Diesel,30,,2.5,Blue,5
BMW101474,i3,2017,29378.97,Manual,89448,Hybrid,145,34.4,2,Grey,5
BMW101475,X3,2018,34149.99,manual,66145,Petrol,125,31,3.5,White,5
BMW101476,X1,2016,45229.34,Automatic,103113,Electric,150,15,4.4,Black,4
BMW101477,X2,2019,28260.84,Automatic,56409,Petrol,205,35.7,2,Green,5
BMW101478,2 Series,2022,38161.87,Manual,23697,Diesel,30,48.5,3,,5
BMW101479,i3,2012,25340.99,Semi-Auto,126814,  Hybrid  ,145,23.8,3,Silver,4
BMW101480,X3,2023,44708.48,Semi-Auto,9720,petrol,145,43.6,3,White,2
BMW101481,4 Series,2009,21680.29,Automatic,189351,Diesel,145,32.6,3,Green,5
BMW101482,5 Series,2010,28419.54,Automatic,164137,Electric,205,47.4,3,Green,5
BMW101483,3 Series,2005,1500,Manual,233396,Diesel,0,47.3,1.6,Black,4
BMW101484,3 Series,2012,21366,Automatic,147443,Petrol,145,26.9,2,Red,5
BMW101485,5 Series,2021,41162.04,Semi-Auto,38500,Petrol,20,38.8,3,Silver,4
BMW101486,1 Series,2005,5767.49,Automatic,223463,Diesel,30,39.6,2,,4
BMW101487,2 Series,2013,19184.72,Semi-Auto,145426,Diesel,205,28,2,Green,3
BMW101488,2 Series,2021,38858.2,Automatic,50689,Petrol,145,21.1,3,Red,4
BMW101489,X2,2017,26678.51,Semi-Auto,93036,  Petrol  ,205,,3,Grey,5
BMW101490,X3,2014,19461.91,Manual,126138,Hybrid,145,37.1,1.6,Green,3
BMW101491,3 Series,2009,12759.23,Semi-Auto,175928,Petrol,30,49.9,1.6,White,3
BMW101492,3 Series,2016,26503.45,Automatic,100249,Diesel,145,50.8,2,Green,4
BMW101493,7 Series,2012,36473.9,Automatic,150195,Diesel,20,31.1,2.5,Grey,5
BMW101494,4 Series,2022,38188.83,Automatic,28259,Petrol,235,38.2,1.5,White,5
BMW101495,1 Series,2011,18466.04,Manual,152120,Diesel,205,15,1.6,Silver,4
BMW101496,5 Series,2009,14879.12,Manual,190978,diesel,20,39,1.6,Red,4
BMW101497,3 Series,2020,32234.43,Semi-Auto,46561,Diesel,145,24.6,2,Blue,5
BMW101498,X5,2015,47999.18,Automatic,105372,Hybrid,,33.5,3,Red,5
BMW101499,2 Series,2020,33111.47,Automatic,51030,Diesel,30,31,2.5,Black,5
BMW101500,3 Series,2016,29158.94,Semi-Auto,98221,Diesel,235,39,2,Grey,5
BMW101501,X5,2023,65878.59,Semi-Auto,10648,Hybrid,235,33.3,2,Blue,4
BMW101502,1 Series,2021,41671.32,Automatic,35214,PETROL,30,32.6,4.4,Blue,5
BMW101503,1 Series,2018,28851.55,Automatic,77287,Diesel,125,49.8,2.5,Silver,3
BMW101504, i3 ,2013,18850.39,Automatic,140303,Petrol,150,53.8,1.5,White,4
BMW101505,3 Series,2008,5138.08,Manual,197305,Petrol,30,20.4,2.5,Black,5
BMW101506,3 Series,2021,36319.15,Semi-Auto,35355,Diesel,205,47.7,1.6,Blue,5
BMW101507,X5,2019,53693.24,Automatic,56059,Diesel,20,,2.5,,5
BMW101508,X3,2022,40019.92,Automatic,19160,Diesel,20,28.2,2,,4
BMW101509,X1,2023,39179.22,Automatic,11235,Diesel,,26.4,2,Silver,4
BMW101510,5 Series,2017,29357.78,Manual,88368,diesel,205,31.7,1.5,Silver,4
BMW101511,X3,2014,24557.66,Manual,120470,Petrol,145,45.7,2,Red,4
BMW101512,X1,2020,33547.54,Automatic,53301,Petrol,125,41.4,1.5,Red,5
BMW101513,7 Series,2013,46372.92,Automatic,127777,Petrol,0,31.3,3.5,Red,4
BMW101514,1 Series,2010,9154.14,Automatic,173520,Petrol,145,33.2,1.5,Red,4
BMW101515,8 Series,2010,23804.67,Manual,170726,Petrol,0,32.6,2,White,5
BMW101516,X1,2011,21743.33,Semi-Auto,147730,Petrol,30,32.8,3,Blue,5
BMW101517,X5,2005,16864.03,Semi-Auto,226101,Petrol,125,30.7,3,Grey,4
BMW101518,i3,2015,21093.19,Semi-Auto,109368,PETROL,20,37.3,2,Green,5
BMW101519,2 Series,2009,7878.56,Automatic,169411,Petrol,205,51.1,1.6,White,4
BMW101520,1 Series,2005,5737.66,Automatic,232796,Petrol,30,31,2,White,5
BMW101521,8 Series,2021,65065.95,Manual,41013,Hybrid,145,,3,White,2
BMW101522,8 Series,2011,39857.01,Automatic,148775,Diesel,125,28,3,Green,4
BMW101523,M5,2005,15773.12,Automatic,240438,Electric,0,43.8,1.6,Red,5
BMW101524,X1,2010,20995.37,Manual,162952,Petrol,205,16.6,3,Red,5
BMW101525,X5,2023,71927.83,Manual,5088,Petrol,150,46.3,2.5,Grey,4
BMW101526,X5,2005,25145.07,  Automatic  ,237890,Hybrid,30,32.6,3.5,Black,5
BMW101527,3 Series,2013,23226.95,Semi-Auto,136169,Petrol,0,39.6,3,White,4
BMW101528,1 Series,2021,36399.53,Automatic,44230,  Petrol  ,125,25.2,3,Green,4
BMW101529,X4,2021,37590.23,Semi-Auto,27898,Diesel,205,36.6,1.5,Grey,4
BMW101530,8 Series,2016,46207.88,Automatic,,Petrol,125,30.7,2,Blue,5
BMW101531,8 Series,2020,59711.59,Automatic,47789,diesel,125,28.5,1.5,Red,4
BMW101532,3 Series,2013,18772.22,Manual,144371,Diesel,205,42.4,1.6,Black,3
BMW101533,X3,2023,45404.73,Manual,17583,Diesel,150,38,3,Grey,4
BMW101534,X3,2011,15863.58,Automatic,165031,Petrol,125,,2,Green,4
BMW101535,3 Series,2023,42445.35,Manual,13720,Hybrid,125,37.4,2,Blue,4
BMW101536,X2,2005,6462.79,Automatic,234244,Petrol,145,54.6,1.5,Red,3
BMW101537,X3,2017,29541.74,Manual,999999,Diesel,145,32.7,3,,5
BMW101538,5 Series,2017,23025.47,Automatic,90699,Diesel,,53.4,2,Silver,4
BMW101539,X5,2017,53060.92,Semi-Auto,87094,HYBRID,,28.2,3.5,White,3
BMW101540,7 Series,2011,43090.98,Manual,156530,Electric,30,45,1.6,Silver,4
BMW101541,X4,2009,16788.19,Semi-Auto,183853,Petrol,125,32.6,3.5,,4
BMW101542, 5 Series ,2014,22583,Manual,138979,Petrol,125,38,3,Black,5
BMW101543,X1,2020,34183.14,Automatic,40814,Petrol,150,,1.5,Blue,5
BMW101544,i8,2009,39619.29,Automatic,190465,Petrol,205,39.7,3.5,Black,4
BMW101545,3 Series,2016,32693.06,Manual,97659,Diesel,205,19,3.5,White,4
BMW101546,5 Series,2014,28439.38,Semi-Auto,111330,Petrol,30,35.5,3,Silver,5
BMW101547,1 Series,2008,,SEMI-AUTO,206262,petrol,145,37.3,1.6,Green,5
BMW101548,4 Series,2023,41280.43,Semi-Auto,10153,Petrol,125,36.8,1.6,Grey,2
BMW101549,3 Series,2006,3205.3,Semi-Auto,218383,petrol,20,45.7,1.6,Green,3
BMW101550,1 Series,2010,21786.09,Automatic,165253,Petrol,145,16.9,3.5,Green,4
BMW101551,3 Series,2008,12383.73,Automatic,194393,Diesel,205,26.8,2.5,Blue,4
BMW101552,3 Series,2007,7357.06,Automatic,203336,Diesel,20,40.8,2,Blue,4
BMW101553,4 Series,2009,13061.89,Automatic,179691,Petrol,30,40.5,2,Red,4
BMW101554,X7,2023,68608.74,Automatic,17212,Diesel,125,45.3,2,Red,4
BMW101555,X3,2021,37085.32,  Automatic  ,21302,Petrol,0,54.4,1.6,Grey,4
BMW101556,X6,2015,47547.86,Automatic,117855,Diesel,125,30.4,3,Grey,4
BMW101557,X2,2009,13942.42,Semi-Auto,190231,Diesel,,,2,Black,3
BMW101558,X2,2011,14865.94,Automatic,157516,Diesel,125,24,2,Blue,4
BMW101559,5 Series,2015,29692.89,Automatic,102454,Diesel,145,29.8,3.5,Red,4
BMW101560,X3,2016,27539.49,Semi-Auto,103333,Hybrid,125,51.2,2,White,4
BMW101561,X6,2012,33098.24,Semi-Auto,162416,Petrol,145,41.4,2,Red,3
BMW101562,6 Series,2022,36084.06,Automatic,18770,Diesel,30,26.1,1.6,Silver,4
BMW101563,3 Series,2006,4969.63,Semi-Auto,213820,Petrol,145,51.5,2,Green,4
BMW101564,1 Series,2008,12176.43,Automatic,209381,Petrol,205,44.3,2.5,Silver,5
BMW101565,X4,2008,13392.83,Automatic,196723,Hybrid,145,35.8,2,Black,5
BMW101566,8 Series,2016,49855.96,Semi-Auto,97289,Diesel,20,19.7,3,Blue,2
BMW101567,X5,2006,18244.65,Automatic,202651,Diesel,125,28.1,2.5,Grey,4
BMW101568,X1,2008,8927.02,Semi-Auto,199251,Petrol,235,34.6,2,,4
BMW101569,4 Series,2019,31826.06,Automatic,50040,Diesel,125,34.3,2,,4
BMW101570,X5,2021,54633.73,Automatic,40100,Diesel,235,42.4,1.5,Blue,4
BMW101571,2 Series,2008,13140.96,Semi-Auto,200980,Petrol,30,49,2,Blue,4
BMW101572,2 Series,2023,41622.19,Manual,20518,Hybrid,125,61.4,1.6,Black,4
BMW101573,7 Series,2014,35581.33,Automatic,115399,Hybrid,125,41.8,1.5,Blue,4
BMW101574,X3,2022,40261.84,Automatic,,Petrol,125,31.1,3.5,Black,2
BMW101575,7 Series,2023,70745.9,Automatic,28960,Diesel,0,35.1,2.5,Grey,4
BMW101576,4 Series,2012,13630.02,Semi-Auto,149053,Petrol,125,48.8,1.5,Grey,3
BMW101577,1 Series,2013,26629.69,Automatic,129169,Electric,145,38.6,2,Green,4
BMW101578,X3,2011,15131.02,Semi-Auto,155611,Petrol,125,37.8,2,Black,4
BMW101579,5 Series,2007,3894.57,Manual,202314,Diesel,125,44.5,1.5,Black,5
BMW101580,3 Series,2023,45101.19,Manual,9054,Petrol,150,25.1,3,Red,3
BMW101581,2 Series,2012,23841.41,Automatic,141228,Diesel,150,27.5,4.4,Grey,4
BMW101582,1 Series,2020,27978.01,Manual,40681,Diesel,150,40.5,1.6,White,3
BMW101583,5 Series,2018,33645.46,Manual,86715,Hybrid,125,35.8,2,White,4
BMW101584,2 Series,2005,5677.94,Automatic,234629,Diesel,125,44.9,2,Black,5
BMW101585,3 Series,2019,40913.93,Manual,77340,Hybrid,0,25.8,4.4,Grey,3
BMW101586,7 Series,2013,33046.04,Automatic,133006,Hybrid,,36.3,1.5,Blue,4
BMW101587,X3,2006,12669.58,Manual,236299,petrol,30,35.8,3.5,Black,4
BMW101588,8 Series,2011,39857.01,Automatic,148775,Diesel,125,28,3,Green,4
BMW101589, 1 Series ,2017,27599.09,Automatic,79849,Petrol,235,34.2,1.5,White,4
BMW101590,X4,2027,17472.37,Semi-Auto,153705,Diesel,150,36.8,2,White,5
BMW101591,X1,2010,17751.56,Automatic,,Diesel,150,28.6,1.6,Grey,4
BMW101592,X4,2013,19097.4,Automatic,149667,  Petrol  ,,51.9,2,White,4
BMW101593,X1,2014,26144.2,Automatic,116890,Petrol,145,42.7,2,Green,4
BMW101594,5 Series,2014,26154.16,Automatic,119040,Hybrid,235,35.5,3,Red,5
BMW101595,3 Series,2010,15725.69,Manual,176163,Petrol,20,41.8,3,Green,4
BMW101596,2 Series,2007,9070.3,Semi-Auto,201220,Petrol,150,50.2,2,Red,5
BMW101597,7 Series,2012,39067.13,Automatic,146956,Diesel,145,28.6,3,Green,4
BMW101598,4 Series,2022,38412.14,Automatic,30106,Petrol,205,29.2,2,White,4
BMW101599,1 Series,2012,13783.15,Semi-Auto,135634,Diesel,145,52.8,1.6,Black,4
BMW101600,X4,2015,35771.23,Automatic,102030,Electric,30,36.3,3,Red,4
BMW101601,M5,2010,23625.8,Manual,184962,petrol,145,33.7,1.5,Silver,5
BMW101602,2 Series,2018,35018.35,Manual,47044,Petrol,145,47.4,3,Black,4
BMW101603,X3,2005,8189.03,Manual,229688,Petrol,235,43.7,2,Silver,4
BMW101604,5 Series,2006,7362.61,Semi-Auto,221865,Diesel,30,27,2,Grey,4
BMW101605,3 Series,2009,14164.27,Manual,174325,Petrol,205,32.1,2,Red,5
BMW101606,5 Series,2020,33400.05,Semi-Auto,49313,Petrol,20,34.4,1.5,Black,5
BMW101607,5 Series,2005,14270.13,Manual,219591,Petrol,30,21,4.4,Grey,5
BMW101608,3 Series,2008,12214.01,Automatic,192727,Petrol,125,28.3,3,Green,5
BMW101609,M3,2022,63997.84,Manual,23682,Diesel,125,38.1,1.6,Black,3
BMW101610,1 Series,2016,31055.23,Semi-Auto,103215,  Diesel  ,125,31.4,3,Grey,5
BMW101611,3 Series,2013,18699.58,Manual,139591,Diesel,30,33.1,2,Black,4
BMW101612,X1,2009,10377.59,Automatic,180211,Diesel,150,26.8,1.6,White,3
BMW101613,X1,2019,37322.36,automatic,63106,Diesel,20,,3,Grey,4
BMW101614,4 Series,2013,28359.6,Semi-Auto,132527,Hybrid,125,31.6,3,,5
BMW101615,4 Series,2017,33009.22,Automatic,92116,Diesel,20,26.4,3,Red,3
BMW101616,4 Series,2008,14282.46,Manual,186279,Diesel,150,32,3.5,Green,4
BMW101617,X5,2006,12676.42,Manual,216818,Diesel,205,39.2,2,Black,4
BMW101618,1 Series,2007,14927.35,Semi-Auto,208110,diesel,145,,2.5,Red,4
BMW101619,3 Series,2008,4304.65,Semi-Auto,204557,Petrol,125,44.3,2,Green,3
BMW101620,X1,2011,25100.97,Automatic,149295,Petrol,205,33.1,3.5,Silver,5
BMW101621,X4,2007,9481.26,Manual,205648,Petrol,,41.6,2,Green,5
BMW101622,X3,2017,30201.57,Manual,78575,Petrol,30,22.8,2,White,4
BMW101623,2 Series,2021,44913.68,Semi-Auto,38836,Petrol,20,47.8,3.5,White,4
BMW101624,3 Series,2005,4318.56,Automatic,224464,Diesel,145,41.7,2,White,4
BMW101625,4 Series,2012,19979.33,Automatic,146679,Petrol,145,29.1,2,Blue,5
BMW101626, 5 Series ,2007,10569.55,Automatic,186212,Petrol,125,21.6,2,Red,4
BMW101627,3 Series,2021,35986.64,Semi-Auto,44360,Diesel,150,43.2,2,,4
BMW101628,X1,2014,20761.04,Manual,113745,Petrol,30,,2,Red,3
BMW101629,M2,2010,31144.57,Automatic,163813,Petrol,125,41.7,2,,5
BMW101630,3 Series,2013,17909.24,Manual,130017,Petrol,0,55.5,1.5,Red,4
BMW101631,5 Series,2014,30282.23,Semi-Auto,120339,Electric,20,,2,Blue,4
BMW101632,X3,2008,15446.36,Automatic,195372,Diesel,30,25.9,3.5,White,5
BMW101633,3 Series,2006,8663.55,Manual,227464,Diesel,145,29.6,3,Black,4
BMW101634,3 Series,2013,20881.22,Manual,126195,PETROL,125,29,2,Grey,2
BMW101635,X7,2005,13967.22,Semi-Auto,226534,Petrol,30,39.3,1.6,Silver,3
BMW101636,3 Series,2014,21099.53,Automatic,126934,Diesel,150,48.4,2,Blue,4
BMW101637,X3,2021,41646.59,MANUAL,38134,Petrol,125,36.1,3,White,4
BMW101638,8 Series,2006,18014.75,Manual,,Petrol,145,55.1,1.5,Silver,5
BMW101639,4 Series,2010,15894.5,Manual,170620,Petrol,125,44.5,2,Silver,4
BMW101640,X3,2017,29009.83,Automatic,90327,Petrol,125,35.1,2.5,Blue,2
BMW101641,3 Series,2021,35125.15,Automatic,35540,Diesel,125,30,1.5,White,2
BMW101642,7 Series,2020,59426.27,Automatic,53244,Petrol,20,41.2,3,Black,5
BMW101643,X1,2020,35679.89,Semi-Auto,42227,DIESEL,30,59.5,2,Blue,4
BMW101644,5 Series,2011,20624.81,Semi-Auto,148811,Diesel,145,34.6,2.5,Black,5
BMW101645,X3,2015,24676.22,Semi-Auto,119193,Hybrid,145,40.2,1.5,,4
BMW101646,5 Series,2017,23306.33,Manual,88621,Diesel,0,26.2,2.5,Black,5
BMW101647,X3,2013,23277.02,Automatic,144277,Diesel,150,30.3,2,Black,5
BMW101648,7 Series,2016,49043.94,  Manual  ,88362,Petrol,125,47.5,2,,4
BMW101649,5 Series,2022,38568.85,Automatic,33015,Petrol,,31.2,3,Red,4
BMW101650,5 Series,2020,33877.31,Automatic,53489,Diesel,145,36.8,2,White,5
BMW101651,X1,2006,12067.71,Manual,213108,Diesel,145,34.7,3.5,Green,2
BMW101652,X5,2010,32524.63,Automatic,176977,Petrol,235,29.3,3,White,3
BMW101653,6 Series,2011,23332.79,Semi-Auto,145884,Petrol,20,32.7,2.5,White,4
BMW101654,Z4,2023,43470.44,Semi-Auto,10311,Petrol,145,33.9,3,Blue,4
BMW101655,X1,2007,12745.62,Manual,200377,Electric,125,39.4,1.5,White,5
BMW101656,5 Series,2018,32727.17,Semi-Auto,66264,Petrol,145,38,2.5,White,4
BMW101657,3 Series,2014,27045.44,Semi-Auto,113020,Petrol,150,31.5,3,,5
BMW101658, 5 Series ,2012,21824.13,Semi-Auto,134571,Petrol,125,42.8,3.5,Red,2
BMW101659,M5,2020,60357.47,Semi-Auto,60877,Diesel,30,23.2,3,Silver,4
BMW101660,X3,2005,8698.82,Automatic,233433,Hybrid,30,41,2.5,Grey,5
BMW101661,M3,2015,48868.33,Semi-Auto,,Diesel,125,34.6,3,Silver,5
BMW101662,3 Series,2022,38963.46,Automatic,33589,Hybrid,30,35.1,2.5,Red,5
BMW101663,1 Series,2021,35742.34,Automatic,38365,Diesel,205,29.7,2,Blue,3
BMW101664,X2,2009,6956.12,Manual,190078,Diesel,30,40.5,1.5,Green,4
BMW101665,i3,2005,11991.13,Automatic,227139,Diesel,145,29.3,3.5,Grey,5
BMW101666,3 Series,2022,43258.66,  Manual  ,36230,Diesel,145,,3,Grey,5
BMW101667,1 Series,2021,36230.38,Manual,28301,Petrol,150,46.4,2,Silver,4
BMW101668,4 Series,2007,9831.89,Automatic,206430,Petrol,145,43.7,2,Green,4
BMW101669,X6,2012,36475,Automatic,141515,Hybrid,30,42.3,1.6,,4
BMW101670,M4,2021,70793.14,Semi-Auto,15345,Diesel,145,34.5,,,4
BMW101671,X6,2023,70823.53,Automatic,11930,Diesel,125,24,3.5,Black,5
BMW101672,3 Series,2012,29583.13,Automatic,143740,Diesel,145,,4.4,White,5
BMW101673,X1,2014,19914.72,Semi-Auto,126167,Hybrid,125,37.8,1.6,Black,5
BMW101674,5 Series,2018,36845.29,Automatic,80703,Electric,20,49.2,1.6,Blue,5
BMW101675, X3 ,2006,16179.16,Semi-Auto,210121,Diesel,150,26.1,4.4,Blue,5
BMW101676,X3,2014,26526.62,Semi-Auto,118888,Diesel,125,29,2.5,Grey,4
BMW101677,7 Series,2018,57924.88,Semi-Auto,88897,Petrol,20,18.3,3,Black,3
BMW101678,1 Series,2020,32524.32,Automatic,50152,Diesel,150,27.9,2,,4
BMW101679,X3,2022,37933.96,Manual,19960,Petrol,20,43.6,2,Black,4
BMW101680,i3,2015,25423.83,Semi-Auto,91051,Petrol,125,28.9,1.6,Blue,3
BMW101681,1 Series,2012,14023.41,Manual,141385,Petrol,235,34.3,1.6,Grey,4
BMW101682,X1,2019,27626.58,Manual,57584,Diesel,125,30.9,2,Grey,4
BMW101683,6 Series,2011,17703.76,Manual,153794,Hybrid,20,36.9,1.6,Blue,4
BMW101684,M5,2008,28207.15,Automatic,198800,Diesel,145,32.5,3.5,Green,4
BMW101685,X1,2017,32970.37,Semi-Auto,89922,Diesel,145,32.8,3,Blue,3
BMW101686,3 Series,2019,32180.16,Manual,67297,Petrol,30,24.8,2.5,Black,5
BMW101687,3 Series,2012,21950.28,Semi-Auto,157833,Hybrid,125,28.9,3.5,Grey,5
BMW101688,X2,2022,43565.38,Automatic,32290,Petrol,125,33.3,3,White,4
BMW101689,X1,2014,27042.04,Manual,110344,Petrol,125,18.7,3,Black,5
BMW101690,3 Series,2021,36280.72,Automatic,45913,Petrol,150,41.3,3,Silver,3
BMW101691,X1,2018,26179.85,Semi-Auto,74907,Diesel,235,32.6,2.5,Green,5
BMW101692, 4 Series ,2011,20129.3,Automatic,147366,Diesel,20,15,3,Grey,4
BMW101693,1 Series,2013,22724.79,Semi-Auto,134805,Petrol,150,36,2.5,Black,4
BMW101694,3 Series,2018,26514.01,Manual,75095,Petrol,205,37.4,1.5,Black,4
BMW101695,i3,2019,30294.99,Manual,69646,  Diesel  ,150,19.8,2,Red,4
BMW101696,X2,2019,29711,Automatic,57374,Diesel,150,42.1,1.5,Red,5
BMW101697,X1,2014,26899.06,Semi-Auto,116499,Hybrid,145,32.6,3,Blue,4
BMW101698,1 Series,2017,26606.01,Automatic,87604,Diesel,125,49.9,1.5,Silver,5
BMW101699,6 Series,2022,34559.72,Semi-Auto,31192,petrol,125,,2,Red,2
BMW101700,7 Series,2018,54607.43,Semi-Auto,78599,Hybrid,150,20.9,3,Grey,4
BMW101701,3 Series,2013,22532.56,Automatic,129100,Diesel,125,28.3,2,Grey,4
BMW101702,M5,2022,71477.1,Automatic,26287,Petrol,150,24.4,3.5,,4
BMW101703,3 Series,2017,32162.99,Semi-Auto,86173,Hybrid,145,15.8,3,,5
BMW101704,4 Series,2016,25775.09,Automatic,111975,Petrol,145,41.2,2,Green,3
BMW101705,X1,2012,19263.1,Manual,140946,Petrol,125,29.2,3,Blue,4
BMW101706,X3,2014,15872.08,Manual,123713,Diesel,20,,2,White,3
BMW101707,X2,2016,25371.34,Manual,83342,Petrol,0,46.3,2,Silver,5
BMW101708,3 Series,2018,41323.84,Automatic,61372,Diesel,150,26.5,3.5,White,5
BMW101709,M2,2017,56109.13,Manual,91436,Diesel,145,29.4,3,Red,3
BMW101710,5 Series,2019,36532.28,Manual,65305,Diesel,145,30.1,2,Grey,5
BMW101711,X1,2020,44041.3,Manual,43404,Petrol,125,36.7,3.5,Black,5
BMW101712,3 Series,2008,14621.55,MANUAL,202813,Petrol,235,34.4,2,Silver,2
BMW101713,Z4,2005,12887.83,Semi-Auto,232138,petrol,0,22.6,3.5,Red,3
BMW101714,7 Series,2019,64280.15,Manual,58918,Petrol,125,29.7,3.5,Grey,4
BMW101715,3 Series,2007,4093.86,Semi-Auto,207435,Diesel,125,23.9,1.6,Silver,5
BMW101716,X4,2005,3260.09,Manual,224109,Diesel,150,39.6,1.6,Green,3
BMW101717,X3,2008,12142.78,Automatic,192223,Diesel,20,36.9,2,Silver,4
BMW101718,4 Series,2020,34998.21,Automatic,50800,PETROL,205,48,2.5,Silver,5
BMW101719,3 Series,2009,16635.32,Semi-Auto,174304,Hybrid,205,42.6,3,Black,5
BMW101720,3 Series,2005,10774.39,Manual,221779,Petrol,150,21.9,4.4,Red,4
BMW101721, M2 ,2015,62813.39,Automatic,103062,Electric,20,40,3,Green,4
BMW101722,X1,2005,1500,Automatic,226729,Petrol,125,38.6,1.5,White,3
BMW101723,3 Series,2008,16933.81,Automatic,197194,Petrol,205,15,3.5,Red,4
BMW101724,X1,2010,16764.58,Automatic,166363,Petrol,150,32.7,2,Blue,4
BMW101725,M4,2009,33180.62,Automatic,174734,Petrol,30,27.3,3.5,Green,2
BMW101726,7 Series,2005,17121.54,Automatic,232320,Diesel,125,32,2.5,Red,4
BMW101727,X1,2015,28873.32,Automatic,112111,Petrol,125,21.6,2.5,Red,5
BMW101728,X2,2017,29326.53,Manual,74295,Petrol,145,46,1.6,Green,3
BMW101729,X1,2022,42848.81,Automatic,22256,Petrol,125,27,3.5,Green,2
BMW101730,3 Series,2012,16929.99,Automatic,137041,Petrol,205,39.9,2,Green,3
BMW101731,5 Series,2023,42863,Manual,5527,Petrol,150,33.3,3.5,Blue,4
BMW101732,5 Series,2012,17783.73,Manual,144543,Diesel,150,44.9,1.6,Green,5
BMW101733,3 Series,2011,21271.1,Semi-Auto,164094,Petrol,235,39,2.5,Silver,3
BMW101734,M4,2006,28655.18,Manual,218389,Hybrid,20,17.8,4.4,Green,5
BMW101735,3 Series,2023,39959.99,Automatic,3838,Diesel,235,,2.5,Red,2
BMW101736,3 Series,2020,33525.21,Manual,33921,Hybrid,235,43.7,2,Silver,5
BMW101737,X3,2020,32650.41,  Semi-Auto  ,41806,Hybrid,30,32.6,1.5,White,4
BMW101738,X1,2009,11904.7,Automatic,177209,Petrol,150,37.2,1.6,Red,4
BMW101739,3 Series,2018,29145.7,Semi-Auto,78177,Petrol,30,28.1,1.6,Silver,4
BMW101740,X1,2006,8285.73,Automatic,224008,Diesel,205,48.5,2,Blue,4
BMW101741,1 Series,2010,19198.53,Manual,176974,Hybrid,125,26.5,3.5,Blue,2
BMW101742,4 Series,2008,13615.63,Automatic,185125,Diesel,20,42,2.5,Green,4
BMW101743,6 Series,2009,8045.53,Manual,186994,Petrol,205,39.9,1.5,Blue,4
BMW101744,6 Series,2017,32056.89,Manual,78656,Petrol,145,0,2.5,Red,5
BMW101745,3 Series,2010,18141.89,Automatic,180600,petrol,125,41.6,3.5,Black,4
BMW101746,6 Series,2013,23404.52,Automatic,128719,Petrol,20,34.5,,Green,4
BMW101747,5 Series,2014,22136.76,Manual,124847,Hybrid,30,35.1,2.5,Silver,5
BMW101748,4 Series,2020,36664.77,Manual,48204,Petrol,145,27.9,3,Silver,3
BMW101749,X5,2022,73326.79,Manual,28832,Diesel,125,30.8,3.5,Blue,5
BMW101750, X2 ,2019,32128.64,Automatic,69827,Diesel,145,45.5,2,Red,4
BMW101751,6 Series,2023,44350.4,Automatic,15856,Petrol,150,37.3,3.5,White,4
BMW101752,3 Series,2011,18279.41,Automatic,150968,Hybrid,150,43.7,3,Blue,4
BMW101753,1 Series,2011,17758.91,Automatic,159995,Hybrid,145,29.3,2,Black,4
BMW101754,5 Series,2012,36826.28,Automatic,137981,Electric,235,29.1,4.4,Silver,3
BMW101755,8 Series,2018,54398.04,Manual,52911,Petrol,125,42.3,2.5,Blue,5
BMW101756,X1,2007,11821.17,Manual,200105,Diesel,125,32.3,1.6,Green,4
BMW101757,X2,2014,21496.35,Automatic,105522,Petrol,125,33.3,3.5,Green,3
BMW101758,2 Series,2022,38330.97,Automatic,23432,Diesel,125,41.2,2,Grey,3
BMW101759,3 Series,2012,15117.89,Manual,148052,Petrol,145,30.8,2,Red,3
BMW101760,3 Series,2009,11856.21,Semi-Auto,179463,Petrol,235,24.7,2,Silver,5
BMW101761,5 Series,2017,33261.44,Automatic,87519,Diesel,,28.9,2.5,Green,4
BMW101762,X4,2008,5038.14,Manual,189653,Diesel,150,28.1,1.5,Silver,4
BMW101763,3 Series,2008,7875.2,Automatic,196156,Petrol,125,,2,Silver,5
BMW101764,X3,2017,31567.77,Automatic,96285,Petrol,20,45.3,3,White,5
BMW101765,X1,2015,26071.36,Semi-Auto,104448,Diesel,150,21.5,2.5,Green,4
BMW101766,X1,2014,20673.49,Automatic,121739,hybrid,0,38.1,1.5,Silver,4
BMW101767,5 Series,2010,10517.59,Manual,176577,Petrol,205,38.8,2,Silver,4
BMW101768,M3,2007,25892.73,Automatic,201308,  Diesel  ,145,46.5,2.5,Silver,4
BMW101769,X1,2021,34416.91,Automatic,30368,Diesel,125,35,2,White,4
BMW101770,3 Series,2015,33169.26,Semi-Auto,92890,Petrol,205,27.2,4.4,Silver,5
BMW101771,3 Series,2013,25879.33,Automatic,125821,Diesel,145,26.3,3.5,Green,4
BMW101772,3 Series,2015,27500.11,Semi-Auto,103563,Petrol,,36,2,Grey,5
BMW101773,X1,2022,31939.5,Manual,30112,Diesel,150,28.9,1.5,Green,4
BMW101774, 3 Series ,2018,34367.88,Automatic,69923,Petrol,125,30.9,3,Red,5
BMW101775,3 Series,2015,25823.97,Automatic,125379,Petrol,145,24.7,3.5,Green,4
BMW101776,1 Series,2012,19273.17,Manual,150682,Petrol,20,30.6,3,Black,5
BMW101777,X3,2008,10327.66,Automatic,185072,Diesel,125,30.2,3,Silver,5
BMW101778,X7,2022,62675.24,Automatic,19280,Petrol,30,42,2.5,White,5
BMW101779,5 Series,2020,31931.54,Automatic,54391,Hybrid,125,49.9,2,Black,5
BMW101780,4 Series,2016,31306.35,Manual,88820,diesel,,33.8,3,White,4
BMW101781,3 Series,2017,28905.2,Automatic,66918,Hybrid,125,41.4,2,White,5
BMW101782,X1,2007,13107.52,AUTOMATIC,199188,Diesel,145,43.4,2,Red,2
BMW101783,X3,2017,32334.22,Automatic,70757,Diesel,205,36.4,2.5,Blue,4
BMW101784,2 Series,2015,25378.65,Automatic,110301,Petrol,235,32.4,1.5,Silver,4
BMW101785,5 Series,2023,44662.73,Manual,500,Diesel,,36,2,,4
BMW101786,6 Series,2017,28488.57,Manual,84931,Petrol,20,34.6,1.6,,4
BMW101787,X3,2011,14605.19,Automatic,160342,Petrol,150,36.5,1.6,Grey,5
BMW101788,X3,2005,10471.67,Semi-Auto,227792,Diesel,205,23.7,3.5,Grey,5
BMW101789,3 Series,2005,10415.1,Automatic,214780,ELECTRIC,125,48.9,2,,4
BMW101790,5 Series,2020,33810.03,Automatic,59366,Diesel,125,35.3,2,Grey,4
BMW101791,5 Series,2007,10255.27,Automatic,203290,Petrol,205,30.7,2,White,3
BMW101792,2 Series,2011,20108.67,Manual,160105,Petrol,125,28.6,3.5,Blue,4
BMW101793,Z4,2009,11434.88,Manual,182437,Petrol,145,33.3,2.5,Black,4
BMW101794,3 Series,2017,27411.3,Automatic,86812,Hybrid,30,32.9,2,White,4
BMW101795,1 Series,2023,43232.69,Manual,13234,Petrol,150,37.7,2,Grey,4
BMW101796,1 Series,2017,27782.08,Automatic,83921,Diesel,125,46.6,1.6,Grey,5
BMW101797,X3,2015,26828.02,Automatic,114269,Petrol,145,50.2,3,Green,4
BMW101798,1 Series,2014,19917.48,Semi-Auto,121927,Diesel,125,41,1.6,Blue,4
BMW101799,6 Series,2013,31906.85,Automatic,138934,Electric,235,41.4,2,Grey,4
BMW101800,X4,2007,8288.18,Automatic,200757,Petrol,205,34.5,2,Black,5
BMW101801,2 Series,2011,26773.35,Automatic,160737,Electric,145,38.3,2,Green,5
BMW101802,1 Series,2016,25948.16,Automatic,110506,Diesel,125,25.1,2,Blue,5
BMW101803,1 Series,2013,22535.24,Semi-Auto,126946,Petrol,205,36.4,2,,4
BMW101804,X2,2015,26529.72,Manual,117549,Petrol,30,28.2,2.5,Blue,5
BMW101805, 7 Series ,2020,63720.72,Automatic,42511,Diesel,235,32.1,3.5,Red,2
BMW101806,X2,2006,8373.39,Automatic,224022,Diesel,235,45.5,1.5,Blue,5
BMW101807,3 Series,2011,14501.41,Semi-Auto,162746,Petrol,125,33.2,2.5,Black,4
BMW101808,4 Series,2023,40357.95,Automatic,22905,Diesel,145,,2.5,Red,5
BMW101809,2 Series,2023,38788.64,Manual,13166,Hybrid,,48.6,2,Grey,3
BMW101810,X3,2006,9574.31,Manual,208125,Diesel,235,28.9,2.5,,4
BMW101811,6 Series,2015,33526.41,Manual,103705,Diesel,30,,3.5,Silver,4
BMW101812,X6,2016,39797.53,Automatic,94534,Hybrid,20,37.4,1.5,Black,5
BMW101813,4 Series,2013,14102.04,Semi-Auto,139711,Diesel,150,36.2,2,Green,4
BMW101814, 1 Series ,2020,31210,Automatic,47395,Diesel,150,29.6,1.5,White,4
BMW101815, 2 Series ,2023,37673.43,Automatic,9777,Diesel,20,,2,Blue,2
BMW101816,3 Series,2021,39089.8,Semi-Auto,35404,Petrol,125,28.7,3.5,White,3
BMW101817,X6,2014,45741.6,Automatic,123315,Petrol,145,39,3,Silver,4
BMW101818,4 Series,2006,8788.44,Automatic,210570,Diesel,145,36.6,1.6,White,4
BMW101819,4 Series,2020,28728.57,Semi-Auto,47930,diesel,145,46.2,2,Silver,2
BMW101820,1 Series,2021,35742.34,Automatic,38365,Diesel,205,29.7,2,Blue,3
BMW101821,1 Series,2011,14339.33,Manual,151844,Diesel,145,44.3,1.5,Red,3
BMW101822,1 Series,2013,16742.88,Manual,125335,Petrol,205,35,2.5,White,4
BMW101823,1 Series,2017,30092.39,Manual,78677,Diesel,150,30.2,1.6,Grey,5
BMW101824,7 Series,2007,28098.57,Automatic,212436,Petrol,30,31.8,3,Black,5
BMW101825,X3,2009,12835.95,Manual,188878,Hybrid,145,32.5,2,Silver,3
BMW101826,X5,2012,31354.61,Automatic,144246,diesel,145,43.2,2,Red,4
BMW101827,3 Series,2008,10909.24,Automatic,186228,Petrol,150,30.3,1.5,Grey,5
BMW101828,X1,2022,46874.64,Automatic,32421,Diesel,150,32.3,3.5,Blue,5
BMW101829,5 Series,2020,33944.27,Automatic,44962,Hybrid,235,49.6,1.5,Grey,5
BMW101830,2 Series,2011,16738.09,Automatic,155124,Petrol,235,37.1,1.6,Green,4
BMW101831,5 Series,2015,27096.64,Automatic,106689,Diesel,125,37.4,3,Grey,5
BMW101832,X6,2019,53904.9,Semi-Auto,47024,  Petrol  ,205,42.4,1.6,Silver,4
BMW101833,X1,2012,19785.41,Semi-Auto,145243,Petrol,30,39.8,2,Blue,4
BMW101834,M4,2007,23601.98,Manual,201542,Petrol,30,38.2,2,White,3
BMW101835, 1 Series ,2008,12333.16,Manual,194846,Hybrid,125,31.9,2,White,4
BMW101836,M3,2009,29599.92,Semi-Auto,189151,Diesel,150,27.4,,Red,5
BMW101837,X1,2013,21084.02,Automatic,132504,Petrol,205,30.4,2,Red,4
BMW101838,5 Series,2011,16962.4,Semi-Auto,156150,Petrol,125,33.6,2,Grey,4
BMW101839,3 Series,2021,35414.91,Manual,34713,Petrol,150,24.6,2,White,4
BMW101840,X4,2013,23888.57,Automatic,137215,Hybrid,150,21.9,3,Green,5
BMW101841,i3,2011,17615.33,Automatic,154275,Diesel,145,54.7,1.5,Grey,4
BMW101842,3 Series,2006,13152.03,Semi-Auto,204117,Diesel,,20,3.5,Silver,4
BMW101843,2 Series,2022,40281.45,Manual,16392,Petrol,125,43.8,1.6,Blue,5
BMW101844,X5,2006,14049.37,Automatic,215811,Petrol,125,47.3,2,White,4
BMW101845,3 Series,2008,6698.48,Automatic,185707,Diesel,150,39,2,Blue,4
BMW101846,X3,2019,38825.59,Semi-Auto,62549,Diesel,,37.2,4.4,Green,5
BMW101847,X1,2021,38963.04,Manual,35154,Petrol,,56.2,,Blue,3
BMW101848,1 Series,2011,10320.74,Manual,161789,Diesel,145,40.3,1.5,Black,2
BMW101849,5 Series,2009,,Semi-Auto,177332,Diesel,145,24.8,1.6,Grey,4
BMW101850,X1,2019,30181.84,Automatic,67399,Petrol,125,36.2,2,White,4
BMW101851,X5,2015,47998.09,Manual,110264,Diesel,150,42.8,2.5,Blue,5
BMW101852,2 Series,2020,38821.36,Semi-Auto,48275,Petrol,145,33.4,3.5,Red,4
BMW101853,X1,2006,7607.85,Semi-Auto,225826,Diesel,150,42.6,2,Silver,4
BMW101854, X7 ,2019,56043.68,Semi-Auto,66581,Petrol,145,22.2,2,Silver,5
BMW101855,1 Series,2016,31371.73,Manual,98248,Petrol,,24.1,3.5,Grey,3
BMW101856,X3,2012,14556.66,Automatic,131787,Petrol,125,21.5,1.6,Grey,4
BMW101857,3 Series,2007,11131.69,Semi-Auto,202742,Hybrid,30,52.5,2,Black,4
BMW101858,7 Series,2017,58022.22,Automatic,70833,Diesel,,37,3,Green,3
BMW101859,X3,2008,5988.17,Manual,195204,Petrol,20,25,2,Grey,4
BMW101860,8 Series,2008,28216.81,Manual,182638,Diesel,0,31.5,2.5,Blue,4
BMW101861, 6 Series ,2006,11672.76,Manual,215277,Petrol,145,35.5,3,White,5
BMW101862,7 Series,2006,25627.2,Manual,216992,Hybrid,145,39.1,3,Grey,2
BMW101863,5 Series,2016,29622.92,Automatic,103954,Diesel,30,,3,,5
BMW101864,3 Series,2005,10616.57,Semi-Auto,229140,Petrol,125,28.7,3,,5
BMW101865,8 Series,2016,46207.88,Automatic,,Petrol,125,30.7,2,Blue,5
BMW101866,3 Series,2021,42179.28,manual,38717,  Petrol  ,145,,3.5,Blue,4
BMW101867,4 Series,2014,25696.9,Automatic,116331,Petrol,205,26.4,3,Black,4
BMW101868,3 Series,2013,26046.58,Automatic,127068,Hybrid,20,33,3,Grey,4
BMW101869,i3,2006,6291.55,Automatic,213568,Diesel,30,45.2,,Grey,4
BMW101870,1 Series,2023,45416.67,Semi-Auto,9494,Petrol,125,22.5,3,,3
BMW101871,2 Series,2012,19517.93,Manual,134197,Diesel,150,40.2,2,Silver,4
BMW101872,X1,2007,8617.56,Semi-Auto,202439,Diesel,125,36.9,2,White,5
BMW101873, X2 ,2012,19006.98,Manual,150363,Petrol,145,16.3,2,White,4
BMW101874, 5 Series ,2016,17906.94,Manual,89807,Petrol,150,44.7,1.5,,4
BMW101875,3 Series,2020,35003.46,Semi-Auto,46702,Petrol,20,35.1,2,Blue,4
BMW101876,2 Series,2017,28431.13,Manual,102253,Petrol,145,33.1,2,Green,5
BMW101877,5 Series,2005,14347.34,Semi-Auto,228840,Hybrid,0,25.3,4.4,White,4
BMW101878,5 Series,2010,19834.18,Automatic,163542,Diesel,,43.1,2.5,Blue,4
BMW101879,i3,2013,20449.59,Automatic,138886,Diesel,0,45.2,2,Black,5
BMW101880,X6,2020,66632.96,Manual,,Diesel,205,21.4,4.4,Silver,3
BMW101881,X1,2005,10230.81,Automatic,229684,Diesel,125,46.1,2.5,Red,4
BMW101882,M2,2011,37103.79,Automatic,152140,Diesel,30,31.9,3,,5
BMW101883,X4,2017,28676.92,Manual,89902,Petrol,205,19.9,1.6,Green,5
BMW101884,6 Series,2012,17036.53,Manual,146084,Hybrid,125,28.9,3,Blue,3
BMW101885,X5,2015,39948.32,  Manual  ,98444,Petrol,20,38.6,1.5,Grey,4
BMW101886,X1,2016,-500,Semi-Auto,89994,diesel,125,35.7,1.5,Grey,5
BMW101887,X1,2008,13458.5,Automatic,196491,Petrol,30,32.9,2,Red,5
BMW101888,2 Series,2009,16102.95,Semi-Auto,168337,Diesel,150,,3,Red,3
BMW101889,X1,2009,13732.25,Automatic,188196,Diesel,145,15.8,3,Silver,2
BMW101890,i3,2021,34849.93,Semi-Auto,23933,Diesel,125,35.3,1.5,,5
BMW101891,4 Series,2013,20353.97,Automatic,118909,Diesel,0,41.6,2,Blue,4
BMW101892,5 Series,2015,34708.91,Automatic,107063,Hybrid,235,18,4.4,Grey,5
BMW101893,6 Series,2014,28578.3,Automatic,126564,Petrol,20,33.8,3,Blue,2
BMW101894,3 Series,2013,22163.8,Manual,129691,Petrol,125,35.2,2,Red,4
BMW101895,1 Series,2018,32614.93,Manual,66748,Petrol,125,36.1,3.5,Red,5
BMW101896,X1,2019,29081.47,Semi-Auto,58584,Petrol,,41.8,1.5,Black,5
BMW101897,4 Series,2015,27433.46,Automatic,106439,Petrol,125,27.2,2,Blue,3
BMW101898,X2,2018,33071.81,Automatic,61399,Petrol,235,36.8,2,White,4
BMW101899,5 Series,2016,22344.68,Semi-Auto,89231,Petrol,205,37.9,1.5,Black,4
BMW101900,5 Series,2005,6415.68,Automatic,251961,Petrol,145,41.6,1.5,Black,4
BMW101901,5 Series,2008,13190.5,Manual,185879,Petrol,30,22.2,2.5,Black,5
BMW101902,8 Series,2009,18245.32,Manual,,Petrol,235,44,1.6,Blue,3
BMW101903,M5,2013,50135.94,Automatic,127598,Diesel,0,49.8,3,Black,5
BMW101904,2 Series,2005,7852.38,Automatic,239628,Diesel,125,22,3,Green,4
BMW101905,1 Series,2007,13132.68,Manual,196883,Hybrid,205,53.8,3,,4
BMW101906, 2 Series ,2008,19222.29,Automatic,192296,DIESEL,150,36.5,4.4,Black,5
BMW101907,5 Series,2011,22101.76,Automatic,140812,Petrol,30,25.3,3,Blue,4
BMW101908,X3,2016,26741.37,Semi-Auto,93432,Petrol,150,39.9,2,Green,4
BMW101909,X1,2010,16390.51,Semi-Auto,169590,Hybrid,,41.4,2,Grey,3
BMW101910,3 Series,2019,32180.16,Manual,67297,Petrol,30,24.8,2.5,Black,5
BMW101911,X3,2007,13960.52,Manual,208357,Petrol,145,30.6,3,Black,3
BMW101912,3 Series,2023,39510.02,Automatic,3324,Diesel,125,59.1,1.5,Green,4
BMW101913,X5,2017,48677.12,Automatic,83535,Petrol,125,39.1,1.6,Black,5
BMW101914, 7 Series ,2020,57117.35,Automatic,54812,Petrol,150,40.4,1.5,Red,4
BMW101915,X1,2015,30439.02,Automatic,107279,Diesel,145,33.7,3.5,Blue,5
BMW101916,X3,2009,13853.07,Manual,171510,Hybrid,125,32.5,2,Blue,2
BMW101917,X5,2020,69370.11,Manual,38944,Diesel,145,28.7,4.4,Blue,4
BMW101918,3 Series,2023,44168.05,Manual,22225,Hybrid,125,,2,Green,3
BMW101919,5 Series,2007,10821.37,Manual,212102,Hybrid,0,46,2.5,Green,3
BMW101920,8 Series,2016,51808.08,Automatic,87935,Petrol,150,32.6,2.5,Green,4
BMW101921,X1,2009,22265.8,Manual,178055,Diesel,125,,4.4,Grey,4
BMW101922,5 Series,2020,34353.32,Automatic,49552,Petrol,20,49.2,2,White,4
BMW101923, i3 ,2022,38514.95,AUTOMATIC,30473,Diesel,125,29.1,2,Grey,4
BMW101924,1 Series,2019,34993.96,Manual,44100,Diesel,125,40.5,1.5,Red,3
BMW101925,7 Series,2013,37334.53,Automatic,137506,Diesel,,,2,Grey,4
BMW101926,3 Series,2007,8723.46,Automatic,211150,Petrol,235,38.6,1.6,,3
BMW101927, X1 ,2019,29380.63,Automatic,61365,Petrol,125,37,1.5,Black,4
BMW101928,4 Series,2015,22728.21,Semi-Auto,115112,Diesel,,37.8,3,Grey,4
BMW101929,5 Series,2010,16015.74,Automatic,168212,Petrol,30,49.4,2,Green,5
BMW101930,X5,2018,51558.66,Automatic,82830,Petrol,30,40.1,2,Silver,5
BMW101931,X1,2007,5279.5,Automatic,214454,Diesel,145,29.8,1.6,Black,5
BMW101932,X5,2005,25973.07,Manual,229314,Diesel,20,25.5,4.4,Grey,4
BMW101933, 5 Series ,2007,5130.54,Automatic,222238,Petrol,125,22.6,2,Silver,5
BMW101934,3 Series,2011,,Automatic,166254,Hybrid,145,29.1,2,Black,4
BMW101935,3 Series,2011,22979.23,Manual,160755,Petrol,235,39.5,3,Black,5
BMW101936,3 Series,2021,36950.5,Semi-Auto,41368,Petrol,150,28.9,2.5,Green,5
BMW101937, X2 ,2022,39665.2,Manual,15534,Petrol,150,34.5,2,Silver,5
BMW101938,8 Series,2015,48814.76,Semi-Auto,112200,Diesel,125,38.3,3,Silver,5
BMW101939,i3,2010,21690.32,Semi-Auto,169018,Petrol,125,,3.5,Silver,5
BMW101940,3 Series,2012,19702.26,Automatic,147378,Petrol,125,57.3,1.6,Grey,5
BMW101941,7 Series,2018,60659.17,Automatic,68148,Diesel,125,15.3,3,White,4
BMW101942, 3 Series ,2015,,Automatic,111667,Petrol,205,54,2,Silver,4
BMW101943,3 Series,2009,8581.48,Automatic,177171,Diesel,150,29.4,1.6,Blue,5
BMW101944,2 Series,2014,25988.41,Semi-Auto,117199,Diesel,125,39.2,3,Silver,3
BMW101945,5 Series,2020,37032.99,Automatic,62020,Diesel,125,47.8,2.5,Silver,5
BMW101946,M4,2022,59025.22,Automatic,36993,Diesel,150,25,2,Silver,3
BMW101947, 4 Series ,2010,17014.07,Manual,175467,Petrol,125,32.7,3,,5
BMW101948,5 Series,2008,13335.41,Automatic,191248,Hybrid,145,43.3,2,Silver,4
BMW101949,1 Series,2016,34001.02,Automatic,88901,Diesel,125,31.5,2.5,Silver,4
BMW101950,2 Series,2014,24910.74,Manual,113610,Hybrid,235,,3,Silver,4
BMW101951, X3 ,2006,5732.41,Automatic,222949,Diesel,145,23.9,2.5,Green,4
BMW101952,i3,2020,38098.86,Automatic,47986,Hybrid,205,32.7,2.5,Red,4
BMW101953,5 Series,2023,39826.06,Automatic,5429,Petrol,125,39.2,2.5,Red,4
BMW101954, 3 Series ,2022,38342.33,Manual,31119,Diesel,125,23.9,2,Blue,3
BMW101955,3 Series,2023,47499.62,Automatic,6848,Petrol,145,32.3,2,Red,4
BMW101956,6 Series,2023,42449.69,Semi-Auto,16172,  Petrol  ,145,42.3,2,Silver,4
BMW101957,5 Series,2015,25556.6,MANUAL,100309,Petrol,125,27.6,3,Black,3
BMW101958,5 Series,2021,31939.65,Semi-Auto,34763,Petrol,145,32.8,,Black,3
BMW101959,3 Series,2007,9456.24,Manual,199889,Petrol,145,30.2,2.5,Green,4
BMW101960,1 Series,2006,12929.03,Manual,210926,Petrol,150,33.2,3,Black,4
BMW101961,X5,2020,67242.16,Automatic,38934,Petrol,20,23.8,3.5,,3
BMW101962,2 Series,2005,3691.07,Manual,233158,Diesel,150,38.9,2,Grey,3
BMW101963,3 Series,2020,37109.07,Manual,56135,Petrol,150,44.7,2.5,Silver,4
BMW101964,X1,2019,35523.01,Semi-Auto,67591,diesel,235,34.6,3,Red,4
BMW101965,X1,2009,15069.16,Automatic,175109,Diesel,150,35.9,1.5,Black,4
BMW101966,5 Series,2010,23995.34,Automatic,171658,Petrol,145,24.7,4.4,Grey,4
BMW101967,1 Series,2015,27649.61,Manual,115646,Petrol,0,47.3,2.5,White,4
BMW101968,2 Series,2023,44004.32,Automatic,3566,Diesel,145,50.4,2,,5
BMW101969,5 Series,2015,24862.41,Automatic,103301,Diesel,30,25,2,Silver,4
BMW101970,X5,2005,16994.12,Manual,228807,Petrol,125,32.4,2,Red,4
BMW101971,2 Series,2017,25224.14,Semi-Auto,77022,Petrol,150,32.8,1.6,Blue,4
BMW101972,X3,2010,15054.1,Automatic,156317,Petrol,125,39.9,1.6,Silver,4
BMW101973,3 Series,2020,33932.3,Semi-Auto,49793,Petrol,205,41.9,2,Silver,4
BMW101974,5 Series,2013,18958.66,Manual,117392,Diesel,150,56.3,2,Black,3
BMW101975,4 Series,2020,32713.08,Manual,62105,Diesel,30,32.8,2,Blue,5
BMW101976,X1,2012,28623.2,Automatic,142068,Petrol,125,21.8,3.5,Green,4
BMW101977,3 Series,2022,36402.84,Semi-Auto,33917,Petrol,150,34.9,2.5,Green,4
BMW101978,5 Series,2015,25135.57,Automatic,116527,Petrol,150,37.1,2,Grey,4
BMW101979,2 Series,2023,49198.15,Automatic,9183,Petrol,145,38.6,3.5,Blue,4
BMW101980,X5,2007,18742.85,Manual,214910,Petrol,125,30.6,2,Green,4
BMW101981,3 Series,2014,20062.08,Semi-Auto,114581,Diesel,125,50.1,1.6,Grey,4
BMW101982, 1 Series ,2023,39400.58,MANUAL,6172,Petrol,125,32.7,2,Red,5
BMW101983,4 Series,2008,15617.69,Automatic,197760,Petrol,150,32.1,,Grey,4
BMW101984,X3,2011,11989.57,Semi-Auto,163270,  Petrol  ,235,42.4,1.6,Blue,4
BMW101985,3 Series,2010,18304.04,Automatic,167523,Petrol,145,19.2,3.5,,3
BMW101986, 1 Series ,2007,8170.33,Automatic,197577,Petrol,125,,1.5,Grey,3
BMW101987,5 Series,2008,8502.84,Automatic,204354,Hybrid,150,44.8,1.5,Blue,5
BMW101988,X3,2007,14099.82,Manual,211848,Hybrid,20,39.8,3.5,Grey,5
BMW101989,3 Series,2012,26098.36,  Manual  ,143644,Petrol,145,16.6,3,Red,5
BMW101990,8 Series,2015,56243.29,Semi-Auto,105503,Hybrid,30,32.5,4.4,White,5
BMW101991,3 Series,2008,10047.09,Automatic,202507,Diesel,125,28.2,1.5,Red,4
BMW101992,1 Series,2011,15110.35,Automatic,167879,Petrol,30,31.1,2.5,White,3
BMW101993,M4,2008,18348.58,Manual,183945,Petrol,150,52.6,1.5,Black,4
BMW101994,4 Series,2013,14446.65,Manual,138516,Diesel,150,35.6,2,Silver,4
BMW101995,3 Series,2011,18009.7,Manual,162864,Diesel,20,16.7,2,Black,4
BMW101996,5 Series,2013,24614.81,  Automatic  ,138116,Diesel,150,30.7,3,White,4
BMW101997,1 Series,2006,13001.82,Automatic,217407,Petrol,235,29.5,3,,2
BMW101998,X3,2020,31924.31,Automatic,43328,Petrol,30,37.8,1.6,Green,4
BMW101999,2 Series,2008,12424.18,Automatic,196402,Petrol,125,35.2,2,Black,3
BMW102000,7 Series,2006,25874.06,Semi-Auto,205463,Petrol,125,45.3,3,Green,4
BMW102001,3 Series,2014,22132.92,Automatic,111719,  Petrol  ,145,36,2,White,4
BMW102002, 5 Series ,2011,17055.07,  Automatic  ,166101,Petrol,145,59.1,1.6,Black,4
BMW102003,3 Series,2007,13182.38,Manual,198356,Petrol,145,41.1,2.5,Silver,4
BMW102004,7 Series,2023,65942.86,Automatic,3100,Petrol,20,42.8,1.5,Blue,3
BMW102005,X5,2008,26104.91,Automatic,199508,petrol,125,38.2,2.5,Red,3
BMW102006,X3,2023,38692.46,Manual,12891,Diesel,20,,2,Red,5
BMW102007,X3,2008,5325.19,Automatic,206308,Diesel,20,41.5,1.6,Red,5
BMW102008,1 Series,2019,34668.59,Manual,65653,Petrol,145,47.6,3,Red,4
BMW102009,M2,2016,57367.79,Semi-Auto,106597,Diesel,150,29.1,3.5,Black,4
BMW102010,8 Series,2021,60495.08,Semi-Auto,31133,Petrol,125,35.7,2.5,Blue,5
BMW102011,i8,2021,61087.24,Automatic,43721,Petrol,30,34.4,2,Silver,4
BMW102012,4 Series,2006,9560.35,Automatic,217419,Petrol,125,23.5,2,Black,5
BMW102013,X5,2015,49677.08,Automatic,109158,Petrol,125,28.7,3.5,Red,4
BMW102014,4 Series,2008,14497.58,Manual,194644,Hybrid,150,40.2,2,Blue,3
BMW102015,i3,2013,23217.85,Manual,135026,Petrol,,48.5,3,White,4
BMW102016,5 Series,2018,30914.22,Automatic,,Hybrid,205,43.1,1.5,Blue,4
BMW102017,X1,2012,20650.89,Manual,147689,Diesel,125,36.7,2.5,Red,4
BMW102018,4 Series,2016,26149.24,Manual,105537,Diesel,125,31.9,3,Silver,4
BMW102019,3 Series,2021,46212.66,Semi-Auto,32368,Petrol,205,32.6,4.4,Silver,3
BMW102020, 5 Series ,2020,35904.95,Automatic,43292,Hybrid,125,,2.5,Grey,2
BMW102021,2 Series,2022,37837.95,Automatic,15648,Petrol,125,49.2,2,White,3
BMW102022,X1,2019,34725.25,Automatic,44984,Diesel,0,28.7,2,,4
BMW102023,5 Series,2020,37264.53,Semi-Auto,50980,Petrol,205,,3,Red,3
BMW102024,3 Series,2016,22396.7,Semi-Auto,80776,Petrol,150,37.8,2,Black,5
BMW102025,X6,2012,31956.09,Automatic,151992,hybrid,150,37.9,1.5,Silver,4
BMW102026,X4,2021,34613.69,Automatic,45619,Petrol,125,35.3,2,Grey,4
BMW102027,5 Series,2007,6962.69,Semi-Auto,191996,Diesel,145,47.9,1.5,White,4
BMW102028,X1,2013,22407.96,Automatic,148115,Petrol,150,47.9,2,Black,5
BMW102029,5 Series,2015,26503.24,Semi-Auto,111048,Diesel,,,3,Green,4
BMW102030,5 Series,2007,,Semi-Auto,191952,Petrol,30,28.2,3.5,Red,3
BMW102031,1 Series,2017,30070.56,Automatic,79150,Diesel,125,31.8,1.6,White,4
BMW102032,5 Series,2007,14865.67,MANUAL,206238,Petrol,205,33,1.6,Red,4
BMW102033,X5,2010,23946.74,Automatic,155612,Petrol,145,36.2,1.5,Blue,4
BMW102034,X2,2015,23639.21,Manual,114620,Diesel,145,38,2,Silver,5
BMW102035,3 Series,2013,,Semi-Auto,119395,Diesel,30,29.3,2,Red,5
BMW102036, X3 ,2022,37123.67,Semi-Auto,27352,Petrol,150,26.1,3,Blue,4
BMW102037,X5,2021,69171.78,Automatic,38208,Hybrid,125,32.3,3.5,Red,5
BMW102038,1 Series,2005,5153.62,Manual,225802,Diesel,150,37.2,2.5,Green,5
BMW102039, X2 ,2006,3228.44,Automatic,,Petrol,145,35.1,1.5,Grey,4
BMW102040,2 Series,2010,17978.2,Automatic,162660,Petrol,145,,2,Red,4
BMW102041,4 Series,2011,17782.47,Semi-Auto,148774,Petrol,205,46.8,1.6,Black,5
BMW102042,4 Series,2021,50685.11,Semi-Auto,39898,Electric,30,46.6,1.6,Blue,4
BMW102043,X2,2008,8413.68,Manual,181628,Petrol,235,47.5,3,Black,4
BMW102044,X1,2006,6270.95,Automatic,211738,Diesel,145,40.1,1.5,Red,4
BMW102045,M3,2016,49776.86,Manual,97734,Petrol,205,42.6,2,Red,4
BMW102046,4 Series,2021,37638.47,Semi-Auto,48419,  Petrol  ,125,20.9,3.5,Blue,5
BMW102047,2 Series,2017,34845.4,Semi-Auto,82040,Hybrid,150,,2.5,Green,4
BMW102048, 3 Series ,2022,40904.25,Manual,24208,Diesel,125,35.8,3,,3
BMW102049,7 Series,2017,58421.83,Automatic,82278,Diesel,20,37.3,3,Red,2
BMW102050,5 Series,2014,27606.21,Semi-Auto,126069,Diesel,125,30.8,3.5,Silver,5
BMW102051,2 Series,2014,28777.23,Semi-Auto,126312,Diesel,30,18.7,3.5,Grey,4
BMW102052,X4,2015,27004.78,Manual,117806,Diesel,125,26.3,4.4,,5
BMW102053,6 Series,2015,22401.75,Automatic,116244,Petrol,,22.4,2,Red,2
BMW102054,7 Series,2013,36082.58,Automatic,137083,Diesel,150,44.4,1.5,Grey,4
BMW102055,5 Series,2007,4021.23,Automatic,188688,Petrol,125,27.5,2,Silver,5
BMW102056,X5,2019,56101.23,Automatic,57080,Petrol,145,36.9,2,Blue,4
BMW102057,M2,2011,34940.16,Automatic,159516,Diesel,125,49.2,3.5,White,3
BMW102058,X2,2018,29980.29,Manual,65903,Petrol,205,52.7,2,Green,5
BMW102059,X5,2010,26347.95,Semi-Auto,180632,Diesel,30,51.2,1.6,Green,4
BMW102060,7 Series,2006,20177.6,Automatic,222086,Petrol,235,37.1,2,Blue,4
BMW102061,5 Series,2013,21661.98,Automatic,147655,Diesel,205,50.3,2,Blue,4
BMW102062,7 Series,2020,54879.23,Manual,45554,Diesel,150,15,2,Red,3
BMW102063, X5 ,2006,13671.54,Automatic,222134,Hybrid,20,59.9,2,Silver,5
BMW102064,5 Series,2016,29099.63,Manual,95511,Diesel,0,41.9,2.5,Silver,3
BMW102065,3 Series,2007,10237.64,Automatic,207050,Hybrid,205,51.9,2,Grey,4
BMW102066,6 Series,2015,25370.93,Manual,93489,Diesel,30,37.1,2,Green,5
BMW102067,5 Series,2018,26324.42,Semi-Auto,70472,Petrol,20,46.6,1.6,Green,5
BMW102068,5 Series,2022,39983,Automatic,17683,Petrol,20,48.7,2,Blue,5
BMW102069,X5,2013,47179.78,Automatic,148610,Diesel,20,38.8,3.5,Red,4
BMW102070,X3,2011,18281.04,Automatic,156089,diesel,150,34.5,2,White,4
BMW102071,2 Series,2010,16669.69,Automatic,159256,Diesel,125,33.2,3.5,Red,4
BMW102072,5 Series,2013,21931.5,Manual,130306,Petrol,30,36.7,2,Red,4
BMW102073, 3 Series ,2017,25920.49,Automatic,86991,Diesel,235,45,1.5,Green,5
BMW102074,X1,2022,36450.62,Semi-Auto,31217,Hybrid,235,,2,Grey,4
BMW102075,5 Series,2018,27336.04,Automatic,75174,Petrol,125,36.7,3,Grey,5
BMW102076,i8,2019,59738.09,Automatic,49581,Diesel,205,31.8,3,Blue,5
BMW102077,X4,2020,39842.04,Semi-Auto,53460,Petrol,30,29.1,3,Grey,5
BMW102078,X3,2006,6892.57,Manual,216179,Diesel,20,29,3,Green,5
BMW102079, 3 Series ,2020,36343.89,Semi-Auto,36439,Petrol,205,36.9,3,Grey,4
BMW102080,6 Series,2012,18906.91,Automatic,158481,Diesel,145,35.5,2,White,4
BMW102081,4 Series,2015,21556.5,Automatic,114554,Petrol,30,51.6,2,Silver,4
BMW102082,i3,2007,9055.21,Manual,196070,Diesel,205,48.7,,White,4
BMW102083,2 Series,2006,7303.14,Automatic,231241,Petrol,30,42,3.5,Black,4
BMW102084,1 Series,2022,37600.58,Manual,29512,Petrol,125,30.6,2.5,Red,4
BMW102085,X3,2008,15305.24,Automatic,188239,Petrol,145,17,3,Red,5
BMW102086,5 Series,2019,32276.92,Manual,63848,Hybrid,0,35.6,1.6,Blue,4
BMW102087,M4,2020,53750.32,Manual,48090,Diesel,150,27.1,1.5,Grey,4
BMW102088,i3,2022,43932.04,Semi-Auto,10473,Petrol,20,27.3,3.5,Green,4
BMW102089,2 Series,2018,31776.29,Automatic,80780,Diesel,150,41,2,White,5
BMW102090,5 Series,2012,17219.56,Automatic,140470,Petrol,125,42.5,2,Green,5
BMW102091,3 Series,2009,6818.29,Manual,172055,Diesel,125,42.4,1.5,Silver,2
BMW102092,X1,2020,37789.47,Manual,44154,Diesel,125,58.6,3,,5
BMW102093, 4 Series ,2023,42036.5,Automatic,17516,Diesel,125,32.8,3,Green,5
BMW102094,X5,2019,61112.95,Semi-Auto,68355,Diesel,235,37.4,3,Green,3
BMW102095,3 Series,2014,30871.62,Semi-Auto,105065,Petrol,125,37.6,4.4,Red,4
BMW102096,X4,2023,43842.37,Automatic,9420,Petrol,125,31.4,2.5,Blue,4
BMW102097,X2,2007,6362.7,Manual,213443,Diesel,150,39.2,1.5,Green,4
BMW102098,3 Series,2019,28869.18,Semi-Auto,60117,Petrol,125,38.4,1.5,Grey,5
BMW102099,X3,2009,13837.29,Automatic,171919,Diesel,30,41.4,2.5,Grey,3
BMW102100,3 Series,2022,38440.39,Manual,23309,Petrol,125,26.5,2,Grey,4
BMW102101,M4,2006,16360.62,Manual,219000,Diesel,235,40.1,2,Grey,4
BMW102102,7 Series,2006,16481.92,Semi-Auto,212562,Diesel,0,33.7,2.5,Blue,5
BMW102103,3 Series,2012,18611.47,Automatic,145980,Diesel,20,36.6,2,Red,4
BMW102104,3 Series,2008,16611.33,Manual,189566,PETROL,145,34.9,3,Blue,3
BMW102105,2 Series,2016,27664.77,Automatic,82436,Petrol,205,22.3,2,Red,4
BMW102106,5 Series,2012,21403.18,Manual,128854,Petrol,125,35.3,3,White,4
BMW102107,M2,2012,40637.8,Automatic,142748,Diesel,145,37.4,3,Black,4
BMW102108,X1,2015,23524.43,Automatic,99681,Diesel,150,46.4,2,White,3
BMW102109,Z4,2023,41274.82,Automatic,5428,  Diesel  ,125,46.5,1.5,White,4
BMW102110,X1,2020,34166.3,AUTOMATIC,51713,Diesel,145,26.5,2,Silver,4
BMW102111,4 Series,2013,24482.87,Automatic,134212,Diesel,0,23.7,3,Grey,3
BMW102112,4 Series,2019,32092.11,Manual,,Diesel,145,34.6,2,Red,4
BMW102113,3 Series,2013,30324.38,Manual,128371,Electric,30,,1.5,Grey,5
BMW102114,X4,2015,29309.59,Semi-Auto,99859,Hybrid,235,,4.4,Blue,5
BMW102115,i3,2020,32320.46,Automatic,47267,Petrol,30,38.1,2,Green,5
BMW102116,6 Series,2008,11536.26,Automatic,202219,Diesel,125,31.7,2.5,,5
BMW102117,2 Series,2012,19430.49,Manual,146584,Petrol,145,40.3,2.5,White,4
BMW102118,3 Series,2009,9702.06,Automatic,182896,Hybrid,125,26,2,Grey,4
BMW102119,X1,2019,36560.91,Semi-Auto,68619,PETROL,20,31.4,3.5,Red,4
BMW102120,6 Series,2019,37144.2,Manual,55392,Diesel,150,42.7,3,Blue,4
BMW102121,M2,2020,59319.92,Manual,45408,Diesel,150,47.5,2,Blue,4
BMW102122,X4,2018,30852.57,Manual,68432,Hybrid,150,41.4,2,,4
BMW102123,i3,2008,13667.73,Manual,189990,Diesel,205,35.3,,White,4
BMW102124,X3,2009,12577.98,Manual,177707,Petrol,150,40.3,1.5,Red,4
BMW102125,3 Series,2021,37137.49,Manual,50076,Petrol,30,25.2,3,Grey,4
BMW102126,1 Series,2011,19470.85,Manual,149260,Diesel,125,42.8,2.5,,4
BMW102127,X3,2022,41018.61,Manual,16836,Petrol,150,27.3,2.5,Green,3
BMW102128,2 Series,2010,15696.42,Manual,176470,Diesel,150,55.4,2.5,White,2
BMW102129,X2,2021,34489.01,Automatic,35859,Petrol,150,32.7,2,,5
BMW102130,3 Series,2006,6373.09,Automatic,204804,Petrol,205,54.3,1.5,Red,4
BMW102131,1 Series,2015,25399.52,Manual,105599,Diesel,125,29.7,3,Black,4
BMW102132,5 Series,2017,26492.48,Automatic,84032,Petrol,150,43.3,2,Blue,4
BMW102133,X1,2019,41357.83,Automatic,59193,Diesel,20,36.1,3.5,Silver,4
BMW102134,4 Series,2007,17400.59,Automatic,197969,Diesel,20,34.6,3,Red,5
BMW102135,3 Series,2018,33701.42,Automatic,80487,Petrol,125,,2.5,Blue,3
BMW102136, X5 ,2023,63229.89,Automatic,21827,Diesel,125,32.7,2,Black,2
BMW102137,2 Series,2014,22411.4,Automatic,121420,Petrol,125,48.5,2,Red,5
BMW102138,X4,2016,,Manual,91645,Diesel,205,31.7,2,White,4
BMW102139,X7,2023,70727.39,Manual,4555,Petrol,150,31,2.5,Red,3
BMW102140,6 Series,2007,17227.63,Automatic,208004,Diesel,235,39.2,3.5,Green,5
BMW102141,3 Series,2011,20364.05,Semi-Auto,155437,Hybrid,125,23.5,2.5,Green,3
BMW102142,X5,2020,77907.02,Automatic,57771,Electric,125,49.1,2.5,Blue,4
BMW102143,5 Series,2020,39413.18,Automatic,44914,Petrol,30,34.1,3.5,Red,5
BMW102144, X1 ,2006,6421.1,Automatic,,Diesel,145,36.5,2.5,Blue,4
BMW102145,X3,2014,22705.73,Manual,133187,Petrol,150,28,3,Green,5
BMW102146,1 Series,2006,13709,Manual,200830,Hybrid,145,34.1,3,Silver,4
BMW102147,X3,2022,42611.38,Automatic,27652,  Diesel  ,205,30.3,3.5,Green,4
BMW102148,3 Series,2008,11609.57,Automatic,190083,Petrol,150,41.1,,Grey,3
BMW102149,2 Series,2021,34553.29,Semi-Auto,44755,Petrol,125,37.8,1.5,Red,4
BMW102150,1 Series,2022,39676.32,Automatic,33064,Petrol,145,38.8,1.6,Blue,3
BMW102151,1 Series,2020,41782.65,Semi-Auto,31984,Petrol,30,,3.5,Green,3
BMW102152,5 Series,2012,18775.24,Automatic,149796,Petrol,125,47.2,2,White,4
BMW102153,5 Series,2013,18927.26,Semi-Auto,137784,petrol,145,39.2,2,Black,2
BMW102154,X5,2019,57759.64,Semi-Auto,48584,Diesel,150,36.1,3,Red,4
BMW102155,M3,2020,54781.69,Automatic,44897,Petrol,150,31.1,2,White,4
BMW102156,X1,2012,12233.1,Manual,161727,Petrol,0,34.9,2,Grey,4
BMW102157,M4,2005,22713.29,Semi-Auto,226358,Petrol,145,23.7,4.4,Red,2
BMW102158,X4,2015,33290.32,Automatic,92210,Hybrid,125,,3.5,Red,3
BMW102159,X1,2017,31893.62,Automatic,88689,Diesel,125,32.2,2.5,Grey,4
BMW102160, 1 Series ,2023,41785.15,Automatic,500,Petrol,150,39.1,2,Black,5
BMW102161,5 Series,2016,27310.78,  Manual  ,96283,Electric,205,38.3,1.5,Blue,4
BMW102162, 1 Series ,2016,32053.34,Manual,107410,Diesel,150,41.3,2.5,Silver,4
BMW102163,X4,2013,14688.23,Automatic,129311,Petrol,30,43.9,1.6,Red,4
BMW102164,3 Series,2010,13633.33,Automatic,159670,Diesel,150,35.2,2,White,5
BMW102165, 5 Series ,2018,32263.42,AUTOMATIC,89438,Diesel,30,15.8,3.5,Blue,4
BMW102166,2 Series,2010,24647.32,Manual,161544,Petrol,145,29,3.5,White,5
BMW102167,X5,2021,60917.49,Automatic,31705,Petrol,125,31.4,2,Silver,4
BMW102168,Z4,2013,22515.51,Automatic,131004,Diesel,125,,,,4
BMW102169,X1,2011,23728.03,Manual,156357,Petrol,125,20.7,3.5,Black,3
BMW102170,X1,2015,26863.78,Automatic,119384,PETROL,145,47.9,2,White,5
BMW102171,X4,2009,13066.04,Automatic,176619,Petrol,125,34.8,2,Blue,2
BMW102172,5 Series,2018,38288.47,Manual,64555,Electric,145,27.6,1.5,Blue,4
BMW102173,3 Series,2014,22171.73,Semi-Auto,110601,Petrol,150,15,2,,4
BMW102174,3 Series,2007,9345.03,Manual,206601,Petrol,145,37.8,2,Silver,4
BMW102175,3 Series,2017,25960.04,Semi-Auto,88329,Petrol,30,41,1.5,,4
BMW102176,3 Series,2009,12283.86,Semi-Auto,176709,Diesel,20,37.4,2,Silver,5
BMW102177,X3,2018,40980.25,Manual,71521,Hybrid,205,30.3,4.4,Green,3
BMW102178,1 Series,2009,20309.32,Semi-Auto,178294,Petrol,145,30.8,4.4,Silver,4
BMW102179, 7 Series ,2021,56038.18,Automatic,34474,Petrol,,52.3,1.5,Silver,4
BMW102180,X5,2016,72204.21,Semi-Auto,103412,Electric,125,33.9,3.5,Grey,4
BMW102181,X3,2018,38338.07,Automatic,72260,Diesel,145,15,4.4,White,4
BMW102182,3 Series,2014,21232.39,Semi-Auto,119296,Diesel,145,35.8,2.5,Green,5
BMW102183,5 Series,2011,12821.4,Automatic,154576,Petrol,235,41.1,1.5,Red,4
BMW102184,7 Series,2022,63214.03,Manual,20928,Diesel,235,35.1,2,Grey,4
BMW102185,4 Series,2005,3129.15,Automatic,234500,Diesel,235,43.1,1.5,Black,5
BMW102186,X1,2013,26380.68,Manual,146784,Electric,30,46.6,2,Blue,5
BMW102187,5 Series,2007,10147.26,Manual,209364,Petrol,125,39,3,,4
BMW102188,5 Series,2006,8170.92,Semi-Auto,210464,diesel,150,29.4,2.5,Red,4
BMW102189,5 Series,2009,20096.75,Automatic,167666,Hybrid,,46.4,2.5,Grey,4
BMW102190,X3,2012,18229.66,Semi-Auto,147281,Petrol,125,,2,Blue,4
BMW102191,5 Series,2014,32946.52,Automatic,122321,ELECTRIC,30,30.8,2,Black,4
BMW102192,4 Series,2020,36570.61,Semi-Auto,51500,Hybrid,150,31.9,3.5,White,4
BMW102193,4 Series,2021,36354.21,Automatic,43594,Petrol,205,40.9,2,Red,4
BMW102194,4 Series,2016,22933.07,Automatic,104833,Diesel,150,30.3,1.5,Silver,4
BMW102195,X1,2014,20498.23,Automatic,118125,Diesel,145,43.8,1.6,Green,3
BMW102196,3 Series,2007,,Manual,191274,Diesel,205,28.5,2.5,Grey,4
BMW102197,X4,2009,14463.77,Manual,165972,Petrol,125,27.5,1.6,Red,5
BMW102198,5 Series,2021,32503.72,Automatic,38475,Petrol,150,25.5,2,White,4
BMW102199,1 Series,2016,24209.3,Semi-Auto,92227,Diesel,145,42.2,3,Grey,4
BMW102200,5 Series,2014,22621.58,Manual,116356,Diesel,205,,2.5,Silver,3
BMW102201,M4,2017,46036.74,Manual,81406,Petrol,125,37,1.6,Blue,4
BMW102202,1 Series,2020,38279.72,Automatic,53410,Hybrid,30,42.1,2.5,Grey,5
BMW102203,3 Series,2017,29820.23,Semi-Auto,80906,Petrol,125,47.7,1.5,Grey,4
BMW102204,3 Series,2015,31637.31,Manual,105949,Diesel,145,29.1,4.4,,5
BMW102205,5 Series,2010,19031.38,Manual,174125,Diesel,20,36.7,3.5,Green,4
BMW102206,3 Series,2012,19832.62,Automatic,126913,Petrol,125,16.6,2,Black,4
BMW102207,3 Series,2017,28851.61,Manual,83021,Petrol,,35.6,2,Silver,2
BMW102208,6 Series,2013,20781.68,Semi-Auto,145771,Petrol,125,15,2.5,Green,5
BMW102209,X4,2018,37227.43,Semi-Auto,64053,Petrol,30,29,3.5,Red,4
BMW102210,X5,2021,70545.42,Automatic,39442,Diesel,20,,3.5,Green,4
BMW102211,4 Series,2019,27036.13,Manual,64648,Diesel,145,40.9,1.5,Grey,4
BMW102212,3 Series,2013,25550.3,AUTOMATIC,146029,Electric,125,41.9,1.5,Red,4
BMW102213,4 Series,2009,15132.5,Automatic,175354,Petrol,125,38.3,2,White,3
BMW102214,M3,2022,61652.52,Manual,20336,Petrol,125,29.5,1.5,Silver,5
BMW102215,X3,2012,20507.68,Semi-Auto,162069,Diesel,145,42,2.5,,4
BMW102216,X1,2019,44000.19,Automatic,61115,Petrol,205,37.2,4.4,Red,3
BMW102217,2 Series,2023,45482.72,Manual,500,Diesel,30,40.6,2,Blue,5
BMW102218,4 Series,2021,38225.53,Manual,26645,Petrol,30,24.1,2,Silver,4
BMW102219,5 Series,2005,1500,Automatic,244273,Hybrid,125,47.4,2,Grey,4
BMW102220,1 Series,2014,24407.72,Manual,108686,Hybrid,150,26.2,2,Red,3
BMW102221,Z4,2009,19774.01,Semi-Auto,178625,Diesel,20,31.7,2,White,5
BMW102222,X6,2017,49638.63,Semi-Auto,64651,Petrol,150,39.2,1.5,White,3
BMW102223,i3,2020,32133.02,Semi-Auto,49091,  Diesel  ,125,48.7,2,Red,5
BMW102224,1 Series,2013,20103.64,Semi-Auto,127043,Diesel,150,,2,Red,4
BMW102225,3 Series,2015,32375.74,Semi-Auto,115680,Hybrid,30,39.1,4.4,White,5
BMW102226,4 Series,2017,34131.84,Automatic,76907,Diesel,125,30.7,3.5,Silver,4
BMW102227,1 Series,2017,29890.94,Automatic,,Petrol,0,50.4,2.5,White,4
BMW102228,3 Series,2005,2924.24,Manual,230265,Petrol,0,41.9,2,Black,3
BMW102229,X3,2005,1529.6,Automatic,244286,Petrol,0,40.9,1.5,White,5
BMW102230,X2,2007,9705.49,Semi-Auto,208118,Diesel,235,41.2,2.5,Black,4
BMW102231,X3,2015,31300.02,Semi-Auto,106328,Hybrid,,33.8,3,Silver,4
BMW102232,1 Series,2023,43169.65,Automatic,500,Petrol,125,33.7,2,Grey,5
BMW102233,3 Series,2016,,Automatic,100373,Petrol,235,30.2,3.5,Silver,4
BMW102234,3 Series,2013,23925.12,Semi-Auto,118634,Petrol,20,48.5,1.5,Blue,4
BMW102235,X7,2015,43039.51,Semi-Auto,113183,PETROL,205,40,2,Black,3
BMW102236,6 Series,2008,9155.14,Manual,189785,Petrol,145,,1.5,,5
BMW102237,4 Series,2011,14910.13,Semi-Auto,157876,Petrol,205,40.8,2,Blue,4
BMW102238,3 Series,2023,35312.22,Semi-Auto,,Diesel,145,44.9,2,Green,4
BMW102239,3 Series,2005,6479.26,Semi-Auto,241294,Petrol,205,24.2,3.5,White,5
BMW102240,4 Series,2008,12981.51,Manual,191682,Diesel,205,15.9,3.5,Black,5
BMW102241,3 Series,2007,5226.9,Semi-Auto,197078,Diesel,150,37.2,1.5,White,4
BMW102242,i3,2018,30168.85,Manual,78358,Petrol,0,44.7,2,,5
BMW102243,5 Series,2021,31686.95,Automatic,40803,Petrol,150,36.2,2,Black,4
BMW102244, X1 ,2012,19594.71,Manual,137084,Diesel,30,38.4,2,White,4
BMW102245,3 Series,2018,33932.78,Manual,68042,Diesel,0,40,2.5,Blue,3
BMW102246,X1,2005,13233.35,Manual,227532,Petrol,125,,4.4,Blue,3
BMW102247,1 Series,2005,14802.91,Semi-Auto,219177,Hybrid,235,28.2,3.5,Red,4
BMW102248,3 Series,2005,6115.12,Automatic,231818,Petrol,,38.1,2,Black,2
BMW102249,2 Series,2019,31072.95,Semi-Auto,61603,Diesel,20,38.4,1.5,Red,3
BMW102250,5 Series,2014,21875.26,  Manual  ,113983,Petrol,145,45.7,2,,4
BMW102251,X3,2020,38861.62,  Automatic  ,44986,Petrol,20,33.4,2,Grey,3
BMW102252,X3,2016,32334.8,Semi-Auto,106206,Diesel,125,22.4,4.4,White,4
BMW102253,X1,2016,30234.08,Manual,95095,Diesel,235,,2,White,5
BMW102254,i3,2021,,Manual,27000,Petrol,150,43.3,1.5,,4
BMW102255,7 Series,2021,56985.65,AUTOMATIC,34915,Diesel,30,46.1,1.5,Black,5
BMW102256,1 Series,2022,38887.99,Semi-Auto,29619,Diesel,0,44.8,2,Red,4
BMW102257,X4,2009,23434.74,Automatic,177350,Electric,145,29.3,3,Silver,3
BMW102258,Z4,2006,4899.57,Manual,223379,PETROL,205,47.9,2,Green,4
BMW102259,X3,2016,33010.81,Semi-Auto,97318,diesel,30,27,2,Blue,4
BMW102260,X1,2022,43550.31,Automatic,20463,Petrol,150,,3,Black,3
BMW102261,X1,2023,48506,Manual,8680,diesel,125,,3.5,Grey,4
BMW102262,1 Series,2010,18500.29,manual,183303,Petrol,145,28.9,3,Green,4
BMW102263,X3,2006,8370.25,Manual,213501,Diesel,125,40.6,1.5,Red,5
BMW102264,7 Series,2013,32856.89,Manual,146841,Petrol,150,46.8,1.6,Silver,4
BMW102265,i3,2011,18803.58,Semi-Auto,156855,Petrol,125,42.7,2,Green,4
BMW102266,M2,2009,22779.45,Semi-Auto,174455,Diesel,30,41.5,2,Blue,5
BMW102267, X1 ,2009,11038.32,  Semi-Auto  ,170920,Hybrid,150,42.3,2,Red,5
BMW102268,6 Series,2006,3524.85,AUTOMATIC,221370,Diesel,145,36.2,1.5,Blue,5
BMW102269,4 Series,2014,24203.83,Manual,127025,Diesel,125,36.4,1.6,White,4
BMW102270,5 Series,2011,19281.39,semi-auto,164505,Petrol,150,39.9,2.5,White,2
BMW102271,1 Series,2013,23019.35,Semi-Auto,132765,  Petrol  ,150,38.7,2,Grey,4
BMW102272,3 Series,2014,22736.15,Automatic,125509,petrol,145,45.1,2.5,,4
BMW102273,X1,2008,10845.6,Manual,193780,Diesel,205,21.6,2.5,Green,4
BMW102274,X1,2010,15277.07,Semi-Auto,158885,Petrol,30,32.4,2,Blue,4
BMW102275,1 Series,2014,20454.36,Semi-Auto,114944,Diesel,145,42,2,Blue,5
BMW102276,X3,2015,27717.49,  Automatic  ,109845,Petrol,125,33.8,2.5,Black,5
BMW102277,2 Series,2023,42435.26,Manual,18268,Diesel,20,39.9,1.6,White,5
BMW102278,7 Series,2017,54206.73,Automatic,83731,Hybrid,20,40.6,3,Green,4
BMW102279,4 Series,2023,36801.58,Semi-Auto,17300,Petrol,145,54.5,1.5,Silver,3
BMW102280,5 Series,2007,6743.21,SEMI-AUTO,222478,Diesel,150,46.3,1.5,Grey,5
BMW102281,X3,2005,4830.56,Automatic,230729,Hybrid,205,37.7,2,White,3
BMW102282,X3,2023,42218.72,Automatic,12432,Petrol,145,43.3,2,Green,4
BMW102283,7 Series,2016,44603.18,Automatic,92452,Hybrid,20,36.8,2,White,4
BMW102284, 4 Series ,2022,33625.46,Automatic,23859,Diesel,205,39.1,1.5,Grey,4
BMW102285,3 Series,2011,16462.36,Automatic,151546,Hybrid,235,54,2,White,5
BMW102286,Z4,2018,45094.18,Semi-Auto,78802,Electric,125,31.4,2.5,Red,4
BMW102287,8 Series,2011,34559.42,Semi-Auto,158775,Petrol,0,,3,White,3
BMW102288,3 Series,2005,11302.79,Manual,232957,Petrol,235,26.7,3.5,Green,4
BMW102289,X4,2020,40663.93,Automatic,51749,Petrol,145,33.8,3.5,Black,5
BMW102290,5 Series,2015,20525.74,Automatic,106741,Petrol,125,45.7,1.5,Black,2
BMW102291,3 Series,2016,26945.38,Manual,103739,Diesel,30,36,2,Silver,3
BMW102292,X3,2007,9798.79,Automatic,210314,Diesel,150,41.7,3,White,4
BMW102293,X1,2022,41983.52,Automatic,23860,Petrol,0,24.2,2,Blue,4
BMW102294,3 Series,2006,4851.82,Automatic,212798,Diesel,150,45,1.5,Silver,5
BMW102295,X1,2023,42538.29,Automatic,8094,Diesel,205,44.9,2.5,Grey,3
BMW102296,1 Series,2017,26553.18,Manual,97273,Petrol,,32.6,2,Green,4
BMW102297,5 Series,2018,33227.63,Semi-Auto,83737,Diesel,205,33.7,,Black,4
BMW102298,X3,2013,31834.8,Automatic,130999,Electric,30,32.3,3,Grey,3
BMW102299,Z4,2022,40161.1,Semi-Auto,27343,  Petrol  ,205,45,2.5,Blue,5
BMW102300,X4,2020,36465.63,Semi-Auto,48719,Diesel,145,26.6,2.5,White,4
BMW102301,i8,2023,69351.08,Semi-Auto,11014,Petrol,125,40.2,2,Red,4
BMW102302,4 Series,2013,21450.46,Automatic,135649,Diesel,145,37.3,3,Grey,5
BMW102303,X6,2020,63742.75,Semi-Auto,50469,Petrol,150,30.3,3.5,Black,5
BMW102304,1 Series,2011,21306.33,Semi-Auto,144089,Hybrid,125,40.5,2,Red,5
BMW102305,1 Series,2013,16589.34,Automatic,137922,Diesel,150,38.8,2,Red,3
BMW102306,1 Series,2017,29190.88,Automatic,84451,Petrol,125,31.8,2,Silver,4
BMW102307,5 Series,2014,25096.92,Automatic,124789,Diesel,20,40.5,2,Red,4
BMW102308,6 Series,2006,6009.41,Automatic,,Petrol,,42.8,2,Blue,2
BMW102309,i8,2007,23140.45,Automatic,199055,Hybrid,20,34.8,3,Blue,4
BMW102310, M4 ,2023,60211.49,Automatic,4375,Diesel,205,22.1,2,Silver,3
BMW102311,1 Series,2017,27782.08,Automatic,83921,Diesel,125,46.6,1.6,Grey,5
BMW102312,5 Series,2007,6465.49,Automatic,194157,DIESEL,30,43.9,2,Green,4
BMW102313,M4,2015,45150.16,Automatic,108215,Diesel,125,30.2,3,Grey,5
BMW102314,X1,2007,15536.76,SEMI-AUTO,193830,Petrol,150,32.6,3,Black,4
BMW102315,X2,2010,12943.35,Manual,161644,Diesel,205,38.4,1.5,Blue,5
BMW102316,5 Series,2008,9166.8,Semi-Auto,184766,Hybrid,145,23.1,2,Black,4
BMW102317,X1,2008,7904.17,Semi-Auto,190120,Petrol,235,35.2,2,White,4
BMW102318,5 Series,2012,21705.89,Semi-Auto,135671,Diesel,125,,3.5,Red,5
BMW102319,5 Series,2008,13958.96,Automatic,189367,Petrol,150,34.5,3,Grey,4
BMW102320,X5,2013,40692.25,Semi-Auto,117271,Diesel,150,34.1,2.5,Grey,5
BMW102321,5 Series,2018,32727.17,Semi-Auto,66264,Petrol,145,38,2.5,White,4
BMW102322,5 Series,2018,36371.69,Manual,59086,Diesel,125,30.8,2.5,Grey,5
BMW102323,X5,2005,10692.85,Automatic,221656,Petrol,145,41.8,1.5,Grey,5
BMW102324,2 Series,2005,5498.49,Automatic,231156,Diesel,30,45.4,2,Silver,3
BMW102325, i3 ,2007,10985.67,Automatic,196772,Petrol,205,32.2,3,Green,5
BMW102326,3 Series,2016,35065.3,Automatic,93844,Diesel,20,42.5,3,Grey,5
BMW102327,X3,2009,15016.11,Semi-Auto,171660,Hybrid,125,35.8,2.5,Red,5
BMW102328,X4,2005,1989.23,Automatic,229437,Diesel,30,40.9,2,Grey,4
BMW102329,6 Series,2018,32406.08,Semi-Auto,86281,Diesel,235,29,2,Silver,5
BMW102330,X3,2016,28571.81,Automatic,77075,Petrol,145,34.9,2,Red,5
BMW102331,3 Series,2022,35989.07,Semi-Auto,16478,Diesel,235,,1.6,Green,4
BMW102332,2 Series,2017,29648.87,Semi-Auto,81982,Petrol,145,25.4,3.5,Grey,5
BMW102333,i3,2023,41204.31,Semi-Auto,17848,Diesel,125,,1.5,,5
BMW102334,X6,2022,71258.66,Semi-Auto,18994,Petrol,20,34.8,3.5,Black,4
BMW102335,i3,2009,15524.1,Automatic,174464,  Diesel  ,150,,3,White,3
BMW102336,M5,2005,16915.45,Automatic,235789,Petrol,125,41.9,2,Green,3
BMW102337,X4,2007,13321.6,Semi-Auto,202955,Hybrid,150,40.2,2,Green,2
BMW102338,X3,2009,11668.7,Manual,183417,Diesel,150,53,1.6,Green,5
BMW102339,X1,2019,33440.87,Semi-Auto,61794,Diesel,0,41.5,3,Green,4
BMW102340,5 Series,2008,10217.59,Automatic,186098,Diesel,125,52,2,Black,5
BMW102341,3 Series,2016,23627.51,Semi-Auto,93301,Diesel,235,46.1,2.5,Blue,4
BMW102342,3 Series,2011,20092.96,Automatic,140637,Petrol,30,33.4,2.5,Blue,2
BMW102343,X6,2008,22295.87,Manual,190344,Hybrid,145,43.3,2,Silver,2
BMW102344,X1,2006,1500,AUTOMATIC,221283,Petrol,0,44.2,1.5,Green,4
BMW102345, X1 ,2020,37051.5,Semi-Auto,36275,Petrol,150,29.6,2,Silver,5
BMW102346,7 Series,2015,42775.7,Automatic,99400,Petrol,20,44.1,2,Blue,5
BMW102347,2 Series,2018,29305.4,Automatic,67358,Petrol,205,45.4,2,Black,4
BMW102348,5 Series,2020,33177.36,Semi-Auto,55232,Petrol,150,34.1,2,Green,4
BMW102349,M4,2006,15071.61,Manual,235478,Diesel,30,51.2,2,Red,5
BMW102350,4 Series,2008,12083.97,Manual,195701,Diesel,0,31.4,2,Green,3
BMW102351,X3,2015,31563.4,Semi-Auto,113507,Petrol,125,34.3,3,White,5
BMW102352,M5,2010,36417.42,Automatic,168091,Electric,205,37.4,1.5,Black,4
BMW102353,2 Series,2023,49198.15,Automatic,9183,Petrol,145,38.6,3.5,Blue,4
BMW102354,3 Series,2014,26796.98,Manual,121447,Petrol,125,25,4.4,Grey,3
BMW102355, X1 ,2007,4408.42,Manual,196539,Petrol,20,29.1,2,Green,5
BMW102356,X3,2011,17454.55,Automatic,,Petrol,205,43.4,1.5,Black,4
BMW102357,X3,2021,38914.94,Semi-Auto,23129,Diesel,125,36.6,2,Silver,5
BMW102358,X2,2022,45008.75,Manual,15363,Diesel,30,20.1,,White,5
BMW102359,1 Series,2012,20311.89,Automatic,141378,Hybrid,145,15.7,2,Red,5
BMW102360,5 Series,2010,21485.01,Automatic,151131,Diesel,150,26.5,3.5,Red,4
BMW102361,X1,2011,9910.87,Semi-Auto,151339,Hybrid,205,43.5,2,Grey,5
BMW102362,5 Series,2005,4269.6,Manual,219338,Diesel,150,42.1,1.5,White,5
BMW102363,X1,2020,32467.91,Manual,63657,Diesel,125,35.3,2,Black,4
BMW102364,3 Series,2022,35817.22,Automatic,13100,Petrol,,38.1,2,Silver,3
BMW102365,X1,2011,15021.5,Manual,156462,Hybrid,235,36.3,2,Silver,4
BMW102366,X1,2016,24233.32,Manual,101916,Petrol,235,36.8,2,Green,5
BMW102367,7 Series,2015,55009.78,Automatic,115668,DIESEL,20,34.9,4.4,Blue,3
BMW102368,1 Series,2018,34485.39,Automatic,69386,Petrol,145,30.3,2.5,White,3
BMW102369,5 Series,2007,11486.42,Manual,208594,Petrol,145,35.5,3,Grey,5
BMW102370,X1,2018,34907.81,manual,72307,Petrol,205,38.3,3,Black,3
BMW102371,1 Series,2014,17936.81,AUTOMATIC,129781,Diesel,0,46.6,1.5,Blue,4
BMW102372,6 Series,2016,28802.44,Automatic,81808,  Petrol  ,125,26.4,2,Black,5
BMW102373,X2,2009,12049.89,Automatic,185638,Hybrid,125,37.4,2,Black,4
BMW102374,1 Series,2006,4929.87,Semi-Auto,218105,Hybrid,150,16.5,2,White,5
BMW102375,X4,2010,23368.09,Manual,153039,Petrol,150,27.3,4.4,Silver,4
BMW102376,5 Series,2006,8858.01,Automatic,206881,Hybrid,0,39,2,Grey,5
BMW102377, X5 ,2019,52772.91,Automatic,66087,Petrol,145,38.2,2,Red,4
BMW102378,5 Series,2016,28398.22,Manual,103472,Petrol,20,36.9,3,Grey,4
BMW102379,4 Series,2013,24154.91,Automatic,132094,Hybrid,20,22.7,3,Green,2
BMW102380,3 Series,2013,24508.83,Manual,140283,Petrol,150,46.5,2.5,,5
BMW102381,2 Series,2006,5907.42,Automatic,211316,Petrol,205,35.6,2,Silver,5
BMW102382,X3,2008,7802.49,Manual,203435,Diesel,20,33.8,2,Grey,3
BMW102383,3 Series,2011,18605.28,Automatic,160507,Petrol,125,31.2,2,Green,4
BMW102384,7 Series,2011,28621.69,Manual,145779,Petrol,125,35,1.5,White,4
BMW102385,2 Series,2006,11824.36,Automatic,209736,Hybrid,150,29.6,3.5,Blue,5
BMW102386,X1,2023,40570.03,Automatic,6232,Petrol,150,50.3,1.5,Black,5
BMW102387,5 Series,2017,32787.63,Semi-Auto,67397,Petrol,145,31,2,Silver,3
BMW102388,1 Series,2019,30829.79,Semi-Auto,79167,Diesel,150,31,3,White,5
BMW102389,1 Series,2020,32853.61,Manual,45370,Diesel,145,40.1,2,Silver,4
BMW102390,3 Series,2013,18884.16,Manual,,Diesel,125,30.3,2,Green,5
BMW102391,M3,2011,40990.2,Semi-Auto,158229,Petrol,125,41.3,4.4,Red,2
BMW102392,X1,2012,22339.86,Automatic,148904,Petrol,0,25.7,2.5,White,4
BMW102393,X5,2015,50034.68,Semi-Auto,107435,Hybrid,145,30.4,3,Silver,4
BMW102394,X1,2023,45024.14,Automatic,18574,Petrol,0,34.9,2.5,Blue,5
BMW102395,5 Series,2021,34797,Semi-Auto,31785,Petrol,125,35.2,1.6,Black,5
BMW102396,7 Series,2009,32466.64,Automatic,187571,  Hybrid  ,0,28.7,3.5,Blue,4
BMW102397,M4,2020,54170.99,Manual,30086,Hybrid,145,30.6,2,Silver,3
BMW102398,3 Series,2012,17585.05,Automatic,146394,diesel,145,50.5,1.6,Grey,5
BMW102399,1 Series,2020,35041.1,Automatic,27153,Diesel,0,33.7,2,Blue,5
BMW102400,5 Series,2008,13040.51,Semi-Auto,187695,  Diesel  ,145,35,3,Red,4
BMW102401,X3,2009,18547.02,Manual,185324,Diesel,20,30.7,3,Blue,4
BMW102402,3 Series,2013,19444.44,Automatic,128018,Diesel,125,31.6,2.5,Black,5
BMW102403,3 Series,2020,36189.53,Automatic,33901,diesel,150,42.1,2,Blue,5
BMW102404,4 Series,2007,10601.25,Automatic,184154,Diesel,125,15,3,Black,4
BMW102405, 1 Series ,2018,30841.49,Manual,83113,petrol,20,36.1,2.5,Black,4
BMW102406,X3,2021,36615.59,Automatic,41043,Diesel,125,52.1,2.5,White,4
BMW102407,3 Series,2012,23773.24,Manual,151198,Petrol,145,30.8,3,Red,4
BMW102408,X2,2020,32204.86,Automatic,46967,Petrol,145,28.1,2,Silver,5
BMW102409, 3 Series ,2013,14758.12,Automatic,141027,Diesel,150,42.7,1.5,,5
BMW102410,X5,2005,16092.11,Manual,229801,Diesel,145,38.5,2.5,Black,4
BMW102411,M5,2017,49383.28,Automatic,70154,Petrol,205,51.8,2,Blue,3
BMW102412,4 Series,2016,23454.33,Semi-Auto,96096,Petrol,145,35.8,1.5,Green,4
BMW102413,i3,2010,17379.81,Semi-Auto,160506,Diesel,145,31.8,2,Green,4
BMW102414,X1,2019,29283.54,Semi-Auto,48655,Petrol,0,51.5,1.6,Blue,4
BMW102415,4 Series,2019,33536.64,Manual,70400,Diesel,125,46.4,2,Blue,4
BMW102416,X2,2017,28940.99,Semi-Auto,76683,Petrol,205,,1.5,Grey,3
BMW102417,Z4,2014,19970.96,Semi-Auto,,Hybrid,125,29.4,2,Silver,5
BMW102418,5 Series,2009,7703.48,Semi-Auto,190901,Petrol,205,51.9,1.5,Silver,5
BMW102419,M3,2017,55587.69,Automatic,83651,Diesel,,31.7,2.5,Grey,3
BMW102420,X5,2010,38926.07,Automatic,,Diesel,150,37.8,3.5,White,5
BMW102421,1 Series,2009,20128.65,Semi-Auto,174796,Diesel,145,37.7,4.4,Silver,4
BMW102422,X1,2008,8679.16,Manual,192450,diesel,150,40.1,2,White,4
BMW102423,4 Series,2020,42016.71,Manual,65647,Diesel,125,17,3.5,Green,4
BMW102424,4 Series,2022,47345.25,Manual,10884,Diesel,30,33.5,3.5,Green,4
BMW102425,X2,2022,43276.62,Semi-Auto,32461,Petrol,125,33.2,3.5,Silver,4
BMW102426,1 Series,2015,26174.24,Automatic,115067,Diesel,0,39.2,2,Silver,4
BMW102427,M3,2019,55690.5,Semi-Auto,57797,Diesel,150,,1.6,Red,4
BMW102428,X5,2015,50039.41,Automatic,107786,Petrol,20,45.8,2.5,Black,3
BMW102429,2 Series,2015,33171.99,Manual,112858,Diesel,125,30.2,4.4,Silver,5
BMW102430,i3,2017,38238.69,Automatic,95613,Electric,205,38.7,2,Red,4
BMW102431,5 Series,2007,12296.59,Manual,203222,Petrol,205,,3,Silver,4
BMW102432,X5,2019,58733.06,Semi-Auto,57702,Petrol,125,58.5,2,Silver,4
BMW102433,3 Series,2005,8669.23,Semi-Auto,213223,Diesel,30,47.6,2,Black,4
BMW102434, 7 Series ,2009,28784.56,Semi-Auto,177759,Diesel,,26.1,2,Grey,4
BMW102435,X6,2005,10629.93,Automatic,220689,DIESEL,145,35.1,1.6,Green,4
BMW102436,1 Series,2011,24032.89,Automatic,156478,Petrol,205,29.7,3,Red,4
BMW102437,X2,2011,23848.7,Automatic,155966,Petrol,150,32.6,2,Green,5
BMW102438,X1,2006,5374.59,Automatic,209354,Hybrid,145,35.9,3,Grey,2
BMW102439,X3,2018,32208.28,Manual,83090,Hybrid,150,46.4,1.5,Black,4
BMW102440,4 Series,2016,30182.87,Semi-Auto,100258,Petrol,150,35.6,2.5,Blue,5
BMW102441,X5,2015,49147.17,Semi-Auto,96115,Petrol,125,31.1,3,White,4
BMW102442,3 Series,2018,33921.05,Semi-Auto,72664,Petrol,235,25.7,1.6,Black,4
BMW102443,4 Series,2013,16798.75,Semi-Auto,123349,Petrol,145,37.4,2,White,4
BMW102444,3 Series,2014,18604.38,Semi-Auto,124240,Diesel,150,41.6,1.6,Blue,5
BMW102445,5 Series,2012,17157.79,Automatic,134550,Diesel,145,23.7,1.5,Grey,4
BMW102446,2 Series,2017,30085.08,Semi-Auto,82753,Petrol,125,18.7,3.5,Green,4
BMW102447,2 Series,2022,38161.87,Manual,23697,Diesel,30,48.5,3,,5
BMW102448,1 Series,2008,17579.62,Semi-Auto,198326,Petrol,125,50.7,3,Grey,4
BMW102449,X1,2015,30004.01,Automatic,112940,Diesel,125,29.2,2.5,Black,4
BMW102450,5 Series,2021,38552.93,Semi-Auto,43127,Petrol,125,37.3,1.5,Silver,4
BMW102451, X1 ,2019,40705.24,Automatic,67908,Petrol,150,16.5,4.4,Silver,4
BMW102452,5 Series,2012,31005.24,Semi-Auto,123783,Petrol,125,,3,Black,3
BMW102453,7 Series,2012,31744.21,Semi-Auto,141084,Diesel,125,44.9,1.5,Red,3
BMW102454,X3,2018,36599.98,MANUAL,73200,Diesel,125,43.6,3.5,Red,4
BMW102455,X1,2022,39752.84,Automatic,12754,Petrol,20,43.6,2.5,Blue,4
BMW102456,X1,2018,38326.31,Manual,76392,Hybrid,125,45,4.4,White,4
BMW102457,X4,2010,21072.62,SEMI-AUTO,169742,Petrol,0,30.5,3,Black,5
BMW102458,M3,2008,33995.3,Automatic,202268,Petrol,30,27.6,4.4,Blue,4
BMW102459,1 Series,2015,20439.33,Automatic,96924,Diesel,145,28.8,1.5,Silver,4
BMW102460,M2,2005,16868.68,Semi-Auto,220189,Petrol,145,24.5,2,Red,3
BMW102461,X1,2014,27158.65,Automatic,119419,Diesel,125,42.1,3,Black,4
BMW102462,X5,2008,23842.84,semi-auto,192651,Diesel,125,53.9,1.6,Green,4
BMW102463,3 Series,2017,33257.46,Semi-Auto,66760,Petrol,145,37.3,3.5,Blue,4
BMW102464,3 Series,2011,15365.52,Automatic,138578,Petrol,30,44.3,2,Blue,3
BMW102465,i3,2023,39969.48,Automatic,12036,Diesel,125,37.1,1.6,,4
BMW102466,2 Series,2020,,Semi-Auto,34475,Hybrid,205,37.4,2,Red,4
BMW102467,i8,2010,31808.64,Semi-Auto,169549,Diesel,150,37,2.5,Green,4
BMW102468,X2,2021,40832.07,Automatic,52665,  Petrol  ,145,32.5,2.5,Grey,5
BMW102469,2 Series,2021,31886.08,Semi-Auto,42214,Diesel,145,38.4,2,Grey,4
BMW102470,4 Series,2013,20197.05,Automatic,123023,Petrol,0,27.9,3.5,Red,5
BMW102471,3 Series,2005,11018.15,Automatic,228748,Electric,205,34.1,1.5,Green,5
BMW102472,3 Series,2016,26442.36,Manual,,Diesel,125,33.7,1.5,Red,3
BMW102473,X3,2022,45139.11,Automatic,20703,Diesel,,43,3,Grey,4
BMW102474,5 Series,2009,14248.81,Semi-Auto,177092,Diesel,145,42.8,2.5,Blue,4
BMW102475,7 Series,2015,46665.3,Automatic,95409,Diesel,30,33.6,3,White,3
BMW102476,X3,2005,5605.74,Automatic,224706,Diesel,145,19.7,2.5,Grey,4
BMW102477,1 Series,2008,8298.85,Automatic,194626,Petrol,0,35.5,2,Green,4
BMW102478,1 Series,2013,24466.43,Manual,123403,Petrol,205,39.8,2.5,Black,5
BMW102479,M4,2017,54993.51,Manual,,Diesel,20,32.1,2.5,Blue,2
BMW102480,2 Series,2009,12426.18,Automatic,165476,Diesel,125,22.4,2,White,4
BMW102481,3 Series,2020,35207.01,Automatic,59995,Diesel,150,27.9,3,Silver,5
BMW102482,i8,2005,16183.4,Automatic,246432,Diesel,125,27.2,3,Blue,4
BMW102483,X1,2014,26637.5,Semi-Auto,120792,diesel,,39.1,2.5,White,5
BMW102484,8 Series,2018,48408.31,Automatic,68945,Petrol,150,36.8,2,Silver,5
BMW102485,M2,2016,47456.33,Semi-Auto,93808,Diesel,145,29.9,3,White,5
BMW102486,4 Series,2015,31007.38,Automatic,115143,Petrol,150,39.3,3.5,Silver,4
BMW102487,3 Series,2016,27151.47,Automatic,93873,Petrol,,34.3,2,Black,4
BMW102488,M3,2015,55871.23,Automatic,107689,Diesel,145,20.7,4.4,,5
BMW102489,X1,2010,17076.43,Automatic,168791,Petrol,125,24.9,2,Green,3
BMW102490,7 Series,2006,14291.19,Manual,225573,Petrol,145,28.7,2,White,4
BMW102491,3 Series,2010,15305.92,Automatic,172710,Diesel,205,42.7,2.5,,3
BMW102492, 2 Series ,2008,17573.55,Manual,179581,Diesel,125,23.3,3.5,White,5
BMW102493,1 Series,2022,42694.13,Automatic,22599,Diesel,205,42.1,2,Silver,5
BMW102494, 7 Series ,2015,52423.83,Manual,106544,Diesel,145,26,3,Blue,4
BMW102495,1 Series,2019,36167.23,Semi-Auto,73635,Diesel,205,25.3,3,White,5
BMW102496,5 Series,2014,27523.01,Semi-Auto,110657,Petrol,150,34.2,2.5,,4
BMW102497,X2,2017,26567.89,Semi-Auto,86525,Diesel,125,31.4,2,White,5
BMW102498,4 Series,2018,35162.64,Manual,54244,Petrol,20,45,2,Blue,5
BMW102499,3 Series,2018,34153.12,Manual,67635,Petrol,0,27.3,3,Green,4
BMW102500,X3,2016,25852.23,Manual,107233,Petrol,20,30.7,2,Grey,3
BMW102501,8 Series,2014,38259.87,Semi-Auto,127825,Diesel,205,45,2.5,,4
BMW102502,X5,2015,46866.45,AUTOMATIC,117924,Diesel,145,30.9,2.5,Green,2
BMW102503,2 Series,2017,28717.91,Automatic,116206,Hybrid,0,26.6,2,White,4
BMW102504,7 Series,2005,12134.68,Semi-Auto,220530,Petrol,150,32,2,Green,4
BMW102505,2 Series,2020,35922.56,Semi-Auto,53785,Petrol,235,50.6,2,Black,5
BMW102506,6 Series,2006,11193.62,Manual,224998,Diesel,145,27.2,3.5,Blue,4
BMW102507,1 Series,2011,20829.63,Semi-Auto,160516,Electric,235,38.2,1.6,Green,4
BMW102508,6 Series,2012,17298.09,Semi-Auto,161147,Petrol,30,48.4,2,Silver,4
BMW102509,3 Series,2021,34792.38,Semi-Auto,30156,Petrol,150,51.6,1.6,Black,4
BMW102510,Z4,2008,12934.79,Manual,202819,Petrol,150,54.2,2,Grey,4
BMW102511,3 Series,2022,36312.51,Automatic,20659,Diesel,145,37.6,1.6,White,2
BMW102512,1 Series,2010,20977.81,Automatic,165693,Diesel,125,28.8,3.5,Grey,4
BMW102513,3 Series,2011,15517.3,  Manual  ,163172,Diesel,205,38.5,1.5,Red,4
BMW102514,8 Series,2006,20701.7,Automatic,213135,Diesel,0,15,2.5,Blue,3
BMW102515,5 Series,2019,37567.85,Semi-Auto,55470,Diesel,205,30.9,3.5,Silver,5
BMW102516,X1,2010,17176.04,Semi-Auto,173200,Diesel,20,36.2,3,,5
BMW102517,7 Series,2006,14927.51,Semi-Auto,225185,Hybrid,145,28.6,2,Black,5
BMW102518,X1,2018,32780.08,Automatic,59704,Petrol,125,36.9,,Grey,5
BMW102519,X1,2007,16393.88,Manual,210494,Petrol,235,26,4.4,White,5
BMW102520,X3,2019,31384.72,Automatic,73286,Petrol,150,51.6,1.6,Silver,4
BMW102521,5 Series,2009,16997.23,Automatic,182929,Diesel,125,39.8,3,Red,4
BMW102522,X5,2013,35320.85,Manual,140619,Diesel,,40,1.6,,4
BMW102523,1 Series,2021,39673.04,Automatic,29427,Petrol,150,29.8,2.5,Silver,4
BMW102524,6 Series,2011,11407.69,Manual,155988,Diesel,30,43.9,1.5,Blue,5
BMW102525,1 Series,2013,20707.33,Manual,130557,Petrol,125,30.5,2,Blue,4
BMW102526,X3,2013,26810.56,Manual,135624,Diesel,125,28.2,1.6,Grey,4
BMW102527,5 Series,2019,41398.57,Automatic,71519,Diesel,0,22.3,4.4,Blue,5
BMW102528,i3,2022,36240.15,Automatic,24792,Petrol,125,24.3,1.5,Blue,5
BMW102529,i3,2015,20648.26,Automatic,99989,PETROL,145,52.8,2,Blue,5
BMW102530,4 Series,2014,26911.6,AUTOMATIC,123720,Diesel,125,28.2,4.4,Green,2
BMW102531,X5,2011,26403.8,Automatic,148514,Petrol,125,36.7,1.6,Black,5
BMW102532,X1,2015,23592.58,Automatic,113609,Diesel,20,29.8,1.5,Red,4
BMW102533,1 Series,2007,10055.58,Manual,192102,Electric,,43.8,1.5,White,5
BMW102534,M5,2010,36984.91,Manual,175057,Petrol,20,28.5,3.5,Blue,3
BMW102535,X5,2016,51107,Semi-Auto,92604,Hybrid,20,,2.5,Green,4
BMW102536,1 Series,2009,14992.27,Semi-Auto,171678,Diesel,20,25.2,1.5,Silver,3
BMW102537,5 Series,2008,18087.88,Automatic,184227,Hybrid,150,51.8,3.5,Black,2
BMW102538,X1,2017,39219.79,Semi-Auto,87722,Petrol,145,,4.4,Grey,5
BMW102539, X1 ,2021,38909.23,Manual,52762,Petrol,125,27.3,3,Grey,3
BMW102540,1 Series,2018,40217.78,Semi-Auto,74934,Petrol,235,29.7,3,Silver,5
BMW102541,X5,2014,45527.43,Manual,137058,Diesel,145,31.7,3,Silver,3
BMW102542,X3,2021,42449.81,Manual,39191,Diesel,,39.8,3.5,White,3
BMW102543, 7 Series ,2020,53246.64,Manual,55761,Diesel,125,28.1,1.5,Green,5
BMW102544,X1,2008,12458.21,Automatic,202578,Hybrid,0,45.2,2,White,4
BMW102545,7 Series,2009,19027.94,Semi-Auto,180273,Petrol,150,37.3,2,Blue,4
BMW102546,3 Series,2009,23193.58,Automatic,175805,Electric,205,27.1,3.5,Silver,2
BMW102547,3 Series,2013,19771.3,Automatic,142777,Petrol,30,43.3,2,Silver,5
BMW102548,8 Series,2022,61279.02,Automatic,27236,Diesel,,45.8,2,White,4
BMW102549,1 Series,2013,18044.15,Automatic,116848,Diesel,125,59.3,2,Grey,4
BMW102550,X1,2008,15245.15,Manual,190181,Diesel,150,40.1,3,Black,4
BMW102551,X1,2022,44753.09,Automatic,12311,Petrol,0,29.1,3.5,Grey,3
BMW102552,5 Series,2011,23720.12,Manual,160879,Petrol,205,15,4.4,Red,4
BMW102553,i3,2006,8808.28,Semi-Auto,207502,Diesel,235,29.7,2,Green,3
BMW102554,1 Series,2020,35218.62,Automatic,54320,Petrol,125,42.4,2.5,White,5
BMW102555,4 Series,2005,16253.53,Semi-Auto,227727,Diesel,125,25.8,4.4,,5
BMW102556,1 Series,2020,39425.64,Automatic,54025,Petrol,125,32.3,3,Grey,5
BMW102557,X2,2005,4946.45,Manual,226319,Diesel,145,38.2,,Grey,4
BMW102558, 3 Series ,2013,14758.12,Automatic,141027,Diesel,150,42.7,1.5,,5
BMW102559,1 Series,2005,4119.21,Automatic,233830,Petrol,205,45,2,White,2
BMW102560,1 Series,2015,25946.28,Automatic,111750,Petrol,30,23.5,2,Green,5
BMW102561,X3,2023,41481.49,Manual,19227,Diesel,205,29.1,2,White,4
BMW102562,X3,2006,7893.96,automatic,213488,Electric,125,48.1,1.5,Blue,5
BMW102563,3 Series,2011,17798.68,Automatic,142541,Petrol,205,47.5,2,Black,4
BMW102564,3 Series,2021,38125.33,Semi-Auto,36285,Diesel,145,22.1,2.5,Green,5
BMW102565,2 Series,2014,31195.25,Automatic,116428,Electric,30,36.4,3,White,4
BMW102566,3 Series,2005,14109.05,Automatic,222841,petrol,145,22.4,4.4,Black,4
BMW102567,5 Series,2006,2820.3,Automatic,208627,Petrol,20,25,2,Grey,5
BMW102568,5 Series,2017,31710.6,Automatic,86141,Diesel,145,26.1,3.5,Grey,2
BMW102569,5 Series,2008,6560.26,Manual,186966,Diesel,150,31,1.5,Green,5
BMW102570,4 Series,2012,20608.75,Automatic,133402,Diesel,,40.1,1.5,Black,4
BMW102571,3 Series,2016,30585.05,Automatic,106298,Petrol,150,25,2.5,Silver,4
BMW102572,1 Series,2016,30478.22,Manual,97516,Diesel,20,27.3,3,,5
BMW102573,5 Series,2018,43216.99,Manual,62375,Diesel,205,41.8,4.4,Green,3
BMW102574,X5,2011,55116.27,Automatic,174743,Electric,0,31.3,,Black,2
BMW102575,X7,2014,53242.81,Manual,118146,Diesel,30,21.5,4.4,Red,4
BMW102576,3 Series,2011,20152.1,Semi-Auto,163511,Diesel,20,44.7,2.5,Red,4
BMW102577,8 Series,2012,36176.08,Manual,147657,Diesel,205,31,3.5,Blue,5
BMW102578,i3,2007,11296.69,Automatic,200363,Hybrid,150,38.1,3,Grey,5
BMW102579,7 Series,2014,36850.48,Automatic,111205,Diesel,145,39.5,2.5,,5
BMW102580,X3,2008,6473.18,Automatic,193857,Petrol,125,41.4,2,,4
BMW102581, 1 Series ,2008,6564.71,Semi-Auto,182487,Diesel,,48,2,Silver,4
BMW102582,X1,2019,35202.7,Automatic,63600,Diesel,125,28.7,3.5,Black,4
BMW102583,X1,2019,34037.35,Automatic,66926,Petrol,145,36.2,2,Grey,5
BMW102584,X3,2005,14164.69,Automatic,237712,Petrol,150,19.1,4.4,Blue,4
BMW102585,1 Series,2006,11103.18,Manual,217539,Diesel,150,47.7,2.5,,3
BMW102586,X4,2023,37436.01,Semi-Auto,14019,PETROL,205,31.3,2,,5
BMW102587,1 Series,2005,9310.58,Automatic,225281,Diesel,205,31.6,3.5,Red,3
BMW102588,X1,2018,31275.94,Manual,61244,Diesel,150,32.5,3,White,3
BMW102589,X3,2009,13763.57,Automatic,165302,Diesel,20,30,2.5,Red,4
BMW102590,M3,2010,28316.26,Manual,167925,Diesel,145,48,1.6,Black,5
BMW102591,3 Series,2010,12553.63,Automatic,165335,Petrol,30,40.4,1.6,Red,4
BMW102592,8 Series,2012,40653.46,Semi-Auto,133793,Diesel,145,28.4,2.5,Silver,5
BMW102593,M3,2015,40359.53,Automatic,103339,Diesel,125,47,2,Blue,2
BMW102594,X2,2013,23400.68,Automatic,142196,Petrol,150,39.5,2.5,Green,2
BMW102595,4 Series,2009,6839.97,Semi-Auto,187716,Petrol,125,46.1,1.6,Black,3
BMW102596,X5,2014,35732.79,Manual,122399,Petrol,125,34.3,1.5,White,5
BMW102597,1 Series,2006,9602.94,Manual,211694,Diesel,235,27.3,3.5,Silver,5
BMW102598,4 Series,2015,26347.07,  Manual  ,117567,Petrol,30,49.9,3.5,Red,3
BMW102599,3 Series,2012,19235.35,MANUAL,158466,Petrol,150,33.6,2.5,Black,4
BMW102600,X3,2021,39356.64,Automatic,44870,Petrol,,29.1,2.5,Blue,3
BMW102601,7 Series,2022,65300.61,Semi-Auto,27028,Diesel,125,22.4,2.5,Blue,5
BMW102602,5 Series,2008,9035.8,Automatic,198219,Hybrid,145,36.4,2,Red,4
BMW102603,1 Series,2018,25106.24,Manual,62535,Petrol,20,39,2,,5
BMW102604,3 Series,2016,31706.33,Manual,112977,Petrol,150,40.5,3.5,White,4
BMW102605,X1,2008,11472.97,Manual,183840,Diesel,125,46.4,2,Grey,3
BMW102606,X1,2010,19310.73,Automatic,173127,Diesel,235,32,3.5,White,5
BMW102607,X1,2011,21297.96,automatic,164879,Petrol,145,29.9,2.5,Black,4
BMW102608,3 Series,2005,7227.6,Automatic,238032,Diesel,150,33.3,3.5,White,3
BMW102609,X3,2018,33457.48,Manual,51108,Diesel,30,25.7,3,White,5
BMW102610,6 Series,2009,12208.94,Automatic,180807,Diesel,125,51.9,2,Grey,4
BMW102611,3 Series,2014,21672.45,Semi-Auto,130943,Diesel,30,43,2.5,Red,5
BMW102612,4 Series,2011,14248.89,Automatic,157450,Petrol,125,44.4,2,Red,5
BMW102613, 3 Series ,2010,17364.52,Semi-Auto,159111,Hybrid,20,33.3,3.5,Red,4
BMW102614,7 Series,2011,30576.78,Automatic,152078,Petrol,145,49,2,Grey,3
BMW102615,5 Series,2014,22562.71,manual,117011,Diesel,125,45.7,1.6,Silver,4
BMW102616,1 Series,2012,20322.38,Automatic,148444,Petrol,150,42.3,3,,5
BMW102617,X1,2021,37175.95,Automatic,30318,Diesel,125,55.9,2,Red,3
BMW102618,3 Series,2013,24752.99,Automatic,124399,diesel,125,34.8,2.5,Green,5
BMW102619,4 Series,2022,39162.7,Manual,35641,Diesel,205,38.3,2,Silver,4
BMW102620,5 Series,2022,39456.52,Semi-Auto,26039,Petrol,125,37.2,2.5,Black,4
BMW102621,3 Series,2013,27060.8,Automatic,124567,Petrol,125,40.9,3.5,Grey,5
BMW102622, M5 ,2009,34058.45,Automatic,175296,Hybrid,,21.8,3.5,White,4
BMW102623,7 Series,2011,33103.62,Semi-Auto,168581,Diesel,150,61.8,2,,4
BMW102624,X3,2011,13988.64,Manual,149588,Diesel,20,35.2,1.6,Red,4
BMW102625,7 Series,2009,25668.32,Semi-Auto,176834,Petrol,205,46.7,1.5,Grey,4
BMW102626,5 Series,2009,14352,  Automatic  ,174659,Diesel,30,25.4,2.5,Green,5
BMW102627,1 Series,2012,24473.48,Automatic,131043,Hybrid,145,33.4,3,Grey,5
BMW102628,M3,2020,55337.88,Manual,54759,Diesel,125,33.6,2,Green,4
BMW102629,X1,2020,36115.4,Automatic,42625,Petrol,235,43.2,2,,4
BMW102630,X5,2016,49902.81,Semi-Auto,78854,  Diesel  ,150,39.5,2,Green,4
BMW102631,3 Series,2006,10714.05,Semi-Auto,217107,Petrol,205,25.2,3,White,4
BMW102632,3 Series,2017,37373.96,Manual,93040,Petrol,20,,4.4,Blue,2
BMW102633, X7 ,2005,10602.59,Semi-Auto,237261,Diesel,20,25.4,1.5,Red,3
BMW102634,6 Series,2019,39501.8,Automatic,54869,Diesel,125,29.5,3,Black,4
BMW102635,5 Series,2007,10147.26,Manual,209364,Petrol,125,39,3,,4
BMW102636,X1,2016,31043.1,Automatic,96921,Diesel,20,32.6,3.5,Grey,4
BMW102637,1 Series,2008,10035.68,Manual,177038,Petrol,30,35.3,2,Green,3
BMW102638,M2,2010,21333.21,Semi-Auto,158703,Diesel,150,38.8,1.6,,4
BMW102639,5 Series,2009,13327.45,Semi-Auto,173407,Petrol,30,52.9,1.5,Red,4
BMW102640, 5 Series ,2005,3581.49,Automatic,235433,Petrol,205,45.6,1.5,Red,4
BMW102641,X6,2010,34187.63,Manual,170816,Petrol,20,31,3.5,White,4
BMW102642,3 Series,2015,26256.59,Manual,111507,Diesel,125,35.8,2.5,Silver,4
BMW102643,2 Series,2012,16986.34,Semi-Auto,154601,Diesel,125,31.5,2,Silver,3
BMW102644,4 Series,2021,33976.17,Automatic,38602,Diesel,150,37.6,1.5,Green,4
BMW102645,4 Series,2008,21034.07,Automatic,199848,Hybrid,235,21.3,4.4,Black,4
BMW102646,7 Series,2015,39888.8,Automatic,102698,Petrol,145,39.7,2,White,5
BMW102647,i3,2020,40267.47,Manual,57215,Diesel,,33.1,3,Blue,5
BMW102648,X3,2018,32557.29,Manual,66375,Diesel,205,46.6,2,Black,3
BMW102649,X1,2019,39515.52,Automatic,57608,Petrol,150,18,4.4,White,4
BMW102650,X1,2019,29856.86,Semi-Auto,49189,Petrol,145,30,1.6,Blue,4
BMW102651,3 Series,2018,32499.93,Automatic,,Petrol,150,27,2.5,Grey,4
BMW102652,X3,2013,27922.86,Automatic,134009,Diesel,150,33.2,3.5,Black,4
BMW102653,X3,2009,16843.94,Automatic,183045,Hybrid,125,38.3,3.5,Blue,4
BMW102654,M3,2010,41562.86,Semi-Auto,170843,Diesel,20,38.6,3.5,Blue,5
BMW102655,X5,2018,50379.29,Semi-Auto,87483,Petrol,235,39.1,2,White,5
BMW102656,3 Series,2012,15121.04,Semi-Auto,166208,Petrol,20,35.9,1.5,Grey,5
BMW102657,X5,2013,32310.83,Semi-Auto,136324,Hybrid,30,50.4,1.6,White,4
BMW102658,X1,2011,18400.89,Semi-Auto,165283,Petrol,145,36.3,2.5,Blue,4
BMW102659,4 Series,2010,18300.08,Manual,158287,Diesel,205,46.4,2,Green,3
BMW102660,5 Series,2020,47957.15,Automatic,39008,Electric,235,35.9,2.5,Black,5
BMW102661,X3,2015,20757.33,Automatic,110639,Petrol,145,33.4,2,Black,5
BMW102662,2 Series,2017,28548.21,Automatic,95523,Diesel,150,36.2,2,Grey,5
BMW102663,4 Series,2013,23266.9,Manual,141629,Petrol,150,48,2,Grey,2
BMW102664,i3,2011,17050.44,Automatic,161058,Hybrid,30,30.5,2,Blue,4
BMW102665,7 Series,2011,30831.28,Manual,148348,Petrol,125,51.8,2,Grey,4
BMW102666,X5,2007,19601.53,Automatic,191709,Diesel,145,34.9,2.5,Blue,2
BMW102667,X7,2009,39494.14,Semi-Auto,183314,Diesel,205,37,4.4,White,5
BMW102668,3 Series,2018,32359.25,Manual,71209,Hybrid,205,19.6,3,Silver,4
BMW102669,3 Series,2016,29284.6,Automatic,91133,Petrol,,45.7,2.5,Grey,4
BMW102670,X5,2015,50039.41,Automatic,107786,Petrol,20,45.8,2.5,Black,3
BMW102671,6 Series,2023,36938.1,Automatic,500,Diesel,145,41.5,2,Black,5
BMW102672,1 Series,2013,22290.71,Automatic,129989,petrol,235,27.5,3,Blue,5
BMW102673,X1,2007,1500,Manual,219860,Petrol,20,37.1,1.5,Silver,3
BMW102674,3 Series,2020,38432.96,Automatic,38167,Petrol,150,31.6,2.5,Red,4
BMW102675,5 Series,2023,39151.09,Automatic,5376,Petrol,145,,1.6,Green,4
BMW102676,X3,2019,35248.01,Automatic,71479,Diesel,20,18.2,2,White,3
BMW102677,X3,2012,27329.05,Automatic,145673,Diesel,145,28.7,3.5,Black,5
BMW102678, X1 ,2016,28605.93,Semi-Auto,94885,Diesel,0,38.8,2,White,5
BMW102679,X1,2015,24747.41,Automatic,100684,Hybrid,125,30.1,1.5,Grey,2
BMW102680,5 Series,2014,19634.37,Semi-Auto,122433,Hybrid,145,36.2,2,Green,4
BMW102681,3 Series,2022,41437.01,Automatic,18579,Diesel,30,31.9,3.5,Grey,5
BMW102682,X3,2017,33237.54,Manual,80007,Diesel,,47.9,3.5,Blue,5
BMW102683,i3,2015,26049.33,Semi-Auto,117503,Diesel,20,37.4,2.5,Blue,5
BMW102684,3 Series,2020,35347.28,Automatic,50265,Petrol,205,45,1.5,Black,3
BMW102685,4 Series,2020,38176.23,Manual,47938,Diesel,125,30,3.5,Blue,4
BMW102686,X1,2022,37745.88,Automatic,32671,Diesel,30,35.8,2,Red,4
BMW102687,2 Series,2011,16428.44,Semi-Auto,168329,Diesel,235,,2.5,Black,3
BMW102688, 7 Series ,2008,21270.81,Manual,192108,Petrol,30,24.7,,Red,2
BMW102689,7 Series,2008,29569.29,Automatic,188638,Petrol,145,48.8,3,Green,4
BMW102690,3 Series,2010,19470.61,Automatic,168004,Diesel,125,23,3.5,Silver,5
BMW102691,5 Series,2007,17401.08,Automatic,208424,Petrol,125,31.3,4.4,Silver,4
BMW102692,X3,2006,7488.52,Semi-Auto,221328,  Petrol  ,20,,1.6,Blue,5
BMW102693,X7,2012,33031.38,Automatic,141685,Diesel,145,44.6,2,,4
BMW102694,3 Series,2007,12622.33,Semi-Auto,203120,Diesel,150,25.8,2.5,Green,2
BMW102695,3 Series,2008,11905.04,Automatic,202397,Petrol,150,41.8,1.5,Red,4
BMW102696,X1,2019,33380.47,Semi-Auto,53802,Petrol,125,44.1,,White,4
BMW102697, 2 Series ,2007,16718.47,Manual,196144,Diesel,125,32.5,3.5,Green,5
BMW102698,3 Series,2022,41286.38,Automatic,19535,Petrol,125,23.8,2,Grey,5
BMW102699,X5,2010,30920.17,Manual,164445,Diesel,125,41.2,2,Silver,4
BMW102700,2 Series,2005,3913.58,Manual,223955,Diesel,145,60.7,2,Silver,3
BMW102701,3 Series,2017,31328.92,Manual,92923,Diesel,125,28.2,3.5,White,5
BMW102702,X1,2017,32753.92,Automatic,78649,Hybrid,145,,3.5,Red,4
BMW102703,2 Series,2020,35857.76,Manual,30419,Diesel,205,59.1,2.5,Grey,2
BMW102704,6 Series,2007,10174.62,Automatic,202755,Petrol,20,36.5,2,White,5
BMW102705,3 Series,2015,25015.26,Automatic,106606,Hybrid,145,43.9,2,Silver,2
BMW102706,7 Series,2007,20801.36,Manual,202478,Diesel,125,39,2,Grey,5
BMW102707,4 Series,2007,10443.68,Automatic,202347,Petrol,20,41.5,2,Silver,4
BMW102708,1 Series,2017,29294.17,Automatic,78931,Diesel,125,36,2,Blue,5
BMW102709,5 Series,2015,25902.87,Manual,110106,Diesel,125,34.7,2.5,Black,4
BMW102710,3 Series,2023,40983.26,Automatic,12350,Petrol,235,27,2.5,Grey,2
BMW102711,X3,2005,10471.67,Semi-Auto,227792,Diesel,205,23.7,3.5,Grey,5
BMW102712,2 Series,2010,10841.97,Semi-Auto,175633,Petrol,125,41.1,2,White,4
BMW102713,4 Series,2016,27096.29,Semi-Auto,91296,Petrol,30,29.4,3,Blue,5
BMW102714,X5,2010,36017.42,Manual,162927,Petrol,30,32.7,3,Grey,4
BMW102715,X3,2007,6366.9,Manual,198261,Petrol,145,29.8,2,Black,3
BMW102716,3 Series,2021,39616.53,Manual,40061,Petrol,205,40.1,2.5,Blue,5
BMW102717,X3,2018,,Automatic,72220,Petrol,30,33.5,2,Silver,3
BMW102718,X1,2005,7650.06,Automatic,231559,Petrol,125,42.2,2,Blue,4
BMW102719, X4 ,2005,15313.49,Manual,229788,Hybrid,145,27.8,4.4,Grey,5
BMW102720, i3 ,2023,42092.39,Manual,11690,Diesel,145,42.4,1.5,Silver,4
BMW102721,1 Series,2021,36032.8,Automatic,42067,Petrol,125,53.6,1.5,Black,4
BMW102722,5 Series,2016,24985.43,Automatic,104952,Diesel,125,31.6,2,Red,3
BMW102723,X3,2009,7569,Automatic,168330,Petrol,150,50.8,1.5,Blue,4
BMW102724,6 Series,2020,,Automatic,55395,Petrol,145,39.5,2,Black,4
BMW102725,X2,2020,34840.37,Automatic,53954,  Petrol  ,0,36.6,1.6,Green,4
BMW102726,3 Series,2017,32056.26,Semi-Auto,76081,Diesel,145,35.4,2,Blue,4
BMW102727,3 Series,2009,12845.81,MANUAL,187169,Petrol,205,46.7,,Green,5
BMW102728,5 Series,2005,1500,Automatic,235947,Diesel,150,26.3,2,Blue,4
BMW102729,X2,2011,18216.48,Semi-Auto,158791,Diesel,30,38.2,2,Red,4
BMW102730,X6,2013,51222.86,Manual,124225,Petrol,,25,4.4,Black,5
BMW102731, 5 Series ,2013,17663.49,Manual,122446,Petrol,150,32.1,2,Green,2
BMW102732, 5 Series ,2017,32019.99,Automatic,68044,Diesel,125,,3,Grey,5
BMW102733,4 Series,2022,44394.76,Semi-Auto,19986,Hybrid,150,28.4,3.5,,4
BMW102734,X3,2016,33271.3,Automatic,90965,Diesel,150,36,3.5,Green,5
BMW102735,X4,2022,36709.79,Semi-Auto,21783,PETROL,125,29.9,1.5,Black,5
BMW102736,3 Series,2011,16035.8,Manual,143844,Petrol,,45.9,1.6,Blue,4
BMW102737,5 Series,2014,23749.66,Automatic,108544,Petrol,30,51.4,1.5,Red,4
BMW102738,X3,2019,32898.48,Semi-Auto,63295,Petrol,20,40.5,2,Red,4
BMW102739,X3,2017,27054.56,Semi-Auto,95859,Petrol,150,39.1,2,Silver,4
BMW102740,X5,2017,48107.73,Semi-Auto,68913,Diesel,145,42.6,2,Grey,4
BMW102741,3 Series,2018,31649.36,Automatic,58427,Petrol,235,30.2,2,Silver,5
BMW102742,i3,2006,3507.5,Automatic,210680,Petrol,145,42.4,,Red,5
BMW102743,1 Series,2007,10042.47,Manual,185926,Petrol,30,40.9,2,Grey,4
BMW102744,X2,2021,35147.88,Automatic,47384,Petrol,205,44.8,2,White,5
BMW102745,4 Series,2020,32635.08,Manual,53023,Diesel,205,,2,Green,4
BMW102746,3 Series,2006,8261.67,Automatic,213199,Diesel,145,38.2,3,Grey,3
BMW102747,3 Series,2005,9067.85,Manual,205363,Petrol,145,35.8,2.5,Black,4
BMW102748,i3,2021,36979.73,Automatic,39223,Petrol,,41.2,2,Red,5
BMW102749,1 Series,2019,31804.95,automatic,72686,Petrol,125,,1.6,Blue,4
BMW102750,8 Series,2008,30996.12,Semi-Auto,195197,Diesel,145,26.8,3.5,Grey,5
BMW102751,3 Series,2019,33646.34,Automatic,66666,Petrol,125,38.6,1.6,Red,3
BMW102752,1 Series,2005,8140.22,SEMI-AUTO,213534,Diesel,145,36,2.5,Black,4
BMW102753,3 Series,2022,37801.84,Manual,28957,Petrol,205,41.9,1.6,Silver,4
BMW102754,Z4,2006,10243.2,Semi-Auto,209249,Hybrid,0,27.1,2.5,Blue,4
BMW102755,X3,2009,14291.37,Manual,196882,Diesel,30,20,3,Grey,4
BMW102756,1 Series,2008,11700.62,Automatic,201693,Diesel,150,26.8,3.5,,5
BMW102757,X1,2008,8190.35,Automatic,199730,Hybrid,145,38,1.5,Blue,4
BMW102758,8 Series,2010,26804.92,Automatic,180317,Petrol,235,35.7,,Blue,5
BMW102759,7 Series,2013,42779.85,Automatic,128732,Diesel,30,41.4,3,Black,4
BMW102760,3 Series,2022,37246.97,Automatic,24554,Petrol,,20.1,3.5,Black,4
BMW102761,5 Series,2006,7684.96,Automatic,215422,Petrol,125,32,1.5,Blue,4
BMW102762,5 Series,2005,10136.3,Manual,226710,Diesel,150,27.3,3.5,Silver,3
BMW102763,5 Series,2007,12695.81,Automatic,202493,Diesel,0,52.6,2.5,White,4
BMW102764,X5,2015,,Automatic,114183,Diesel,20,19,4.4,Black,5
BMW102765,X3,2021,33191.13,Semi-Auto,34589,Diesel,20,45,1.5,Blue,4
BMW102766,5 Series,2013,22745.84,Manual,130623,Diesel,20,35.2,3.5,Green,4
BMW102767,X1,2006,13962.06,Semi-Auto,214347,Hybrid,145,35.3,3.5,White,4
BMW102768,i3,2011,18170.78,Automatic,157381,Diesel,30,18,3,White,5
BMW102769,X7,2021,56516.09,Manual,42104,Hybrid,125,43.2,2,Silver,5
BMW102770,3 Series,2018,36307.66,Semi-Auto,78999,Petrol,205,35.3,2.5,White,5
BMW102771,5 Series,2019,32587.4,Manual,59681,Diesel,30,31.3,2.5,Blue,5
BMW102772,3 Series,2020,37051.97,Automatic,45442,Diesel,145,30.8,3,Black,3
BMW102773,3 Series,2022,36302.02,Automatic,22059,Diesel,20,23.6,2,Black,5
BMW102774,X6,2007,20509.39,Automatic,212850,  Diesel  ,150,38.5,2,Grey,5
BMW102775,3 Series,2013,17855.64,Automatic,139941,Petrol,125,51.3,2.5,Green,5
BMW102776,1 Series,2010,20998.95,Manual,165988,Diesel,125,30.1,4.4,,4
BMW102777,7 Series,2017,57391.75,Semi-Auto,92848,Hybrid,205,25.2,3,Black,4
BMW102778,X4,2021,42182.65,Semi-Auto,33131,Petrol,125,43.6,3,Red,4
BMW102779,3 Series,2022,39512.72,Automatic,14219,Petrol,,36.9,2,Black,5
BMW102780,X1,2010,14971.22,Semi-Auto,162517,Petrol,150,49,1.5,Silver,5
BMW102781,M2,2018,53852.91,Manual,73710,Diesel,145,37.9,2.5,Silver,4
BMW102782,X3,2017,30171.41,Manual,94609,Petrol,150,34.5,2,Black,5
BMW102783,1 Series,2021,44125.67,Manual,34524,Petrol,20,33.2,3,White,4
BMW102784,X3,2012,32945.73,Manual,,Electric,150,23.9,3.5,Grey,4
BMW102785,X4,2015,31351.72,Automatic,114716,Petrol,150,35.9,3,Grey,5
BMW102786,3 Series,2020,34924.8,Automatic,39276,Petrol,20,40.9,1.5,,3
BMW102787,5 Series,2009,12851.67,Automatic,183499,Petrol,205,25.6,3.5,Black,4
BMW102788,5 Series,2014,21774.84,  Automatic  ,120932,Hybrid,145,44,2,Blue,3
BMW102789,3 Series,2009,8446.57,Semi-Auto,164377,Diesel,125,36.9,2,Green,4
BMW102790,X4,2009,13130.05,Manual,,Diesel,0,21.2,2,Grey,5
BMW102791,X2,2008,9862.02,Semi-Auto,201320,Diesel,205,36.8,1.5,Grey,4
BMW102792,5 Series,2006,3032.79,Semi-Auto,199412,Petrol,125,32.9,1.6,Black,5
BMW102793,X6,2011,27833.93,Semi-Auto,154421,Petrol,235,23.5,2,Red,4
BMW102794,Z4,2008,14398.13,Automatic,198362,Diesel,125,43.4,,Blue,3
BMW102795,4 Series,2014,21166.64,Automatic,111111,Petrol,,44.5,2,White,4
BMW102796,2 Series,2006,6613.36,AUTOMATIC,210838,Petrol,150,35.2,2,Silver,4
BMW102797,X4,2023,37790.83,Automatic,13656,Diesel,150,49.4,2,Black,5
BMW102798,3 Series,2012,25058.11,Semi-Auto,126872,Diesel,20,43.2,1.6,Silver,4
BMW102799,X3,2006,9396.41,Automatic,205814,Petrol,30,36,2.5,Grey,4
BMW102800,1 Series,2006,3208.15,Automatic,233172,Diesel,145,37.1,1.5,Silver,4
BMW102801,X1,2006,13962.06,Semi-Auto,214347,Hybrid,145,35.3,3.5,White,4
BMW102802,4 Series,2014,30953.61,Semi-Auto,118400,Petrol,205,27.4,4.4,White,3
BMW102803,1 Series,2012,16420.96,Manual,148867,Petrol,125,35,1.6,Blue,2
BMW102804,8 Series,2008,25697.42,Automatic,180758,Diesel,125,39.7,2,Red,4
BMW102805,7 Series,2008,29564.61,Automatic,186995,Diesel,150,28.3,3.5,White,5
BMW102806,3 Series,2011,14643.17,Automatic,157921,Petrol,145,40.2,1.5,White,4
BMW102807,M3,2020,54590.73,Automatic,33031,Diesel,145,52.3,1.5,Red,4
BMW102808,X1,2022,42776.24,Automatic,32331,Diesel,125,36.5,1.6,Green,3
BMW102809,4 Series,2019,29107.72,Manual,63741,Diesel,125,26.3,1.6,White,4
BMW102810,4 Series,2015,26711.93,Automatic,115268,Petrol,30,23,2.5,White,2
BMW102811,3 Series,2014,25928.66,Automatic,113736,Diesel,125,38.9,3.5,Silver,5
BMW102812,M5,2016,58089.96,Automatic,94280,Petrol,125,30.3,4.4,Green,2
BMW102813,1 Series,2021,41672.21,Manual,40719,Diesel,30,29.1,3,Silver,3
BMW102814, X3 ,2005,5361.95,Manual,216992,Diesel,20,38.9,2,Silver,4
BMW102815,X1,2022,46874.64,Automatic,32421,Diesel,150,32.3,3.5,Blue,5
BMW102816,3 Series,2013,22671.67,Automatic,122191,Petrol,,28.2,2.5,,5
BMW102817,M5,2012,32462.87,Automatic,135687,Petrol,125,36.5,1.5,Grey,2
BMW102818,3 Series,2011,13790.4,Automatic,,Petrol,145,30.8,2,Blue,3
BMW102819,3 Series,2007,11053.43,Manual,202976,Diesel,20,37,,Red,5
BMW102820,M3,2018,46565.93,Automatic,75942,Hybrid,145,37.6,,Black,2
BMW102821,1 Series,2019,29410.38,Semi-Auto,67614,Petrol,125,35.9,2,Green,3
BMW102822,6 Series,2005,4297.17,Semi-Auto,241426,Diesel,20,25.7,2.5,White,4
BMW102823,1 Series,2016,34003.28,Manual,93193,Diesel,125,,4.4,Grey,5
BMW102824,X2,2017,31388.38,Manual,87094,Petrol,150,31.9,2.5,Red,5
BMW102825,3 Series,2021,37496.47,Semi-Auto,39080,Petrol,150,35.7,2,White,4
BMW102826,5 Series,2021,37604.75,Automatic,42163,Petrol,205,45.8,2.5,Green,5
BMW102827,3 Series,2010,13886.72,AUTOMATIC,181152,Petrol,30,33.8,2,White,3
BMW102828,5 Series,2018,31358.77,Manual,60431,DIESEL,150,38.9,2,White,4
BMW102829,X4,2009,17443.74,Automatic,179118,Diesel,205,33.3,3,Silver,5
BMW102830,X4,2023,40565,Semi-Auto,24223,Diesel,0,30.6,1.5,Grey,4
BMW102831,X1,2007,22998.41,Automatic,204398,Petrol,145,36.8,4.4,Red,4
BMW102832,X1,2013,19528.96,Manual,118729,Hybrid,145,31.4,1.6,Red,3
BMW102833,1 Series,2012,18676.85,Semi-Auto,133476,Diesel,205,44.9,2.5,Silver,4
BMW102834,7 Series,2006,16320.85,Automatic,214284,Hybrid,125,42.3,2.5,Red,4
BMW102835,3 Series,2015,19462.73,Automatic,93403,Petrol,20,37,1.6,Red,3
BMW102836,X3,2008,19041.57,Manual,193583,Petrol,125,23.1,4.4,White,5
BMW102837,2 Series,2016,30342.62,Automatic,95457,Diesel,30,34,,Red,5
BMW102838,3 Series,2005,1500,Semi-Auto,233956,Diesel,125,42.9,1.6,Grey,5
BMW102839,X1,2016,22516.64,Automatic,87680,Diesel,125,42.6,2,Grey,4
BMW102840,7 Series,2015,53963.36,Manual,113878,Hybrid,205,43.1,4.4,Blue,3
BMW102841,3 Series,2008,19586.31,Semi-Auto,177979,Petrol,145,29.3,3,Red,3
BMW102842,5 Series,2008,15273.84,Manual,180370,Diesel,20,37.4,3,Black,5
BMW102843,X3,2017,33237.54,Manual,80007,Diesel,,47.9,3.5,Blue,5
BMW102844,1 Series,2021,35881.05,Automatic,41298,Diesel,205,38.5,2,Green,5
BMW102845,5 Series,2018,34622.44,Semi-Auto,80806,Petrol,125,26.7,3,,5
BMW102846,X6,2009,21127.6,Manual,205807,Petrol,145,27.4,2,White,5
BMW102847,5 Series,2014,21147.93,Semi-Auto,136070,Diesel,150,21.5,2.5,,5
BMW102848, X1 ,2008,13769.58,Manual,192721,Hybrid,125,,2,Grey,3
BMW102849,X1,2010,14961.59,Automatic,161254,Diesel,145,30.3,,White,4
BMW102850,3 Series,2018,27499.42,Manual,68072,Petrol,235,54.3,1.6,Silver,4
BMW102851,6 Series,2006,9426.16,Manual,208913,Diesel,145,43.8,2,Silver,4
BMW102852,3 Series,2008,7160.03,Automatic,184444,Diesel,0,40.3,1.5,Black,5
BMW102853,3 Series,2008,12503.99,Semi-Auto,188126,Petrol,,34.3,2,Black,4
BMW102854,3 Series,2019,29709.51,Manual,67935,Hybrid,235,35.9,2,White,5
BMW102855,X5,2017,58237.83,Manual,80004,Diesel,150,,3,Red,4
BMW102856,6 Series,2014,27780.91,Manual,118906,Petrol,20,32.2,3.5,Grey,4
BMW102857,1 Series,2012,19498.91,Automatic,138418,Petrol,20,40.5,2,Red,4
BMW102858,2 Series,2012,19517.93,Manual,134197,Diesel,150,40.2,2,Silver,4
BMW102859,3 Series,2013,21509.53,Automatic,120333,Petrol,125,35,2.5,Red,4
BMW102860,2 Series,2022,39593.4,Automatic,22334,Petrol,205,24.6,2,White,4
BMW102861,7 Series,2021,61545.72,Automatic,45337,Petrol,145,29.7,2.5,,5
BMW102862, Z4 ,2022,50405.14,Automatic,24408,  Hybrid  ,0,39.4,4.4,Red,2
BMW102863, 6 Series ,2005,12263.49,Automatic,226748,Diesel,30,35.3,3,,5
BMW102864,X1,2005,3732.69,Automatic,228561,Diesel,125,27.1,2,Grey,4
BMW102865,5 Series,2022,40746.53,Semi-Auto,22428,Diesel,145,23.7,2,Blue,4
BMW102866,5 Series,2009,13263.32,Automatic,180826,Hybrid,0,23.8,3,White,5
BMW102867,5 Series,2010,14130.01,  Manual  ,172050,Diesel,30,38.5,2,Black,3
BMW102868,X1,2022,34166.78,Manual,31156,diesel,125,36.7,2,Silver,4
BMW102869,i3,2006,3507.5,Automatic,210680,Petrol,145,42.4,,Red,5
BMW102870,5 Series,2016,25325.92,Manual,94602,Petrol,30,39.8,1.6,Silver,4
BMW102871,5 Series,2007,10992.26,Automatic,199909,Petrol,125,42,2,Grey,4
BMW102872,5 Series,2017,31628.91,Automatic,92501,Petrol,20,43.9,3,Black,5
BMW102873,X1,2015,37314.11,Automatic,114361,Hybrid,125,15,4.4,Blue,4
BMW102874,X1,2009,-500,Semi-Auto,188171,Hybrid,,34,2,Grey,5
BMW102875,5 Series,2010,10822.78,Automatic,172500,Petrol,30,46.1,1.5,Silver,5
BMW102876,3 Series,2012,19373.35,Automatic,146629,  Diesel  ,205,34.3,2,Green,4
BMW102877,1 Series,2008,6595.47,Manual,191045,Diesel,125,44.5,2,White,3
BMW102878,X1,2022,39118.34,  Automatic  ,15269,Diesel,145,,1.5,Green,3
BMW102879,X5,2005,11085.78,Automatic,245265,Petrol,,33.4,2,Grey,5
BMW102880,M3,2015,62673.99,Manual,115845,Electric,145,38.9,2.5,Silver,4
BMW102881,3 Series,2018,33128.98,Semi-Auto,79409,Diesel,150,27.7,2.5,,2
BMW102882,5 Series,2022,37887.31,Automatic,17027,Hybrid,30,43.9,2.5,White,3
BMW102883,X5,2023,70708,Semi-Auto,7614,Diesel,20,30.3,3,Red,4
BMW102884,X7,2022,64192.07,Automatic,19449,Diesel,125,27.2,2.5,Grey,4
BMW102885,5 Series,2015,19394.12,Manual,110581,Petrol,150,29.7,1.5,Red,5
BMW102886,5 Series,2018,29797.52,Manual,69248,PETROL,150,19.2,1.6,Green,4
BMW102887,1 Series,2006,5696.95,Manual,214379,Diesel,145,48.8,2,Green,5
BMW102888,X3,2020,41004.67,Automatic,52886,Diesel,205,27,3,Green,3
BMW102889,X5,2018,55525.46,Semi-Auto,75143,Diesel,205,33.6,2.5,White,5
BMW102890,X1,2009,10965.15,Manual,174567,Diesel,145,31.9,2,Silver,4
BMW102891,3 Series,2023,37777.72,Automatic,20059,Diesel,145,43.4,2.5,Black,5
BMW102892,4 Series,2014,25696.9,Automatic,116331,Petrol,205,26.4,3,Black,4
BMW102893,5 Series,2019,30010.8,Semi-Auto,69389,Diesel,205,33,2,Red,4
BMW102894,5 Series,2018,27063.38,Semi-Auto,70886,Petrol,30,34.6,1.6,Red,4
BMW102895,5 Series,2020,34649.38,Manual,39406,Petrol,125,44.8,1.5,White,4
BMW102896,X2,2018,32216.11,Automatic,69269,Petrol,30,39,2.5,,5
BMW102897,X5,2023,67964.75,Manual,6330,Diesel,30,37.1,2,Blue,4
BMW102898,1 Series,2007,15691.13,Automatic,192695,Petrol,125,37.3,3,Green,5
BMW102899,5 Series,2006,9601.63,Automatic,206977,Diesel,205,25.8,3,Red,3
BMW102900,2 Series,2012,15230.74,Automatic,154376,petrol,150,37.8,2,Grey,4
BMW102901,3 Series,2021,41634.61,Automatic,34491,Diesel,20,43,2,Green,4
BMW102902,X5,2011,31316.46,Manual,158914,Diesel,145,31.6,1.6,Green,4
BMW102903, X2 ,2005,12792.87,  Semi-Auto  ,226697,Diesel,150,40.2,3,Silver,4
BMW102904,1 Series,2014,19696,Manual,140580,Diesel,20,34.6,2,Red,3
BMW102905,1 Series,2014,19701.86,Automatic,109067,Diesel,150,40.3,2,Blue,4
BMW102906,2 Series,2007,3584.03,Manual,210582,Diesel,125,41.7,1.5,Blue,4
BMW102907,6 Series,2018,27644.97,Manual,66719,Diesel,20,25.2,1.6,White,5
BMW102908,3 Series,2019,47789.58,Automatic,66055,Electric,125,34.4,2.5,Grey,5
BMW102909,X6,2023,64036.6,Semi-Auto,15874,Petrol,125,,2.5,Blue,3
BMW102910,7 Series,2006,20656.32,Automatic,214958,Diesel,125,38.2,2,Black,3
BMW102911,5 Series,2023,41155.24,Manual,500,Petrol,125,34.6,2,Green,5
BMW102912,5 Series,2007,9191.73,MANUAL,194246,Diesel,0,25.1,2,,4
BMW102913,X2,2012,17316.15,Semi-Auto,141475,Petrol,145,41,2,Grey,3
BMW102914,6 Series,2019,30179.4,Automatic,64105,Diesel,,43.6,1.5,White,3
BMW102915,4 Series,2009,16503.58,Manual,,Petrol,125,40.3,1.5,Grey,4
BMW102916,i3,2014,22412.36,Manual,125528,Hybrid,145,39.6,2,Red,4
BMW102917,7 Series,2008,25175.55,Automatic,203465,Petrol,205,34.5,2.5,Grey,4
BMW102918,3 Series,2005,2546.49,Automatic,222494,Petrol,205,50.6,2,Red,4
BMW102919,X1,2018,30811.55,Semi-Auto,71582,Petrol,125,48.2,2.5,Green,5
BMW102920,2 Series,2007,15163.36,Manual,204719,Petrol,145,20,3,Grey,4
BMW102921, 3 Series ,2023,37675.09,Automatic,5199,Petrol,145,37.3,2,White,5
BMW102922,5 Series,2010,16015.74,Automatic,168212,Petrol,30,49.4,2,Green,5
BMW102923,1 Series,2015,22669.84,Manual,110544,Diesel,150,41.2,2,Blue,4
BMW102924,1 Series,2006,12596.76,Automatic,216470,  Petrol  ,125,40.6,3,,2
BMW102925,5 Series,2018,29692.07,Semi-Auto,77419,Petrol,145,40.6,2.5,Green,4
BMW102926,X5,2015,46081.54,Automatic,98816,Diesel,145,26.8,2.5,Green,5
BMW102927,X1,2010,,Semi-Auto,171005,petrol,125,48.1,1.6,White,5
BMW102928,X3,2005,8702.75,Manual,221465,Diesel,145,51,1.6,White,4
BMW102929,X6,2020,69249.36,Manual,46336,Diesel,150,37.4,4.4,White,5
BMW102930,X1,2011,17858.72,Semi-Auto,144960,Diesel,0,45.9,1.6,Blue,4
BMW102931,3 Series,2023,38714.97,Automatic,12731,Diesel,150,50.7,2,Green,4
BMW102932,X4,2019,31139.43,Automatic,49305,Diesel,20,40.1,1.5,Red,5
BMW102933,3 Series,2005,6099.31,Automatic,228644,Petrol,205,36.9,2.5,Grey,5
BMW102934,X5,2020,69488.62,Semi-Auto,48419,  Diesel  ,20,,4.4,Green,4
BMW102935,X3,2020,45259.17,Automatic,62386,Petrol,20,29.2,4.4,Green,5
BMW102936,5 Series,2017,27808.3,Automatic,68888,Petrol,0,44.1,1.5,Silver,3
BMW102937, 8 Series ,2016,41380.15,Automatic,88648,Diesel,125,45.2,1.6,White,4
BMW102938,X5,2017,57426.92,Automatic,73803,Petrol,145,15,3.5,Blue,3
BMW102939,3 Series,2017,24916.8,Automatic,84692,Petrol,205,55.8,1.6,Blue,2
BMW102940,4 Series,2006,11531.36,Automatic,218497,  Diesel  ,150,38,3.5,,4
BMW102941,M3,2009,21374.72,Automatic,194771,Petrol,145,34.8,,Grey,4
BMW102942,X2,2014,23832.43,Automatic,123797,Petrol,150,42.4,2.5,,3
BMW102943, X1 ,2012,20209.78,Automatic,153123,Diesel,150,39.7,2,Grey,4
BMW102944,3 Series,2021,32712.67,Manual,34649,Petrol,150,28.2,2,Green,4
BMW102945,X1,2007,16393.88,Manual,210494,Petrol,235,26,4.4,White,5
BMW102946,X3,2005,4782.09,Semi-Auto,221814,Hybrid,20,28.9,1.6,Blue,5
BMW102947,5 Series,2013,22245.86,Automatic,126673,Petrol,145,47.3,,Red,4
BMW102948,3 Series,2017,31568.4,Manual,75550,Hybrid,125,35.6,2.5,Green,4
BMW102949,2 Series,2013,18357.83,  Manual  ,134400,Diesel,125,34.6,2,Green,5
BMW102950,3 Series,2011,17310.83,Semi-Auto,164293,petrol,145,29.5,2,Silver,4
BMW102951,5 Series,2018,31734.62,Automatic,75517,Diesel,150,25.7,2,Red,5
BMW102952,7 Series,2013,43749.69,Manual,137046,Petrol,145,,3,Red,3
BMW102953,X3,2009,17874.18,Manual,184582,Diesel,125,30.5,3.5,White,4
BMW102954,X5,2013,40790.3,Semi-Auto,,Diesel,145,39.6,2.5,,4
BMW102955,1 Series,2021,35317.07,automatic,32460,Hybrid,145,41.4,1.5,Grey,5
BMW102956, X3 ,2017,26895.12,Semi-Auto,87042,HYBRID,125,41.1,1.5,Green,3
BMW102957,M4,2015,42635.08,Automatic,94278,Diesel,125,,2,White,3
BMW102958,3 Series,2010,19866.88,Manual,162394,Diesel,145,32.5,3,Green,3
BMW102959,3 Series,2009,16132.14,automatic,181038,Diesel,125,35.9,2.5,Black,4
BMW102960,3 Series,2023,40125.07,Automatic,6582,Diesel,125,35.8,2.5,Green,4
BMW102961,X4,2012,19369.29,Manual,152468,Diesel,,26.7,2,Black,4
BMW102962,M3,2017,48754.75,Manual,88805,Hybrid,150,33.3,1.6,Grey,5
BMW102963,4 Series,2012,20277.11,Semi-Auto,161561,Hybrid,145,27.6,2,White,4
BMW102964,X1,2006,6753.08,Manual,219894,diesel,125,30.3,2,,4
BMW102965,X3,2009,11075.49,Automatic,178868,Diesel,125,40.3,1.5,Green,3
BMW102966,3 Series,2013,24877.2,Semi-Auto,127428,Petrol,125,23.7,3,Black,5
BMW102967,X2,2012,29737.36,Automatic,153937,Electric,20,34.6,3,Grey,2
BMW102968,X3,2013,17811.39,  Manual  ,139554,Diesel,0,27.4,1.5,Black,4
BMW102969,1 Series,2005,4406.12,Manual,215480,Petrol,0,,2,Silver,4
BMW102970,7 Series,2016,54063.82,Manual,91942,Diesel,235,32,3.5,White,4
BMW102971,1 Series,2021,33355,Semi-Auto,41712,Petrol,20,23.3,2,Green,5
BMW102972,1 Series,2016,27055.77,Manual,97925,Petrol,125,,2.5,Green,2
BMW102973,5 Series,2013,18020.36,Semi-Auto,138340,Petrol,235,32.3,2.5,Red,5
BMW102974,2 Series,2005,2393.69,Manual,229651,Hybrid,150,52.5,2,Grey,4
BMW102975,4 Series,2018,39578.61,Semi-Auto,62742,Diesel,150,30.2,3.5,Silver,4
BMW102976,3 Series,2016,24709.43,Automatic,89333,Diesel,145,26.1,2.5,Blue,2
BMW102977,X3,2006,2559.94,Manual,222446,Petrol,30,55.4,1.5,Green,5
BMW102978,Z4,2012,16430.02,Automatic,158863,Petrol,145,,2,Blue,3
BMW102979,i3,2020,32559.21,Automatic,32487,Petrol,125,49.3,1.5,Blue,4
BMW102980,2 Series,2018,27669.58,Manual,63318,Petrol,30,27,2,White,4
BMW102981,X5,2015,46398.56,Semi-Auto,107679,Petrol,125,32.5,3,Blue,4
BMW102982,i3,2015,26219.27,Semi-Auto,,  Petrol  ,20,49,2.5,Red,5
BMW102983,5 Series,2008,17332.46,semi-auto,181488,Hybrid,125,15.4,3,Red,4
BMW102984,3 Series,2015,35406.78,  Semi-Auto  ,106936,Diesel,30,18.4,4.4,Red,3
BMW102985,5 Series,2015,27096.64,Automatic,106689,Diesel,125,37.4,3,Grey,5
BMW102986, 2 Series ,2011,10836.13,Automatic,169600,Diesel,145,37.5,1.5,Red,4
BMW102987,3 Series,2008,15115.27,Semi-Auto,182390,Petrol,20,40.2,3,Grey,5
BMW102988,7 Series,2015,49097.84,Automatic,102157,Petrol,145,47.9,3,Green,4
BMW102989,4 Series,2007,8517.67,Manual,193634,Petrol,30,42,2,Black,5
BMW102990,X3,2020,32539.85,Semi-Auto,53800,Petrol,145,28.7,2,Blue,4
BMW102991, 2 Series ,2023,39257.62,Manual,500,Diesel,235,34.9,1.5,Silver,4
BMW102992,3 Series,2006,7076.36,Automatic,214185,Petrol,,28.6,1.5,Grey,4
BMW102993,Z4,2023,42580.82,Semi-Auto,12804,Diesel,235,32.2,2.5,White,3
BMW102994,3 Series,2018,25343.01,Semi-Auto,66090,Diesel,125,32.3,2.5,Black,4
BMW102995,X5,2013,38155.23,Automatic,123538,Petrol,145,35.8,2,Blue,5
BMW102996,3 Series,2015,26555.29,Semi-Auto,101874,Diesel,145,43.6,,Green,4
BMW102997,X5,2016,43640.09,Automatic,102791,  Petrol  ,20,42.4,2,White,4
BMW102998,1 Series,2010,15037.65,Semi-Auto,174657,Diesel,205,30.8,2.5,Green,3
BMW102999,4 Series,2007,5585.7,Automatic,211384,  Petrol  ,145,38.6,2,White,5
BMW103000,X5,2015,41570.14,Automatic,105210,Petrol,150,25.5,2,,4
BMW103001,i8,2020,53146.77,Automatic,46315,Diesel,20,36.6,1.6,Grey,5
BMW103002,X1,2006,5035.99,Automatic,218938,Diesel,205,35.6,1.5,Blue,4
BMW103003,3 Series,2023,46359.37,Automatic,8798,Petrol,150,39.3,3,,5
BMW103004,X3,2019,36629.69,Semi-Auto,58820,Petrol,205,53.5,2,Blue,5
BMW103005,3 Series,2012,12901.55,Automatic,147508,Petrol,125,44.9,1.6,Black,4
BMW103006,5 Series,2023,40028.4,Automatic,14826,Diesel,145,29.4,1.6,Grey,4
BMW103007,1 Series,2016,23435.57,Automatic,101587,Diesel,30,40.7,1.5,Red,4
BMW103008,X5,2016,44038.12,Manual,98143,Petrol,145,43,2.5,Silver,3
BMW103009,4 Series,2008,6617.29,Automatic,205836,Diesel,145,36.1,2,Red,3
BMW103010,5 Series,2007,9839.37,Semi-Auto,201350,PETROL,125,,1.5,Green,3
BMW103011,X5,2022,70011.39,Automatic,18685,Diesel,20,42,3.5,Grey,3
BMW103012,X1,2020,34166.3,AUTOMATIC,51713,Diesel,145,26.5,2,Silver,4
BMW103013,2 Series,2009,13231.13,Automatic,178934,Diesel,145,42.1,1.6,Silver,4
BMW103014,X2,2009,11569.76,Semi-Auto,183524,Diesel,150,35,2.5,Silver,4
BMW103015,2 Series,2020,35857.76,Manual,30419,Diesel,205,59.1,2.5,Grey,2
BMW103016,5 Series,2016,27628.4,Manual,91877,Petrol,125,36.3,2,Grey,5
BMW103017,3 Series,2022,42481.23,Automatic,35210,Petrol,125,35.4,2.5,Green,4
BMW103018,5 Series,2022,38622.32,Semi-Auto,28577,DIESEL,150,22.5,2,Red,4
BMW103019, X5 ,2013,41460.57,Semi-Auto,137554,Petrol,145,44.7,2,Grey,5
BMW103020,X5,2011,27212.14,automatic,164658,Petrol,125,42.9,1.6,Black,5
BMW103021,8 Series,2009,25045.47,Manual,184597,DIESEL,125,40.1,2,Grey,3
BMW103022,X2,2015,24570.13,Semi-Auto,86758,Diesel,20,37.9,2.5,White,4
BMW103023,5 Series,2016,30453.31,Automatic,88139,Diesel,125,44.1,2,Black,5
BMW103024,5 Series,2008,8980.36,Manual,181881,diesel,150,44.5,1.5,Red,5
BMW103025,3 Series,2015,28586.06,Automatic,97591,Petrol,235,29.8,3,Silver,5
BMW103026,5 Series,2010,20869.72,Semi-Auto,166808,Petrol,125,27.3,3,White,3
BMW103027,X3,2005,9656.83,Automatic,233285,Petrol,20,37.6,2.5,Green,5
BMW103028,5 Series,2010,15710.81,Automatic,188376,Diesel,,34.8,2.5,Silver,4
BMW103029,X3,2014,26739.58,Semi-Auto,120033,Petrol,30,,3,Red,3
BMW103030,2 Series,2014,27198.82,Manual,131447,Diesel,0,28.4,2.5,Grey,5
BMW103031,4 Series,2012,12545.7,Automatic,138188,Petrol,145,33,1.5,Blue,5
BMW103032,M3,2019,52090.08,Automatic,50764,diesel,150,44.5,2,White,4
BMW103033,1 Series,2009,12322.04,Manual,179682,Hybrid,145,35.3,1.6,Grey,5
BMW103034,X1,2020,59190.58,Semi-Auto,56323,Electric,145,31.6,4.4,Grey,5
BMW103035,M3,2022,60230.04,AUTOMATIC,7282,Hybrid,205,36.9,2,Blue,3
BMW103036,5 Series,2005,10868.84,Automatic,224670,Petrol,145,37.6,3.5,Silver,4
BMW103037,X2,2016,28926.03,Manual,93218,Petrol,145,28.9,2.5,White,3
BMW103038,X2,2007,15124.75,Automatic,195292,Diesel,145,,4.4,Blue,4
BMW103039,2 Series,2015,25630.35,Manual,115126,Petrol,205,34.6,2,Silver,5
BMW103040,X4,2006,12625.28,Automatic,215296,DIESEL,125,31.7,3.5,Black,4
BMW103041,3 Series,2017,35666.75,Semi-Auto,93628,Diesel,30,23.4,3,,5
BMW103042,X3,2010,14912.22,Automatic,170528,Diesel,145,34.3,1.6,Silver,2
BMW103043,3 Series,2018,33206.55,Automatic,72924,Diesel,125,39.4,2.5,Green,5
BMW103044,i3,2016,38195.74,Manual,98962,Electric,145,37.5,1.5,Green,4
BMW103045,5 Series,2010,18544.42,Automatic,155786,Electric,125,50,2,Red,3
BMW103046,X5,2015,42037.12,  Semi-Auto  ,104279,Hybrid,145,34.5,2,Silver,3
BMW103047, 7 Series ,2010,27113.32,Manual,164759,PETROL,145,30.4,2,,5
BMW103048,3 Series,2022,37343.21,Automatic,20579,Petrol,125,48.2,2,,3
BMW103049,X3,2006,7051.45,Automatic,202187,Petrol,125,39.7,2.5,Red,4
BMW103050,3 Series,2009,16234.34,Automatic,174597,Diesel,145,,3.5,Red,4
BMW103051,2 Series,2022,41066.04,Automatic,36468,Diesel,30,32.8,3,Silver,4
BMW103052,5 Series,2017,30306.1,semi-auto,69013,Petrol,205,25.5,2,Green,4
BMW103053,4 Series,2016,34705.52,Automatic,85627,Petrol,150,31.1,4.4,Grey,5
BMW103054,1 Series,2011,13774.64,Automatic,138751,Petrol,20,41.7,1.6,White,4
BMW103055,X3,2006,4433.78,Semi-Auto,220243,Petrol,125,29.7,2.5,Silver,2
BMW103056,1 Series,2010,14383.48,Semi-Auto,152490,Diesel,150,,2,Black,4
BMW103057,4 Series,2018,29709.88,Automatic,75062,Diesel,150,37.4,2.5,White,5
BMW103058,X5,2016,48960.77,Automatic,104534,Petrol,125,32.2,,Grey,4
BMW103059,4 Series,2020,39672.47,Manual,42698,Petrol,20,37.8,2,White,5
